student,week,server_ts,event_type,question_id,level,isEscalation,msSinceCreated,visibleMs,visibleAtDelivery,msToReturn,reason,overlapRatio,editedLineDistance,msToResolution,msPresent,editsWhilePresent,fileName,msWithErrors,editsWhileErrors,diagnosticsSeen,diagnosticsAsked,exitCode,success,stage,triggerSurface,selectionLineCount,selectionCharCount,kind,code,retryAfterSeconds,from,to
S14,1,2030-03-05T07:07:33.110Z,level_reached,9a5dc38d-72ca-42a9-88c0-5f45f29ad988,2,1,6263,,,,,,,,,,,,,,,,,,,,,,,,,
S14,1,2030-03-05T07:07:38.504Z,level_reached,9a5dc38d-72ca-42a9-88c0-5f45f29ad988,3,1,11657,,,,,,,,,,,,,,,,,,,,,,,,,
S14,1,2030-03-05T07:07:50.988Z,post_feedback_edit,9a5dc38d-72ca-42a9-88c0-5f45f29ad988,,,,,,,,0.8,1,,,,,,,,,,,,,,,,,,,
S14,1,2030-03-05T07:07:54.133Z,returned_to_code,9a5dc38d-72ca-42a9-88c0-5f45f29ad988,3,,,,,15629,,,,,,,,,,,,,,,,,,,,,,
S14,1,2030-03-05T07:09:06.422Z,explanation_visibility,9a5dc38d-72ca-42a9-88c0-5f45f29ad988,,,,51891,1,,,,,,,,,,,,,,,,,,,,,,,
S02,1,2030-03-05T07:10:59.708Z,diagnostic_resolved,e88d54b2-877c-423e-ac72-0e7b1eaa06d0,,,,,,,,,,23028,37844,5,,,,,,,,,,,,,,,,
S02,1,2030-03-05T07:11:46.352Z,returned_to_code,e88d54b2-877c-423e-ac72-0e7b1eaa06d0,1,,,,,69672,,,,,,,,,,,,,,,,,,,,,,
S20,1,2030-03-05T07:13:01.507Z,level_reached,e5610f4b-79f0-4aef-81b7-29cb76d98dd8,2,1,10772,,,,,,,,,,,,,,,,,,,,,,,,,
S20,1,2030-03-05T07:13:45.062Z,level_reached,e5610f4b-79f0-4aef-81b7-29cb76d98dd8,3,1,54327,,,,,,,,,,,,,,,,,,,,,,,,,
S20,1,2030-03-05T07:13:50.591Z,diagnostic_resolved,e5610f4b-79f0-4aef-81b7-29cb76d98dd8,,,,,,,,,,59856,67330,6,,,,,,,,,,,,,,,,
S20,1,2030-03-05T07:13:55.475Z,returned_to_code,e5610f4b-79f0-4aef-81b7-29cb76d98dd8,3,,,,,10413,,,,,,,,,,,,,,,,,,,,,,
S17,1,2030-03-05T07:14:00.000Z,question_picker_abandoned,,,,,,,,,,,,,,,,,,,,,preset,selection_lightbulb,1,34,,,,,
S22,1,2030-03-05T07:14:38.641Z,diagnostic_resolved,70570f4b-5598-43bf-aafe-8c0c6c4adc01,,,,,,,,,,6304,17925,7,,,,,,,,,,,,,,,,
S22,1,2030-03-05T07:14:46.473Z,returned_to_code,70570f4b-5598-43bf-aafe-8c0c6c4adc01,1,,,,,14136,,,,,,,,,,,,,,,,,,,,,,
S20,1,2030-03-05T07:15:16.694Z,explanation_visibility,e5610f4b-79f0-4aef-81b7-29cb76d98dd8,,,,101018,1,,,,,,,,,,,,,,,,,,,,,,,
S05,1,2030-03-05T07:15:23.149Z,returned_to_code,e0ba376a-75f8-4071-9b64-2f6e496265f4,1,,,,,26970,,,,,,,,,,,,,,,,,,,,,,
S22,1,2030-03-05T07:15:46.783Z,explanation_visibility,70570f4b-5598-43bf-aafe-8c0c6c4adc01,,,,2501,1,,,,,,,,,,,,,,,,,,,,,,,
S02,1,2030-03-05T07:16:00.000Z,file_cleared,,,,,,,,,,,,,,lab1_input.py,1276623,12,2,2,,,,,,,,,,,
S02,1,2030-03-05T07:16:03.537Z,explanation_visibility,e88d54b2-877c-423e-ac72-0e7b1eaa06d0,,,,160967,1,,,,,,,,,,,,,,,,,,,,,,,
S05,1,2030-03-05T07:16:10.343Z,explanation_visibility,e0ba376a-75f8-4071-9b64-2f6e496265f4,,,,42633,1,,,,,,,,,,,,,,,,,,,,,,,
S15,1,2030-03-05T07:16:56.524Z,returned_to_code,993bc35a-018e-4522-9102-bae1eb227ff5,1,,,,,4386,,,,,,,,,,,,,,,,,,,,,,
S08,1,2030-03-05T07:17:00.000Z,file_cleared,,,,,,,,,,,,,,lab1_input.py,222664,19,4,2,,,,,,,,,,,
S05,1,2030-03-05T07:17:07.000Z,diagnostic_resolved,e0ba376a-75f8-4071-9b64-2f6e496265f4,,,,,,,,,,130821,142164,6,,,,,,,,,,,,,,,,
S15,1,2030-03-05T07:17:33.516Z,explanation_visibility,993bc35a-018e-4522-9102-bae1eb227ff5,,,,19774,1,,,,,,,,,,,,,,,,,,,,,,,
S19,1,2030-03-05T07:17:44.889Z,level_reached,f1e30d84-94e8-4e20-8d57-c7c276557cbc,2,1,33284,,,,,,,,,,,,,,,,,,,,,,,,,
S06,1,2030-03-05T07:17:56.929Z,returned_to_code,a9deeaba-6881-4bdb-ad7e-fad7a558cee4,1,,,,,29195,,,,,,,,,,,,,,,,,,,,,,
S19,1,2030-03-05T07:18:01.879Z,level_reached,f1e30d84-94e8-4e20-8d57-c7c276557cbc,3,1,50274,,,,,,,,,,,,,,,,,,,,,,,,,
S19,1,2030-03-05T07:18:10.524Z,request_failed,,,,,,,,,,,,,,,,,,,,,,,,,backend,provider_error,,,
S06,1,2030-03-05T07:18:21.558Z,diagnostic_resolved,a9deeaba-6881-4bdb-ad7e-fad7a558cee4,,,,,,,,,,53824,95965,3,,,,,,,,,,,,,,,,
S19,1,2030-03-05T07:18:26.070Z,explanation_visibility,f1e30d84-94e8-4e20-8d57-c7c276557cbc,,,,42864,1,,,,,,,,,,,,,,,,,,,,,,,
S19,1,2030-03-05T07:18:27.960Z,returned_to_code,f1e30d84-94e8-4e20-8d57-c7c276557cbc,3,,,,,26081,,,,,,,,,,,,,,,,,,,,,,
S19,1,2030-03-05T07:18:38.254Z,post_feedback_edit,f1e30d84-94e8-4e20-8d57-c7c276557cbc,,,,,,,,0.697,0,,,,,,,,,,,,,,,,,,,
S19,1,2030-03-05T07:18:52.118Z,diagnostic_resolved,f1e30d84-94e8-4e20-8d57-c7c276557cbc,,,,,,,,,,100513,221121,8,,,,,,,,,,,,,,,,
S06,1,2030-03-05T07:19:00.000Z,file_cleared,,,,,,,,,,,,,,lab1_input.py,1811961,15,3,1,,,,,,,,,,,
S07,1,2030-03-05T07:19:41.558Z,level_reached,97e18f7c-d224-4707-b1c9-1ad5283eda09,2,1,38232,,,,,,,,,,,,,,,,,,,,,,,,,
S07,1,2030-03-05T07:19:50.696Z,level_reached,97e18f7c-d224-4707-b1c9-1ad5283eda09,3,1,47370,,,,,,,,,,,,,,,,,,,,,,,,,
S07,1,2030-03-05T07:20:43.837Z,post_feedback_edit,97e18f7c-d224-4707-b1c9-1ad5283eda09,,,,,,,,0.365,0,,,,,,,,,,,,,,,,,,,
S06,1,2030-03-05T07:20:44.511Z,explanation_visibility,a9deeaba-6881-4bdb-ad7e-fad7a558cee4,,,,26575,1,,,,,,,,,,,,,,,,,,,,,,,
S16,1,2030-03-05T07:22:00.000Z,file_cleared,,,,,,,,,,,,,,lab1_input.py,348250,9,2,0,,,,,,,,,,,
S14,1,2030-03-05T07:22:06.289Z,level_reached,ec995a34-eade-400e-80b9-4b6fa4352de8,2,1,15222,,,,,,,,,,,,,,,,,,,,,,,,,
S22,1,2030-03-05T07:22:07.359Z,level_reached,995deef6-0fd7-49ea-97cb-612fe845987e,2,1,46164,,,,,,,,,,,,,,,,,,,,,,,,,
S13,1,2030-03-05T07:22:10.329Z,returned_to_code,86d50625-8f22-45f4-9e03-692c25ad9eda,1,,,,,14747,,,,,,,,,,,,,,,,,,,,,,
S22,1,2030-03-05T07:22:15.948Z,level_reached,995deef6-0fd7-49ea-97cb-612fe845987e,3,1,54753,,,,,,,,,,,,,,,,,,,,,,,,,
S14,1,2030-03-05T07:22:16.912Z,level_reached,ec995a34-eade-400e-80b9-4b6fa4352de8,3,1,25845,,,,,,,,,,,,,,,,,,,,,,,,,
S22,1,2030-03-05T07:22:22.870Z,returned_to_code,995deef6-0fd7-49ea-97cb-612fe845987e,3,,,,,6922,,,,,,,,,,,,,,,,,,,,,,
S11,1,2030-03-05T07:22:27.473Z,returned_to_code,11dcca84-7b94-4b9e-b211-80288a3894af,1,,,,,16086,,,,,,,,,,,,,,,,,,,,,,
S22,1,2030-03-05T07:22:51.526Z,post_feedback_edit,995deef6-0fd7-49ea-97cb-612fe845987e,,,,,,,,0.62,0,,,,,,,,,,,,,,,,,,,
S14,1,2030-03-05T07:23:01.221Z,returned_to_code,ec995a34-eade-400e-80b9-4b6fa4352de8,3,,,,,44309,,,,,,,,,,,,,,,,,,,,,,
S14,1,2030-03-05T07:23:40.576Z,level_reached,11f60060-9f78-40aa-a5c1-c57151510b7d,2,1,69738,,,,,,,,,,,,,,,,,,,,,,,,,
S22,1,2030-03-05T07:23:42.194Z,explanation_visibility,995deef6-0fd7-49ea-97cb-612fe845987e,,,,46294,1,,,,,,,,,,,,,,,,,,,,,,,
S14,1,2030-03-05T07:23:45.944Z,level_reached,11f60060-9f78-40aa-a5c1-c57151510b7d,3,1,75106,,,,,,,,,,,,,,,,,,,,,,,,,
S14,1,2030-03-05T07:23:49.413Z,returned_to_code,11f60060-9f78-40aa-a5c1-c57151510b7d,3,,,,,3469,,,,,,,,,,,,,,,,,,,,,,
S14,1,2030-03-05T07:23:55.828Z,explanation_visibility,ec995a34-eade-400e-80b9-4b6fa4352de8,,,,7769,0,,,,,,,,,,,,,,,,,,,,,,,
S13,1,2030-03-05T07:23:59.004Z,explanation_visibility,86d50625-8f22-45f4-9e03-692c25ad9eda,,,,95268,1,,,,,,,,,,,,,,,,,,,,,,,
S11,1,2030-03-05T07:24:08.015Z,diagnostic_resolved,11dcca84-7b94-4b9e-b211-80288a3894af,,,,,,,,,,116628,206443,4,,,,,,,,,,,,,,,,
S14,1,2030-03-05T07:24:16.780Z,post_feedback_edit,11f60060-9f78-40aa-a5c1-c57151510b7d,,,,,,,,0.556,0,,,,,,,,,,,,,,,,,,,
S14,1,2030-03-05T07:24:32.199Z,fix_undone,11f60060-9f78-40aa-a5c1-c57151510b7d,,,,,,,,,,,,,,,,,,,,,,,,,,,,
S14,1,2030-03-05T07:24:40.757Z,explanation_visibility,11f60060-9f78-40aa-a5c1-c57151510b7d,,,,23218,1,,,,,,,,,,,,,,,,,,,,,,,
S22,1,2030-03-05T07:24:48.691Z,diagnostic_resolved,995deef6-0fd7-49ea-97cb-612fe845987e,,,,,,,,,,207496,277593,7,,,,,,,,,,,,,,,,
S21,1,2030-03-05T07:25:03.676Z,level_reached,ce3453a6-0795-4e55-be79-b617b49c47b1,2,1,25027,,,,,,,,,,,,,,,,,,,,,,,,,
S21,1,2030-03-05T07:25:30.100Z,level_reached,ce3453a6-0795-4e55-be79-b617b49c47b1,3,1,51451,,,,,,,,,,,,,,,,,,,,,,,,,
S21,1,2030-03-05T07:25:33.254Z,explanation_visibility,ce3453a6-0795-4e55-be79-b617b49c47b1,,,,21422,0,,,,,,,,,,,,,,,,,,,,,,,
S21,1,2030-03-05T07:25:43.180Z,post_feedback_edit,ce3453a6-0795-4e55-be79-b617b49c47b1,,,,,,,,0.827,0,,,,,,,,,,,,,,,,,,,
S21,1,2030-03-05T07:25:50.139Z,returned_to_code,ce3453a6-0795-4e55-be79-b617b49c47b1,3,,,,,20039,,,,,,,,,,,,,,,,,,,,,,
S21,1,2030-03-05T07:26:23.752Z,diagnostic_resolved,ce3453a6-0795-4e55-be79-b617b49c47b1,,,,,,,,,,105103,221545,3,,,,,,,,,,,,,,,,
S06,1,2030-03-05T07:26:24.655Z,returned_to_code,189e4a68-15a0-40de-bd3d-ac62dff13385,1,,,,,29258,,,,,,,,,,,,,,,,,,,,,,
S02,1,2030-03-05T07:26:55.203Z,returned_to_code,5ddbe838-39ea-4f76-a510-2ae3a61f255c,1,,,,,9436,,,,,,,,,,,,,,,,,,,,,,
S09,1,2030-03-05T07:27:00.000Z,file_cleared,,,,,,,,,,,,,,lab1_input.py,1081511,10,2,1,,,,,,,,,,,
S12,1,2030-03-05T07:27:34.681Z,diagnostic_resolved,87beb75a-b7f2-48b4-83e6-c704cb2ad820,,,,,,,,,,7959,24203,2,,,,,,,,,,,,,,,,
S12,1,2030-03-05T07:27:45.000Z,level_reached,87beb75a-b7f2-48b4-83e6-c704cb2ad820,2,1,18278,,,,,,,,,,,,,,,,,,,,,,,,,
S09,1,2030-03-05T07:27:57.053Z,level_reached,86da47bb-475e-47a9-895b-6155cbd92ea3,2,1,44200,,,,,,,,,,,,,,,,,,,,,,,,,
S09,1,2030-03-05T07:27:58.318Z,explanation_visibility,86da47bb-475e-47a9-895b-6155cbd92ea3,,,,22557,1,,,,,,,,,,,,,,,,,,,,,,,
S20,1,2030-03-05T07:28:00.000Z,file_cleared,,,,,,,,,,,,,,lab1_input.py,945913,22,4,2,,,,,,,,,,,
S14,1,2030-03-05T07:28:00.000Z,file_cleared,,,,,,,,,,,,,,lab1_input.py,102191,17,2,1,,,,,,,,,,,
S09,1,2030-03-05T07:28:02.910Z,level_reached,86da47bb-475e-47a9-895b-6155cbd92ea3,3,1,50057,,,,,,,,,,,,,,,,,,,,,,,,,
S12,1,2030-03-05T07:28:11.508Z,returned_to_code,87beb75a-b7f2-48b4-83e6-c704cb2ad820,2,,,,,26508,,,,,,,,,,,,,,,,,,,,,,
S02,1,2030-03-05T07:28:15.602Z,explanation_visibility,5ddbe838-39ea-4f76-a510-2ae3a61f255c,,,,58812,1,,,,,,,,,,,,,,,,,,,,,,,
S09,1,2030-03-05T07:28:33.507Z,post_feedback_edit,86da47bb-475e-47a9-895b-6155cbd92ea3,,,,,,,,0.523,1,,,,,,,,,,,,,,,,,,,
S11,1,2030-03-05T07:28:34.946Z,explanation_visibility,11dcca84-7b94-4b9e-b211-80288a3894af,,,,36571,1,,,,,,,,,,,,,,,,,,,,,,,
S06,1,2030-03-05T07:28:37.032Z,explanation_visibility,189e4a68-15a0-40de-bd3d-ac62dff13385,,,,92690,1,,,,,,,,,,,,,,,,,,,,,,,
S09,1,2030-03-05T07:28:44.549Z,returned_to_code,86da47bb-475e-47a9-895b-6155cbd92ea3,3,,,,,41639,,,,,,,,,,,,,,,,,,,,,,
S04,1,2030-03-05T07:28:54.115Z,returned_to_code,4a3307ed-a73c-4c60-9bef-f59828684cf9,1,,,,,112108,,,,,,,,,,,,,,,,,,,,,,
S12,1,2030-03-05T07:29:05.602Z,explanation_visibility,87beb75a-b7f2-48b4-83e6-c704cb2ad820,,,,47299,0,,,,,,,,,,,,,,,,,,,,,,,
S14,1,2030-03-05T07:29:10.815Z,level_reached,ddf882d7-812f-4fde-bb8a-41b529244a74,2,1,6631,,,,,,,,,,,,,,,,,,,,,,,,,
S02,1,2030-03-05T07:29:18.173Z,diagnostic_resolved,5ddbe838-39ea-4f76-a510-2ae3a61f255c,,,,,,,,,,152406,167468,1,,,,,,,,,,,,,,,,
S14,1,2030-03-05T07:29:23.916Z,level_reached,ddf882d7-812f-4fde-bb8a-41b529244a74,3,1,19732,,,,,,,,,,,,,,,,,,,,,,,,,
S14,1,2030-03-05T07:29:28.527Z,diagnostic_resolved,ddf882d7-812f-4fde-bb8a-41b529244a74,,,,,,,,,,24343,102209,2,,,,,,,,,,,,,,,,
S14,1,2030-03-05T07:29:39.812Z,returned_to_code,ddf882d7-812f-4fde-bb8a-41b529244a74,3,,,,,15896,,,,,,,,,,,,,,,,,,,,,,
S07,1,2030-03-05T07:29:50.696Z,feedback_abandoned,97e18f7c-d224-4707-b1c9-1ad5283eda09,3,,,,,,timeout,,,,,,,,,,,,,,,,,,,,,
S14,1,2030-03-05T07:29:59.481Z,level_reached,babb6763-b7ea-4f0e-816c-62e8c34e1ff2,2,1,17067,,,,,,,,,,,,,,,,,,,,,,,,,
S11,1,2030-03-05T07:30:00.000Z,file_cleared,,,,,,,,,,,,,,lab1_input.py,398536,22,6,1,,,,,,,,,,,
S19,1,2030-03-05T07:30:28.602Z,level_reached,3ef3630f-c01c-47ef-b19b-870c87c03e09,2,1,113113,,,,,,,,,,,,,,,,,,,,,,,,,
S19,1,2030-03-05T07:30:32.709Z,level_reached,3ef3630f-c01c-47ef-b19b-870c87c03e09,3,1,117220,,,,,,,,,,,,,,,,,,,,,,,,,
S14,1,2030-03-05T07:30:34.695Z,level_reached,babb6763-b7ea-4f0e-816c-62e8c34e1ff2,3,1,52281,,,,,,,,,,,,,,,,,,,,,,,,,
S14,1,2030-03-05T07:30:39.415Z,post_feedback_edit,babb6763-b7ea-4f0e-816c-62e8c34e1ff2,,,,,,,,0.629,0,,,,,,,,,,,,,,,,,,,
S19,1,2030-03-05T07:30:47.690Z,post_feedback_edit,3ef3630f-c01c-47ef-b19b-870c87c03e09,,,,,,,,0.539,0,,,,,,,,,,,,,,,,,,,
S14,1,2030-03-05T07:30:49.133Z,post_feedback_edit,ddf882d7-812f-4fde-bb8a-41b529244a74,,,,,,,,0.938,1,,,,,,,,,,,,,,,,,,,
S23,1,2030-03-05T07:30:53.040Z,returned_to_code,def677b0-8a71-4fd4-b6c8-dda7dcc4ded0,1,,,,,17898,,,,,,,,,,,,,,,,,,,,,,
S14,1,2030-03-05T07:31:14.522Z,returned_to_code,babb6763-b7ea-4f0e-816c-62e8c34e1ff2,3,,,,,39827,,,,,,,,,,,,,,,,,,,,,,
S14,1,2030-03-05T07:31:32.211Z,diagnostic_resolved,babb6763-b7ea-4f0e-816c-62e8c34e1ff2,,,,,,,,,,109797,114248,4,,,,,,,,,,,,,,,,
S04,1,2030-03-05T07:31:42.565Z,level_reached,fd589327-8368-47ce-bee6-6b08188beb37,2,1,24581,,,,,,,,,,,,,,,,,,,,,,,,,
S07,1,2030-03-05T07:31:47.427Z,level_reached,bbf56c66-bbe9-42d4-8190-f0ee61a6ee3e,2,1,17686,,,,,,,,,,,,,,,,,,,,,,,,,
S07,1,2030-03-05T07:31:53.368Z,diagnostic_resolved,bbf56c66-bbe9-42d4-8190-f0ee61a6ee3e,,,,,,,,,,23627,75105,4,,,,,,,,,,,,,,,,
S04,1,2030-03-05T07:31:56.489Z,level_reached,fd589327-8368-47ce-bee6-6b08188beb37,3,1,38505,,,,,,,,,,,,,,,,,,,,,,,,,
S04,1,2030-03-05T07:32:06.672Z,post_feedback_edit,fd589327-8368-47ce-bee6-6b08188beb37,,,,,,,,0.371,0,,,,,,,,,,,,,,,,,,,
S04,1,2030-03-05T07:32:17.426Z,diagnostic_resolved,fd589327-8368-47ce-bee6-6b08188beb37,,,,,,,,,,59442,74331,5,,,,,,,,,,,,,,,,
S04,1,2030-03-05T07:32:23.632Z,returned_to_code,fd589327-8368-47ce-bee6-6b08188beb37,3,,,,,27143,,,,,,,,,,,,,,,,,,,,,,
S07,1,2030-03-05T07:32:27.848Z,level_reached,bbf56c66-bbe9-42d4-8190-f0ee61a6ee3e,3,1,58107,,,,,,,,,,,,,,,,,,,,,,,,,
S07,1,2030-03-05T07:32:35.647Z,returned_to_code,bbf56c66-bbe9-42d4-8190-f0ee61a6ee3e,3,,,,,7799,,,,,,,,,,,,,,,,,,,,,,
S23,1,2030-03-05T07:32:38.680Z,diagnostic_resolved,def677b0-8a71-4fd4-b6c8-dda7dcc4ded0,,,,,,,,,,123538,125038,4,,,,,,,,,,,,,,,,
S07,1,2030-03-05T07:32:49.060Z,post_feedback_edit,bbf56c66-bbe9-42d4-8190-f0ee61a6ee3e,,,,,,,,0.604,1,,,,,,,,,,,,,,,,,,,
S04,1,2030-03-05T07:32:58.418Z,diagnostic_resolved,4a3307ed-a73c-4c60-9bef-f59828684cf9,,,,,,,,,,356411,385541,4,,,,,,,,,,,,,,,,
S11,1,2030-03-05T07:33:15.665Z,returned_to_code,1334c431-b58d-4e5b-8176-f6bd9db79e7c,1,,,,,20896,,,,,,,,,,,,,,,,,,,,,,
S11,1,2030-03-05T07:33:34.173Z,diagnostic_resolved,1334c431-b58d-4e5b-8176-f6bd9db79e7c,,,,,,,,,,39404,52192,5,,,,,,,,,,,,,,,,
S23,1,2030-03-05T07:33:37.216Z,explanation_visibility,def677b0-8a71-4fd4-b6c8-dda7dcc4ded0,,,,69153,1,,,,,,,,,,,,,,,,,,,,,,,
S17,1,2030-03-05T07:33:39.187Z,returned_to_code,81c1b5d1-4ff3-4dd6-bfcf-a57f5f52df00,1,,,,,17940,,,,,,,,,,,,,,,,,,,,,,
S07,1,2030-03-05T07:33:47.849Z,explanation_visibility,bbf56c66-bbe9-42d4-8190-f0ee61a6ee3e,,,,40633,1,,,,,,,,,,,,,,,,,,,,,,,
S07,1,2030-03-05T07:33:54.352Z,fix_undone,bbf56c66-bbe9-42d4-8190-f0ee61a6ee3e,,,,,,,,,,,,,,,,,,,,,,,,,,,,
S10,1,2030-03-05T07:33:58.206Z,returned_to_code,db9537fd-446a-4583-b933-ab0aac3b27ca,1,,,,,10467,,,,,,,,,,,,,,,,,,,,,,
S03,1,2030-03-05T07:34:00.000Z,run_finished,,,,,,,,,,,,,,,,,,,1,0,,,,,,,,,
S01,1,2030-03-05T07:34:10.894Z,returned_to_code,e7e8e0a2-dac1-47b6-a4d4-d778ea95234c,1,,,,,14579,,,,,,,,,,,,,,,,,,,,,,
S17,1,2030-03-05T07:34:20.244Z,explanation_visibility,81c1b5d1-4ff3-4dd6-bfcf-a57f5f52df00,,,,16840,0,,,,,,,,,,,,,,,,,,,,,,,
S19,1,2030-03-05T07:34:21.145Z,explanation_visibility,3ef3630f-c01c-47ef-b19b-870c87c03e09,,,,21561,0,,,,,,,,,,,,,,,,,,,,,,,
S11,1,2030-03-05T07:34:42.029Z,explanation_visibility,1334c431-b58d-4e5b-8176-f6bd9db79e7c,,,,31054,1,,,,,,,,,,,,,,,,,,,,,,,
S25,1,2030-03-05T07:34:48.511Z,returned_to_code,9cec4c5d-3537-4c59-9d06-8cdfcea912a3,1,,,,,34734,,,,,,,,,,,,,,,,,,,,,,
S10,1,2030-03-05T07:34:59.804Z,diagnostic_resolved,db9537fd-446a-4583-b933-ab0aac3b27ca,,,,,,,,,,72065,81130,3,,,,,,,,,,,,,,,,
S20,1,2030-03-05T07:35:06.568Z,returned_to_code,6ad6166e-6d83-4611-84df-954621175a27,1,,,,,49874,,,,,,,,,,,,,,,,,,,,,,
S25,1,2030-03-05T07:35:25.894Z,diagnostic_resolved,9cec4c5d-3537-4c59-9d06-8cdfcea912a3,,,,,,,,,,72117,137163,6,,,,,,,,,,,,,,,,
S01,1,2030-03-05T07:35:33.883Z,explanation_visibility,e7e8e0a2-dac1-47b6-a4d4-d778ea95234c,,,,36214,1,,,,,,,,,,,,,,,,,,,,,,,
S20,1,2030-03-05T07:35:43.096Z,explanation_visibility,6ad6166e-6d83-4611-84df-954621175a27,,,,62469,1,,,,,,,,,,,,,,,,,,,,,,,
S14,1,2030-03-05T07:35:47.133Z,level_reached,ff0b9d0e-227c-46c7-b0ae-ca6a263a2dcf,2,1,32348,,,,,,,,,,,,,,,,,,,,,,,,,
S15,1,2030-03-05T07:36:00.000Z,file_cleared,,,,,,,,,,,,,,lab1_input.py,513343,20,4,0,,,,,,,,,,,
S15,1,2030-03-05T07:36:00.085Z,level_reached,5edc2dba-30d4-4c8d-a590-b6c866e191f3,2,1,5775,,,,,,,,,,,,,,,,,,,,,,,,,
S14,1,2030-03-05T07:36:00.928Z,explanation_visibility,04d416a1-08c3-45a1-8f3d-a9b5fdb4cf91,,,,35957,1,,,,,,,,,,,,,,,,,,,,,,,
S25,1,2030-03-05T07:36:02.621Z,explanation_visibility,9cec4c5d-3537-4c59-9d06-8cdfcea912a3,,,,48551,1,,,,,,,,,,,,,,,,,,,,,,,
S14,1,2030-03-05T07:36:03.803Z,diagnostic_resolved,ff0b9d0e-227c-46c7-b0ae-ca6a263a2dcf,,,,,,,,,,49018,67017,1,,,,,,,,,,,,,,,,
S20,1,2030-03-05T07:36:07.691Z,returned_to_code,573358ac-c613-4607-b779-5c99fc8dd4a0,1,,,,,23626,,,,,,,,,,,,,,,,,,,,,,
S15,1,2030-03-05T07:36:16.837Z,level_reached,5edc2dba-30d4-4c8d-a590-b6c866e191f3,3,1,22527,,,,,,,,,,,,,,,,,,,,,,,,,
S10,1,2030-03-05T07:36:19.309Z,explanation_visibility,db9537fd-446a-4583-b933-ab0aac3b27ca,,,,135495,1,,,,,,,,,,,,,,,,,,,,,,,
S15,1,2030-03-05T07:36:21.788Z,returned_to_code,5edc2dba-30d4-4c8d-a590-b6c866e191f3,3,,,,,4951,,,,,,,,,,,,,,,,,,,,,,
S08,1,2030-03-05T07:36:28.046Z,level_reached,b29174da-c4d4-4cb6-9c0c-7d05e8611cca,2,1,15321,,,,,,,,,,,,,,,,,,,,,,,,,
S14,1,2030-03-05T07:36:29.125Z,explanation_visibility,babb6763-b7ea-4f0e-816c-62e8c34e1ff2,,,,339383,1,,,,,,,,,,,,,,,,,,,,,,,
S14,1,2030-03-05T07:36:32.912Z,level_reached,04d416a1-08c3-45a1-8f3d-a9b5fdb4cf91,2,1,85925,,,,,,,,,,,,,,,,,,,,,,,,,
S14,1,2030-03-05T07:36:34.567Z,diagnostic_resolved,04d416a1-08c3-45a1-8f3d-a9b5fdb4cf91,,,,,,,,,,87580,95656,5,,,,,,,,,,,,,,,,
S15,1,2030-03-05T07:36:41.626Z,post_feedback_edit,5edc2dba-30d4-4c8d-a590-b6c866e191f3,,,,,,,,0.424,0,,,,,,,,,,,,,,,,,,,
S08,1,2030-03-05T07:36:48.535Z,returned_to_code,b29174da-c4d4-4cb6-9c0c-7d05e8611cca,2,,,,,20489,,,,,,,,,,,,,,,,,,,,,,
S14,1,2030-03-05T07:36:55.467Z,level_reached,04d416a1-08c3-45a1-8f3d-a9b5fdb4cf91,3,1,108480,,,,,,,,,,,,,,,,,,,,,,,,,
S21,1,2030-03-05T07:37:00.000Z,file_cleared,,,,,,,,,,,,,,lab1_input.py,782557,10,2,1,,,,,,,,,,,
S04,1,2030-03-05T07:37:00.244Z,explanation_visibility,fd589327-8368-47ce-bee6-6b08188beb37,,,,305700,1,,,,,,,,,,,,,,,,,,,,,,,
S23,1,2030-03-05T07:37:02.107Z,level_reached,5e43663f-5fee-42d4-9858-03a8b69e7753,2,1,22765,,,,,,,,,,,,,,,,,,,,,,,,,
S15,1,2030-03-05T07:37:02.444Z,diagnostic_resolved,5edc2dba-30d4-4c8d-a590-b6c866e191f3,,,,,,,,,,68134,78368,2,,,,,,,,,,,,,,,,
S23,1,2030-03-05T07:37:06.813Z,level_reached,5e43663f-5fee-42d4-9858-03a8b69e7753,3,1,27471,,,,,,,,,,,,,,,,,,,,,,,,,
S14,1,2030-03-05T07:37:25.406Z,returned_to_code,04d416a1-08c3-45a1-8f3d-a9b5fdb4cf91,3,,,,,29939,,,,,,,,,,,,,,,,,,,,,,
S15,1,2030-03-05T07:37:30.121Z,explanation_visibility,5edc2dba-30d4-4c8d-a590-b6c866e191f3,,,,56855,1,,,,,,,,,,,,,,,,,,,,,,,
S14,1,2030-03-05T07:37:31.326Z,level_reached,ff0b9d0e-227c-46c7-b0ae-ca6a263a2dcf,3,1,136541,,,,,,,,,,,,,,,,,,,,,,,,,
S23,1,2030-03-05T07:37:44.480Z,returned_to_code,5e43663f-5fee-42d4-9858-03a8b69e7753,3,,,,,37667,,,,,,,,,,,,,,,,,,,,,,
S23,1,2030-03-05T07:37:59.809Z,explanation_visibility,5e43663f-5fee-42d4-9858-03a8b69e7753,,,,56466,0,,,,,,,,,,,,,,,,,,,,,,,
S25,1,2030-03-05T07:38:00.000Z,file_cleared,,,,,,,,,,,,,,lab1_input.py,164203,17,3,0,,,,,,,,,,,
S10,1,2030-03-05T07:38:00.000Z,run_finished,,,,,,,,,,,,,,,,,,,0,1,,,,,,,,,
S20,1,2030-03-05T07:38:05.720Z,diagnostic_resolved,6ad6166e-6d83-4611-84df-954621175a27,,,,,,,,,,229026,238223,3,,,,,,,,,,,,,,,,
S06,1,2030-03-05T07:38:19.297Z,level_reached,a0346f73-c0ac-4ea4-954a-6701df9b606d,2,1,12815,,,,,,,,,,,,,,,,,,,,,,,,,
S08,1,2030-03-05T07:38:28.234Z,explanation_visibility,b29174da-c4d4-4cb6-9c0c-7d05e8611cca,,,,65472,1,,,,,,,,,,,,,,,,,,,,,,,
S06,1,2030-03-05T07:38:29.790Z,level_reached,a0346f73-c0ac-4ea4-954a-6701df9b606d,3,1,23308,,,,,,,,,,,,,,,,,,,,,,,,,
S06,1,2030-03-05T07:38:33.109Z,diagnostic_resolved,a0346f73-c0ac-4ea4-954a-6701df9b606d,,,,,,,,,,26627,56860,1,,,,,,,,,,,,,,,,
S06,1,2030-03-05T07:38:37.230Z,returned_to_code,a0346f73-c0ac-4ea4-954a-6701df9b606d,3,,,,,7440,,,,,,,,,,,,,,,,,,,,,,
S14,1,2030-03-05T07:38:43.672Z,post_feedback_edit,04d416a1-08c3-45a1-8f3d-a9b5fdb4cf91,,,,,,,,0.8,0,,,,,,,,,,,,,,,,,,,
S22,1,2030-03-05T07:38:55.704Z,returned_to_code,86e63690-1440-43da-8827-796f9e48e865,1,,,,,6632,,,,,,,,,,,,,,,,,,,,,,
S06,1,2030-03-05T07:39:02.707Z,post_feedback_edit,a0346f73-c0ac-4ea4-954a-6701df9b606d,,,,,,,,0.679,0,,,,,,,,,,,,,,,,,,,
S22,1,2030-03-05T07:39:11.149Z,level_reached,5ed87b17-6dc9-48a3-b565-c30f24972dc9,2,1,18226,,,,,,,,,,,,,,,,,,,,,,,,,
S14,1,2030-03-05T07:39:16.673Z,fix_undone,04d416a1-08c3-45a1-8f3d-a9b5fdb4cf91,,,,,,,,,,,,,,,,,,,,,,,,,,,,
S22,1,2030-03-05T07:39:21.088Z,level_reached,5ed87b17-6dc9-48a3-b565-c30f24972dc9,3,1,28165,,,,,,,,,,,,,,,,,,,,,,,,,
S22,1,2030-03-05T07:39:21.560Z,explanation_copied,86e63690-1440-43da-8827-796f9e48e865,L0,,,,,,,,,,,,,,,,,,,,,,,,,,,
S23,1,2030-03-05T07:39:24.884Z,returned_to_code,953f7ed1-1296-4cf9-ade6-20617a4dc53c,1,,,,,42815,,,,,,,,,,,,,,,,,,,,,,
S22,1,2030-03-05T07:39:35.467Z,post_feedback_edit,5ed87b17-6dc9-48a3-b565-c30f24972dc9,,,,,,,,0.751,0,,,,,,,,,,,,,,,,,,,
S22,1,2030-03-05T07:39:38.517Z,explanation_visibility,86e63690-1440-43da-8827-796f9e48e865,,,,13244,1,,,,,,,,,,,,,,,,,,,,,,,
S22,1,2030-03-05T07:39:42.887Z,returned_to_code,5ed87b17-6dc9-48a3-b565-c30f24972dc9,3,,,,,21799,,,,,,,,,,,,,,,,,,,,,,
S14,1,2030-03-05T07:39:57.613Z,explanation_visibility,ff0b9d0e-227c-46c7-b0ae-ca6a263a2dcf,,,,49004,1,,,,,,,,,,,,,,,,,,,,,,,
S14,1,2030-03-05T07:40:12.646Z,level_reached,6b49e526-d373-4a69-b462-4ae617af3aa1,2,1,2116,,,,,,,,,,,,,,,,,,,,,,,,,
S17,1,2030-03-05T07:40:20.221Z,returned_to_code,a7f20e8b-9c65-4a65-9608-bbfcc68a2720,1,,,,,3523,,,,,,,,,,,,,,,,,,,,,,
S22,1,2030-03-05T07:40:30.565Z,diagnostic_resolved,86e63690-1440-43da-8827-796f9e48e865,,,,,,,,,,101493,173715,2,,,,,,,,,,,,,,,,
S09,1,2030-03-05T07:40:31.025Z,returned_to_code,1a3b8bcc-90ba-450a-9e62-2a6a31c75029,1,,,,,9942,,,,,,,,,,,,,,,,,,,,,,
S06,1,2030-03-05T07:40:31.669Z,explanation_copied,a0346f73-c0ac-4ea4-954a-6701df9b606d,L3,,,,,,,,,,,,,,,,,,,,,,,,,,,
S23,1,2030-03-05T07:40:31.692Z,diagnostic_resolved,953f7ed1-1296-4cf9-ade6-20617a4dc53c,,,,,,,,,,109623,143049,0,,,,,,,,,,,,,,,,
S19,1,2030-03-05T07:40:32.709Z,feedback_abandoned,3ef3630f-c01c-47ef-b19b-870c87c03e09,3,,,,,,timeout,,,,,,,,,,,,,,,,,,,,,
S14,1,2030-03-05T07:40:33.939Z,level_reached,6b49e526-d373-4a69-b462-4ae617af3aa1,3,1,23409,,,,,,,,,,,,,,,,,,,,,,,,,
S23,1,2030-03-05T07:40:53.808Z,explanation_visibility,953f7ed1-1296-4cf9-ade6-20617a4dc53c,,,,69767,1,,,,,,,,,,,,,,,,,,,,,,,
S17,1,2030-03-05T07:40:56.640Z,explanation_visibility,a7f20e8b-9c65-4a65-9608-bbfcc68a2720,,,,13936,1,,,,,,,,,,,,,,,,,,,,,,,
S14,1,2030-03-05T07:41:01.568Z,post_feedback_edit,6b49e526-d373-4a69-b462-4ae617af3aa1,,,,,,,,0.948,1,,,,,,,,,,,,,,,,,,,
S14,1,2030-03-05T07:41:30.516Z,fix_undone,6b49e526-d373-4a69-b462-4ae617af3aa1,,,,,,,,,,,,,,,,,,,,,,,,,,,,
S06,1,2030-03-05T07:41:53.661Z,explanation_visibility,a0346f73-c0ac-4ea4-954a-6701df9b606d,,,,31197,1,,,,,,,,,,,,,,,,,,,,,,,
S22,1,2030-03-05T07:42:00.000Z,file_cleared,,,,,,,,,,,,,,lab1_input.py,291358,16,4,3,,,,,,,,,,,
S09,1,2030-03-05T07:42:06.696Z,explanation_visibility,1a3b8bcc-90ba-450a-9e62-2a6a31c75029,,,,72322,1,,,,,,,,,,,,,,,,,,,,,,,
S22,1,2030-03-05T07:42:08.589Z,explanation_visibility,5ed87b17-6dc9-48a3-b565-c30f24972dc9,,,,119668,1,,,,,,,,,,,,,,,,,,,,,,,
S08,1,2030-03-05T07:42:08.895Z,diagnostic_resolved,b29174da-c4d4-4cb6-9c0c-7d05e8611cca,,,,,,,,,,356170,403597,15,,,,,,,,,,,,,,,,
S09,1,2030-03-05T07:42:48.323Z,diagnostic_resolved,1a3b8bcc-90ba-450a-9e62-2a6a31c75029,,,,,,,,,,147240,156964,5,,,,,,,,,,,,,,,,
S20,1,2030-03-05T07:43:05.005Z,explanation_visibility,573358ac-c613-4607-b779-5c99fc8dd4a0,,,,158867,1,,,,,,,,,,,,,,,,,,,,,,,
S02,1,2030-03-05T07:43:47.255Z,returned_to_code,dc732c18-bb71-4d86-9d65-29ba25913959,1,,,,,33627,,,,,,,,,,,,,,,,,,,,,,
S21,1,2030-03-05T07:44:17.235Z,returned_to_code,65d6f626-0067-48a1-9d55-46f38d8f4385,1,,,,,7250,,,,,,,,,,,,,,,,,,,,,,
S22,1,2030-03-05T07:44:59.573Z,returned_to_code,c827c49c-5e8d-419f-b55a-4355a18fc521,1,,,,,15412,,,,,,,,,,,,,,,,,,,,,,
S02,1,2030-03-05T07:45:01.381Z,explanation_visibility,dc732c18-bb71-4d86-9d65-29ba25913959,,,,67196,1,,,,,,,,,,,,,,,,,,,,,,,
S21,1,2030-03-05T07:45:48.128Z,explanation_visibility,65d6f626-0067-48a1-9d55-46f38d8f4385,,,,47828,1,,,,,,,,,,,,,,,,,,,,,,,
S22,1,2030-03-05T07:45:52.405Z,explanation_visibility,c827c49c-5e8d-419f-b55a-4355a18fc521,,,,34965,1,,,,,,,,,,,,,,,,,,,,,,,
S18,1,2030-03-05T07:46:25.777Z,diagnostic_resolved,2fd06662-aff5-471a-8bfb-da146a51a9a0,,,,,,,,,,14741,102515,3,,,,,,,,,,,,,,,,
S22,1,2030-03-05T07:46:25.861Z,returned_to_code,f2bdfd8f-b0e3-48c5-a4e8-5a8b427cb2b2,1,,,,,24377,,,,,,,,,,,,,,,,,,,,,,
S21,1,2030-03-05T07:46:32.032Z,diagnostic_resolved,65d6f626-0067-48a1-9d55-46f38d8f4385,,,,,,,,,,142047,163646,1,,,,,,,,,,,,,,,,
S02,1,2030-03-05T07:46:34.665Z,diagnostic_resolved,dc732c18-bb71-4d86-9d65-29ba25913959,,,,,,,,,,201037,221887,5,,,,,,,,,,,,,,,,
S04,1,2030-03-05T07:47:00.000Z,file_cleared,,,,,,,,,,,,,,lab1_input.py,224799,22,4,3,,,,,,,,,,,
S01,1,2030-03-05T07:47:00.000Z,file_cleared,,,,,,,,,,,,,,lab1_input.py,395943,3,2,0,,,,,,,,,,,
S19,1,2030-03-05T07:47:00.000Z,file_cleared,,,,,,,,,,,,,,lab1_input.py,798972,9,1,0,,,,,,,,,,,
S22,1,2030-03-05T07:47:27.723Z,explanation_visibility,f2bdfd8f-b0e3-48c5-a4e8-5a8b427cb2b2,,,,49147,1,,,,,,,,,,,,,,,,,,,,,,,
S23,1,2030-03-05T07:47:28.731Z,returned_to_code,a047f132-e3f0-4325-a883-8e95c597bd42,1,,,,,14744,,,,,,,,,,,,,,,,,,,,,,
S14,1,2030-03-05T07:47:31.326Z,feedback_abandoned,ff0b9d0e-227c-46c7-b0ae-ca6a263a2dcf,3,,,,,,timeout,,,,,,,,,,,,,,,,,,,,,
S12,1,2030-03-05T07:48:00.000Z,file_cleared,,,,,,,,,,,,,,lab1_input.py,1182341,11,3,1,,,,,,,,,,,
S02,1,2030-03-05T07:48:00.000Z,run_finished,,,,,,,,,,,,,,,,,,,0,1,,,,,,,,,
S18,1,2030-03-05T07:48:03.693Z,explanation_visibility,2fd06662-aff5-471a-8bfb-da146a51a9a0,,,,45557,1,,,,,,,,,,,,,,,,,,,,,,,
S05,1,2030-03-05T07:48:05.077Z,level_reached,f459c411-f19b-4450-9c28-89be4f97b008,2,1,33603,,,,,,,,,,,,,,,,,,,,,,,,,
S05,1,2030-03-05T07:48:14.012Z,level_reached,f459c411-f19b-4450-9c28-89be4f97b008,3,1,42538,,,,,,,,,,,,,,,,,,,,,,,,,
S05,1,2030-03-05T07:48:41.191Z,returned_to_code,f459c411-f19b-4450-9c28-89be4f97b008,3,,,,,27179,,,,,,,,,,,,,,,,,,,,,,
S05,1,2030-03-05T07:48:44.552Z,post_feedback_edit,f459c411-f19b-4450-9c28-89be4f97b008,,,,,,,,0.437,0,,,,,,,,,,,,,,,,,,,
S21,1,2030-03-05T07:49:17.143Z,returned_to_code,1dcb3198-f630-4b9d-91b4-e792512fdc26,1,,,,,9664,,,,,,,,,,,,,,,,,,,,,,
S23,1,2030-03-05T07:49:36.442Z,explanation_visibility,a047f132-e3f0-4325-a883-8e95c597bd42,,,,24577,1,,,,,,,,,,,,,,,,,,,,,,,
S07,1,2030-03-05T07:49:48.224Z,returned_to_code,a2ab3453-5d1d-4473-a8dc-9db730ec2a15,1,,,,,14131,,,,,,,,,,,,,,,,,,,,,,
S05,1,2030-03-05T07:49:51.574Z,fix_undone,f459c411-f19b-4450-9c28-89be4f97b008,,,,,,,,,,,,,,,,,,,,,,,,,,,,
S20,1,2030-03-05T07:50:00.000Z,file_cleared,,,,,,,,,,,,,,lab1_input.py,50618,17,2,1,,,,,,,,,,,
S07,1,2030-03-05T07:50:00.000Z,file_cleared,,,,,,,,,,,,,,lab1_input.py,664111,24,5,0,,,,,,,,,,,
S09,1,2030-03-05T07:50:23.102Z,returned_to_code,cfafd73b-e532-4abd-9099-a5b85396b3b9,1,,,,,57917,,,,,,,,,,,,,,,,,,,,,,
S09,1,2030-03-05T07:50:23.883Z,diagnostic_resolved,cfafd73b-e532-4abd-9099-a5b85396b3b9,,,,,,,,,,58698,138564,6,,,,,,,,,,,,,,,,
S14,1,2030-03-05T07:50:33.939Z,feedback_abandoned,6b49e526-d373-4a69-b462-4ae617af3aa1,3,,,,,,timeout,,,,,,,,,,,,,,,,,,,,,
S14,1,2030-03-05T07:50:44.725Z,returned_to_code,8da666c6-fc0b-4431-91e0-67e27e8fee32,1,,,,,7240,,,,,,,,,,,,,,,,,,,,,,
S07,1,2030-03-05T07:50:48.646Z,diagnostic_resolved,a2ab3453-5d1d-4473-a8dc-9db730ec2a15,,,,,,,,,,74553,121939,4,,,,,,,,,,,,,,,,
S21,1,2030-03-05T07:51:07.703Z,diagnostic_resolved,1dcb3198-f630-4b9d-91b4-e792512fdc26,,,,,,,,,,120224,141520,2,,,,,,,,,,,,,,,,
S15,1,2030-03-05T07:51:19.993Z,level_reached,961697b0-2150-4280-a7a6-026852e343fb,2,1,42818,,,,,,,,,,,,,,,,,,,,,,,,,
S15,1,2030-03-05T07:51:22.843Z,returned_to_code,961697b0-2150-4280-a7a6-026852e343fb,2,,,,,2850,,,,,,,,,,,,,,,,,,,,,,
S19,1,2030-03-05T07:52:00.000Z,file_cleared,,,,,,,,,,,,,,lab1_input.py,422906,13,2,0,,,,,,,,,,,
S05,1,2030-03-05T07:52:06.615Z,explanation_visibility,f459c411-f19b-4450-9c28-89be4f97b008,,,,239449,1,,,,,,,,,,,,,,,,,,,,,,,
S07,1,2030-03-05T07:52:21.929Z,level_reached,b1166389-f37f-49e3-b10d-1cc5b35f6899,2,1,34756,,,,,,,,,,,,,,,,,,,,,,,,,
S07,1,2030-03-05T07:52:31.147Z,level_reached,b1166389-f37f-49e3-b10d-1cc5b35f6899,3,1,43974,,,,,,,,,,,,,,,,,,,,,,,,,
S07,1,2030-03-05T07:52:36.153Z,returned_to_code,b1166389-f37f-49e3-b10d-1cc5b35f6899,3,,,,,5006,,,,,,,,,,,,,,,,,,,,,,
S07,1,2030-03-05T07:52:59.662Z,post_feedback_edit,b1166389-f37f-49e3-b10d-1cc5b35f6899,,,,,,,,0.351,1,,,,,,,,,,,,,,,,,,,
S19,1,2030-03-05T07:53:00.000Z,file_cleared,,,,,,,,,,,,,,lab1_input.py,1148370,19,3,2,,,,,,,,,,,
S07,1,2030-03-05T07:53:00.000Z,question_picker_abandoned,,,,,,,,,,,,,,,,,,,,,free_text,selection_codelens,14,364,,,,,
S10,1,2030-03-05T07:53:00.000Z,run_finished,,,,,,,,,,,,,,,,,,,1,0,,,,,,,,,
S14,1,2030-03-05T07:53:00.566Z,diagnostic_resolved,8da666c6-fc0b-4431-91e0-67e27e8fee32,,,,,,,,,,143081,162076,3,,,,,,,,,,,,,,,,
S10,1,2030-03-05T07:53:09.087Z,level_reached,5576463f-4ed5-473c-9c78-1644754c2f6e,2,1,14122,,,,,,,,,,,,,,,,,,,,,,,,,
S08,1,2030-03-05T07:53:26.762Z,level_reached,9b9bed1f-6e59-40f4-b285-816a87dce182,2,1,3761,,,,,,,,,,,,,,,,,,,,,,,,,
S21,1,2030-03-05T07:53:38.649Z,returned_to_code,bab645b5-ada3-4fba-b21a-f331bad5a46d,1,,,,,4012,,,,,,,,,,,,,,,,,,,,,,
S15,1,2030-03-05T07:53:39.465Z,explanation_visibility,961697b0-2150-4280-a7a6-026852e343fb,,,,64067,1,,,,,,,,,,,,,,,,,,,,,,,
S10,1,2030-03-05T07:53:43.663Z,diagnostic_resolved,5576463f-4ed5-473c-9c78-1644754c2f6e,,,,,,,,,,48698,52309,5,,,,,,,,,,,,,,,,
S08,1,2030-03-05T07:53:58.735Z,explanation_visibility,9b9bed1f-6e59-40f4-b285-816a87dce182,,,,26701,1,,,,,,,,,,,,,,,,,,,,,,,
S07,1,2030-03-05T07:53:58.978Z,explanation_visibility,a2ab3453-5d1d-4473-a8dc-9db730ec2a15,,,,199189,0,,,,,,,,,,,,,,,,,,,,,,,
S10,1,2030-03-05T07:54:00.635Z,level_reached,5576463f-4ed5-473c-9c78-1644754c2f6e,3,1,65670,,,,,,,,,,,,,,,,,,,,,,,,,
S10,1,2030-03-05T07:54:12.846Z,post_feedback_edit,5576463f-4ed5-473c-9c78-1644754c2f6e,,,,,,,,0.476,0,,,,,,,,,,,,,,,,,,,
S08,1,2030-03-05T07:54:13.347Z,level_reached,9b9bed1f-6e59-40f4-b285-816a87dce182,3,1,50346,,,,,,,,,,,,,,,,,,,,,,,,,
S08,1,2030-03-05T07:54:20.483Z,diagnostic_resolved,9b9bed1f-6e59-40f4-b285-816a87dce182,,,,,,,,,,57482,221528,10,,,,,,,,,,,,,,,,
S10,1,2030-03-05T07:54:24.351Z,returned_to_code,5576463f-4ed5-473c-9c78-1644754c2f6e,3,,,,,23716,,,,,,,,,,,,,,,,,,,,,,
S08,1,2030-03-05T07:54:25.770Z,post_feedback_edit,9b9bed1f-6e59-40f4-b285-816a87dce182,,,,,,,,0.715,1,,,,,,,,,,,,,,,,,,,
S09,1,2030-03-05T07:54:26.727Z,explanation_visibility,cfafd73b-e532-4abd-9099-a5b85396b3b9,,,,229607,1,,,,,,,,,,,,,,,,,,,,,,,
S05,1,2030-03-05T07:54:58.311Z,diagnostic_resolved,f459c411-f19b-4450-9c28-89be4f97b008,,,,,,,,,,446837,544983,7,,,,,,,,,,,,,,,,
S17,1,2030-03-05T07:55:00.000Z,file_cleared,,,,,,,,,,,,,,lab1_input.py,729303,21,5,0,,,,,,,,,,,
S08,1,2030-03-05T07:55:03.603Z,returned_to_code,ca74a873-f4f8-44b1-bf17-95d1056d5971,1,,,,,5694,,,,,,,,,,,,,,,,,,,,,,
S08,1,2030-03-05T07:55:04.822Z,level_reached,e4c7a73a-d6e9-4dba-a682-db8ca07b605d,2,1,7502,,,,,,,,,,,,,,,,,,,,,,,,,
S08,1,2030-03-05T07:55:30.815Z,level_reached,e4c7a73a-d6e9-4dba-a682-db8ca07b605d,3,1,33495,,,,,,,,,,,,,,,,,,,,,,,,,
S07,1,2030-03-05T07:55:38.791Z,explanation_visibility,b1166389-f37f-49e3-b10d-1cc5b35f6899,,,,102954,1,,,,,,,,,,,,,,,,,,,,,,,
S14,1,2030-03-05T07:55:39.313Z,explanation_visibility,8da666c6-fc0b-4431-91e0-67e27e8fee32,,,,219431,1,,,,,,,,,,,,,,,,,,,,,,,
S08,1,2030-03-05T07:55:47.999Z,post_feedback_edit,e4c7a73a-d6e9-4dba-a682-db8ca07b605d,,,,,,,,0.551,0,,,,,,,,,,,,,,,,,,,
S08,1,2030-03-05T07:55:49.035Z,returned_to_code,e4c7a73a-d6e9-4dba-a682-db8ca07b605d,3,,,,,18220,,,,,,,,,,,,,,,,,,,,,,
S16,1,2030-03-05T07:56:00.000Z,file_cleared,,,,,,,,,,,,,,lab1_input.py,155041,16,2,0,,,,,,,,,,,
S06,1,2030-03-05T07:56:00.000Z,file_cleared,,,,,,,,,,,,,,lab1_input.py,1345229,14,3,3,,,,,,,,,,,
S21,1,2030-03-05T07:56:02.119Z,explanation_visibility,bab645b5-ada3-4fba-b21a-f331bad5a46d,,,,85039,0,,,,,,,,,,,,,,,,,,,,,,,
S21,1,2030-03-05T07:56:04.805Z,diagnostic_resolved,bab645b5-ada3-4fba-b21a-f331bad5a46d,,,,,,,,,,150168,210421,1,,,,,,,,,,,,,,,,
S18,1,2030-03-05T07:56:11.036Z,feedback_abandoned,2fd06662-aff5-471a-8bfb-da146a51a9a0,1,,,,,,timeout,,,,,,,,,,,,,,,,,,,,,
S22,1,2030-03-05T07:56:14.552Z,diagnostic_resolved,d5d7b4e4-d916-4ffe-9753-faf1e5f424d6,,,,,,,,,,31255,45566,5,,,,,,,,,,,,,,,,
S22,1,2030-03-05T07:56:24.901Z,level_reached,d5d7b4e4-d916-4ffe-9753-faf1e5f424d6,2,1,41604,,,,,,,,,,,,,,,,,,,,,,,,,
S08,1,2030-03-05T07:56:28.161Z,diagnostic_resolved,ca74a873-f4f8-44b1-bf17-95d1056d5971,,,,,,,,,,90252,145446,4,,,,,,,,,,,,,,,,
S08,1,2030-03-05T07:56:32.828Z,returned_to_code,9b9bed1f-6e59-40f4-b285-816a87dce182,3,,,,,139481,,,,,,,,,,,,,,,,,,,,,,
S08,1,2030-03-05T07:56:35.039Z,explanation_visibility,e4c7a73a-d6e9-4dba-a682-db8ca07b605d,,,,52446,1,,,,,,,,,,,,,,,,,,,,,,,
S10,1,2030-03-05T07:56:49.620Z,explanation_visibility,5576463f-4ed5-473c-9c78-1644754c2f6e,,,,100948,1,,,,,,,,,,,,,,,,,,,,,,,
S08,1,2030-03-05T07:57:28.192Z,explanation_copied,e4c7a73a-d6e9-4dba-a682-db8ca07b605d,L3,,,,,,,,,,,,,,,,,,,,,,,,,,,
S02,1,2030-03-05T07:57:30.481Z,returned_to_code,5942b491-2474-4d2f-9109-23e9c16e5c79,1,,,,,3700,,,,,,,,,,,,,,,,,,,,,,
S07,1,2030-03-05T07:58:31.608Z,level_reached,1c8fa349-ddd4-498f-9e68-fdaf975dd2ce,2,1,11698,,,,,,,,,,,,,,,,,,,,,,,,,
S07,1,2030-03-05T07:58:43.556Z,returned_to_code,1c8fa349-ddd4-498f-9e68-fdaf975dd2ce,2,,,,,11948,,,,,,,,,,,,,,,,,,,,,,
S14,1,2030-03-05T07:58:51.492Z,returned_to_code,4e4593c6-4701-461a-b90b-b81493878667,1,,,,,49402,,,,,,,,,,,,,,,,,,,,,,
S07,1,2030-03-05T07:58:58.621Z,diagnostic_resolved,1c8fa349-ddd4-498f-9e68-fdaf975dd2ce,,,,,,,,,,38711,76190,6,,,,,,,,,,,,,,,,
S22,1,2030-03-05T07:59:03.323Z,explanation_visibility,d5d7b4e4-d916-4ffe-9753-faf1e5f424d6,,,,155082,1,,,,,,,,,,,,,,,,,,,,,,,
S08,1,2030-03-05T07:59:08.687Z,diagnostic_resolved,e4c7a73a-d6e9-4dba-a682-db8ca07b605d,,,,,,,,,,251367,259443,3,,,,,,,,,,,,,,,,
S14,1,2030-03-05T07:59:33.845Z,diagnostic_resolved,4e4593c6-4701-461a-b90b-b81493878667,,,,,,,,,,91755,101302,3,,,,,,,,,,,,,,,,
S14,1,2030-03-05T07:59:35.475Z,explanation_visibility,4e4593c6-4701-461a-b90b-b81493878667,,,,39766,1,,,,,,,,,,,,,,,,,,,,,,,
S04,1,2030-03-05T07:59:37.329Z,returned_to_code,744a8ac3-d376-4a2b-921e-fdef19ebe3f7,1,,,,,23682,,,,,,,,,,,,,,,,,,,,,,
S07,1,2030-03-05T07:59:59.347Z,explanation_visibility,1c8fa349-ddd4-498f-9e68-fdaf975dd2ce,,,,45005,1,,,,,,,,,,,,,,,,,,,,,,,
S04,1,2030-03-05T08:00:00.000Z,file_cleared,,,,,,,,,,,,,,lab1_input.py,460445,23,3,2,,,,,,,,,,,
S21,1,2030-03-05T08:00:23.981Z,explanation_visibility,1dcb3198-f630-4b9d-91b4-e792512fdc26,,,,657683,1,,,,,,,,,,,,,,,,,,,,,,,
S02,1,2030-03-05T08:00:29.746Z,explanation_visibility,5942b491-2474-4d2f-9109-23e9c16e5c79,,,,71661,1,,,,,,,,,,,,,,,,,,,,,,,
S04,1,2030-03-05T08:00:33.703Z,explanation_visibility,62fa8530-e892-48f5-851e-2da14a3e0f55,,,,15498,1,,,,,,,,,,,,,,,,,,,,,,,
S25,1,2030-03-05T08:00:36.843Z,returned_to_code,c8c82e01-a3f7-438a-9056-ecee22a199c0,1,,,,,4038,,,,,,,,,,,,,,,,,,,,,,
S07,1,2030-03-05T08:00:53.221Z,explanation_copied,1c8fa349-ddd4-498f-9e68-fdaf975dd2ce,L2,,,,,,,,,,,,,,,,,,,,,,,,,,,
S10,1,2030-03-05T08:01:00.000Z,file_cleared,,,,,,,,,,,,,,lab1_input.py,460134,11,3,3,,,,,,,,,,,
S04,1,2030-03-05T08:01:12.359Z,explanation_visibility,744a8ac3-d376-4a2b-921e-fdef19ebe3f7,,,,64571,1,,,,,,,,,,,,,,,,,,,,,,,
S18,1,2030-03-05T08:01:16.130Z,returned_to_code,6cbb52b9-beab-4992-927c-44d64c2a57d1,1,,,,,14496,,,,,,,,,,,,,,,,,,,,,,
S14,1,2030-03-05T08:01:37.707Z,level_reached,1ff053b0-c17b-41a1-a29e-b48dc12890ec,2,1,21179,,,,,,,,,,,,,,,,,,,,,,,,,
S22,1,2030-03-05T08:01:41.529Z,level_reached,dee0482f-b0a4-4016-baca-67748f807747,2,1,51894,,,,,,,,,,,,,,,,,,,,,,,,,
S10,1,2030-03-05T08:01:42.226Z,returned_to_code,bcf78f58-338b-4a8f-824a-3ecc35f3d47e,1,,,,,3972,,,,,,,,,,,,,,,,,,,,,,
S22,1,2030-03-05T08:01:46.435Z,diagnostic_resolved,dee0482f-b0a4-4016-baca-67748f807747,,,,,,,,,,56800,100976,5,,,,,,,,,,,,,,,,
S14,1,2030-03-05T08:01:53.680Z,level_reached,1ff053b0-c17b-41a1-a29e-b48dc12890ec,3,1,37152,,,,,,,,,,,,,,,,,,,,,,,,,
S14,1,2030-03-05T08:01:55.137Z,returned_to_code,1ff053b0-c17b-41a1-a29e-b48dc12890ec,3,,,,,1457,,,,,,,,,,,,,,,,,,,,,,
S22,1,2030-03-05T08:01:58.546Z,level_reached,dee0482f-b0a4-4016-baca-67748f807747,3,1,68911,,,,,,,,,,,,,,,,,,,,,,,,,
S12,1,2030-03-05T08:02:06.608Z,level_reached,9f06c4e5-2ae2-4075-b033-2706b683a288,2,1,23016,,,,,,,,,,,,,,,,,,,,,,,,,
S22,1,2030-03-05T08:02:08.688Z,post_feedback_edit,dee0482f-b0a4-4016-baca-67748f807747,,,,,,,,0.841,0,,,,,,,,,,,,,,,,,,,
S14,1,2030-03-05T08:02:12.533Z,post_feedback_edit,1ff053b0-c17b-41a1-a29e-b48dc12890ec,,,,,,,,0.405,5,,,,,,,,,,,,,,,,,,,
S22,1,2030-03-05T08:02:19.083Z,explanation_visibility,dee0482f-b0a4-4016-baca-67748f807747,,,,14723,1,,,,,,,,,,,,,,,,,,,,,,,
S22,1,2030-03-05T08:02:24.555Z,returned_to_code,dee0482f-b0a4-4016-baca-67748f807747,3,,,,,26009,,,,,,,,,,,,,,,,,,,,,,
S12,1,2030-03-05T08:02:26.996Z,returned_to_code,9f06c4e5-2ae2-4075-b033-2706b683a288,2,,,,,20388,,,,,,,,,,,,,,,,,,,,,,
S10,1,2030-03-05T08:03:08.680Z,diagnostic_resolved,bcf78f58-338b-4a8f-824a-3ecc35f3d47e,,,,,,,,,,90426,106167,5,,,,,,,,,,,,,,,,
S04,1,2030-03-05T08:03:23.401Z,diagnostic_resolved,744a8ac3-d376-4a2b-921e-fdef19ebe3f7,,,,,,,,,,249754,273718,3,,,,,,,,,,,,,,,,
S12,1,2030-03-05T08:03:31.386Z,explanation_visibility,9f06c4e5-2ae2-4075-b033-2706b683a288,,,,45865,1,,,,,,,,,,,,,,,,,,,,,,,
S18,1,2030-03-05T08:03:53.507Z,explanation_visibility,6cbb52b9-beab-4992-927c-44d64c2a57d1,,,,97889,1,,,,,,,,,,,,,,,,,,,,,,,
S19,1,2030-03-05T08:03:59.321Z,returned_to_code,693e4d9b-2f65-412f-90d9-5a13ae49bbf9,1,,,,,20367,,,,,,,,,,,,,,,,,,,,,,
S19,1,2030-03-05T08:04:27.391Z,explanation_visibility,693e4d9b-2f65-412f-90d9-5a13ae49bbf9,,,,28462,1,,,,,,,,,,,,,,,,,,,,,,,
S14,1,2030-03-05T08:04:36.835Z,explanation_visibility,1ff053b0-c17b-41a1-a29e-b48dc12890ec,,,,74850,1,,,,,,,,,,,,,,,,,,,,,,,
S14,1,2030-03-05T08:05:17.794Z,diagnostic_resolved,1ff053b0-c17b-41a1-a29e-b48dc12890ec,,,,,,,,,,241266,258182,2,,,,,,,,,,,,,,,,
S06,1,2030-03-05T08:05:42.600Z,diagnostic_resolved,709794ba-f2e1-4299-ae15-692fbe74637f,,,,,,,,,,59232,74101,5,,,,,,,,,,,,,,,,
S19,1,2030-03-05T08:05:45.168Z,diagnostic_resolved,693e4d9b-2f65-412f-90d9-5a13ae49bbf9,,,,,,,,,,126214,148790,7,,,,,,,,,,,,,,,,
S22,1,2030-03-05T08:06:24.901Z,feedback_abandoned,d5d7b4e4-d916-4ffe-9753-faf1e5f424d6,2,,,,,,timeout,,,,,,,,,,,,,,,,,,,,,
S06,1,2030-03-05T08:07:28.586Z,explanation_visibility,709794ba-f2e1-4299-ae15-692fbe74637f,,,,92919,1,,,,,,,,,,,,,,,,,,,,,,,
S18,1,2030-03-05T08:08:00.000Z,file_cleared,,,,,,,,,,,,,,lab1_input.py,377512,12,2,1,,,,,,,,,,,
S01,1,2030-03-05T08:08:00.000Z,file_cleared,,,,,,,,,,,,,,lab1_input.py,329671,13,3,0,,,,,,,,,,,
S04,1,2030-03-05T08:09:45.112Z,feedback_abandoned,62fa8530-e892-48f5-851e-2da14a3e0f55,1,,,,,,timeout,,,,,,,,,,,,,,,,,,,,,
S01,1,2030-03-05T08:10:00.000Z,file_cleared,,,,,,,,,,,,,,lab1_input.py,557418,14,4,0,,,,,,,,,,,
S06,1,2030-03-05T08:10:40.194Z,returned_to_code,69758674-8f97-40b3-a0c3-e70c8e7e8257,1,,,,,30361,,,,,,,,,,,,,,,,,,,,,,
S11,1,2030-03-05T08:11:00.000Z,file_cleared,,,,,,,,,,,,,,lab1_input.py,352707,14,3,1,,,,,,,,,,,
S09,1,2030-03-05T08:11:25.271Z,returned_to_code,8a02145e-805d-4135-995d-c3ecac5d3652,1,,,,,7357,,,,,,,,,,,,,,,,,,,,,,
S06,1,2030-03-05T08:11:40.373Z,explanation_visibility,69758674-8f97-40b3-a0c3-e70c8e7e8257,,,,39967,1,,,,,,,,,,,,,,,,,,,,,,,
S09,1,2030-03-05T08:12:11.444Z,explanation_visibility,8a02145e-805d-4135-995d-c3ecac5d3652,,,,23913,1,,,,,,,,,,,,,,,,,,,,,,,
S17,1,2030-03-05T08:13:00.000Z,file_cleared,,,,,,,,,,,,,,lab1_input.py,557097,9,2,0,,,,,,,,,,,
S13,1,2030-03-05T08:13:00.000Z,file_cleared,,,,,,,,,,,,,,lab1_input.py,219885,19,6,0,,,,,,,,,,,
S07,1,2030-03-05T08:13:00.000Z,file_cleared,,,,,,,,,,,,,,lab1_input.py,580809,11,2,0,,,,,,,,,,,
S23,1,2030-03-05T08:13:22.306Z,returned_to_code,a8c0e9a9-7039-4272-a397-66ec7811b4a2,1,,,,,39797,,,,,,,,,,,,,,,,,,,,,,
S06,1,2030-03-05T08:14:43.368Z,feedback_abandoned,709794ba-f2e1-4299-ae15-692fbe74637f,1,,,,,,timeout,,,,,,,,,,,,,,,,,,,,,
S22,1,2030-03-05T08:16:38.780Z,returned_to_code,4036e6b5-e73c-45e0-84ff-4e772484cdca,1,,,,,18149,,,,,,,,,,,,,,,,,,,,,,
S07,1,2030-03-05T08:17:00.000Z,file_cleared,,,,,,,,,,,,,,lab1_input.py,141770,16,1,1,,,,,,,,,,,
S18,1,2030-03-05T08:17:00.000Z,file_cleared,,,,,,,,,,,,,,lab1_input.py,366584,14,2,0,,,,,,,,,,,
S23,1,2030-03-05T08:17:19.671Z,returned_to_code,18e9b597-4380-4fbf-a198-7313f0394dd2,1,,,,,21557,,,,,,,,,,,,,,,,,,,,,,
S22,1,2030-03-05T08:17:58.737Z,diagnostic_resolved,4036e6b5-e73c-45e0-84ff-4e772484cdca,,,,,,,,,,98106,133465,3,,,,,,,,,,,,,,,,
S02,1,2030-03-05T08:18:00.000Z,file_cleared,,,,,,,,,,,,,,lab1_input.py,1045344,8,2,1,,,,,,,,,,,
S14,1,2030-03-05T08:18:00.000Z,file_cleared,,,,,,,,,,,,,,lab1_input.py,879325,33,5,0,,,,,,,,,,,
S21,1,2030-03-05T08:18:27.578Z,returned_to_code,c6bc5def-4ed8-462c-8829-0c92c5b8b642,1,,,,,7467,,,,,,,,,,,,,,,,,,,,,,
S20,1,2030-03-05T08:19:08.759Z,level_reached,137d25cf-d07a-4ae2-a2f1-7156c74e2c3a,2,1,18727,,,,,,,,,,,,,,,,,,,,,,,,,
S20,1,2030-03-05T08:19:43.230Z,returned_to_code,137d25cf-d07a-4ae2-a2f1-7156c74e2c3a,2,,,,,34471,,,,,,,,,,,,,,,,,,,,,,
S05,1,2030-03-05T08:19:46.591Z,returned_to_code,ace46578-369e-493e-bf66-b93b012c3c64,1,,,,,30287,,,,,,,,,,,,,,,,,,,,,,
S20,1,2030-03-05T08:20:06.369Z,explanation_visibility,137d25cf-d07a-4ae2-a2f1-7156c74e2c3a,,,,36529,1,,,,,,,,,,,,,,,,,,,,,,,
S23,1,2030-03-05T08:20:14.412Z,returned_to_code,3570be6c-a584-424b-9217-0827ee7e9a8a,1,,,,,67097,,,,,,,,,,,,,,,,,,,,,,
S22,1,2030-03-05T08:20:21.214Z,explanation_visibility,4036e6b5-e73c-45e0-84ff-4e772484cdca,,,,84242,1,,,,,,,,,,,,,,,,,,,,,,,
S23,1,2030-03-05T08:20:29.333Z,explanation_visibility,3570be6c-a584-424b-9217-0827ee7e9a8a,,,,27005,0,,,,,,,,,,,,,,,,,,,,,,,
S05,1,2030-03-05T08:20:52.136Z,explanation_visibility,ace46578-369e-493e-bf66-b93b012c3c64,,,,19407,0,,,,,,,,,,,,,,,,,,,,,,,
S21,1,2030-03-05T08:20:59.520Z,explanation_visibility,c6bc5def-4ed8-462c-8829-0c92c5b8b642,,,,31269,1,,,,,,,,,,,,,,,,,,,,,,,
S20,1,2030-03-05T08:21:02.897Z,diagnostic_resolved,137d25cf-d07a-4ae2-a2f1-7156c74e2c3a,,,,,,,,,,132865,165543,4,,,,,,,,,,,,,,,,
S05,1,2030-03-05T08:21:03.761Z,diagnostic_resolved,ace46578-369e-493e-bf66-b93b012c3c64,,,,,,,,,,107457,151876,2,,,,,,,,,,,,,,,,
S04,1,2030-03-05T08:21:18.747Z,returned_to_code,e5595ac0-dd8d-4a80-a978-4a85231d63f9,1,,,,,10338,,,,,,,,,,,,,,,,,,,,,,
S02,1,2030-03-05T08:21:24.018Z,explanation_visibility,2e0740e5-444a-4533-856d-ee991b09b29c,,,,18819,1,,,,,,,,,,,,,,,,,,,,,,,
S02,1,2030-03-05T08:21:35.225Z,returned_to_code,2e0740e5-444a-4533-856d-ee991b09b29c,1,,,,,145133,,,,,,,,,,,,,,,,,,,,,,
S07,1,2030-03-05T08:21:45.711Z,request_failed,,,,,,,,,,,,,,,,,,,,,,,,,backend,provider_error,,,
S21,1,2030-03-05T08:21:49.884Z,diagnostic_resolved,c6bc5def-4ed8-462c-8829-0c92c5b8b642,,,,,,,,,,209773,221254,1,,,,,,,,,,,,,,,,
S09,1,2030-03-05T08:22:00.000Z,file_cleared,,,,,,,,,,,,,,lab1_input.py,669133,19,3,2,,,,,,,,,,,
S17,1,2030-03-05T08:22:00.000Z,question_picker_abandoned,,,,,,,,,,,,,,,,,,,,,free_text,selection_keybinding,3,54,,,,,
S06,1,2030-03-05T08:22:07.235Z,request_failed,,,,,,,,,,,,,,,,,,,,,,,,,timeout,,,,
S23,1,2030-03-05T08:23:00.523Z,explanation_visibility,18e9b597-4380-4fbf-a198-7313f0394dd2,,,,132710,1,,,,,,,,,,,,,,,,,,,,,,,
S14,1,2030-03-05T08:23:14.933Z,level_reached,241c6fb1-d825-4f46-aa9d-79b0431e6274,2,1,21561,,,,,,,,,,,,,,,,,,,,,,,,,
S14,1,2030-03-05T08:23:20.481Z,level_reached,241c6fb1-d825-4f46-aa9d-79b0431e6274,3,1,27109,,,,,,,,,,,,,,,,,,,,,,,,,
S04,1,2030-03-05T08:23:23.818Z,explanation_visibility,e5595ac0-dd8d-4a80-a978-4a85231d63f9,,,,21566,1,,,,,,,,,,,,,,,,,,,,,,,
S14,1,2030-03-05T08:23:35.905Z,returned_to_code,241c6fb1-d825-4f46-aa9d-79b0431e6274,3,,,,,15424,,,,,,,,,,,,,,,,,,,,,,
S14,1,2030-03-05T08:23:42.687Z,post_feedback_edit,241c6fb1-d825-4f46-aa9d-79b0431e6274,,,,,,,,0.617,0,,,,,,,,,,,,,,,,,,,
S03,1,2030-03-05T08:24:00.000Z,run_finished,,,,,,,,,,,,,,,,,,,0,1,,,,,,,,,
S16,1,2030-03-05T08:24:08.215Z,returned_to_code,c6513d25-c917-434f-8a4f-223e500d2ddf,1,,,,,3304,,,,,,,,,,,,,,,,,,,,,,
S10,1,2030-03-05T08:24:11.545Z,level_reached,6231f754-e34f-4bce-bd5f-8cbf0f0955bc,2,1,9347,,,,,,,,,,,,,,,,,,,,,,,,,
S15,1,2030-03-05T08:24:12.472Z,returned_to_code,c6eba1c9-dc30-47d2-8a6a-7745cf8c1989,1,,,,,5714,,,,,,,,,,,,,,,,,,,,,,
S15,1,2030-03-05T08:24:52.134Z,explanation_visibility,c6eba1c9-dc30-47d2-8a6a-7745cf8c1989,,,,29016,1,,,,,,,,,,,,,,,,,,,,,,,
S14,1,2030-03-05T08:25:02.204Z,explanation_visibility,241c6fb1-d825-4f46-aa9d-79b0431e6274,,,,36373,1,,,,,,,,,,,,,,,,,,,,,,,
S10,1,2030-03-05T08:25:05.984Z,returned_to_code,6231f754-e34f-4bce-bd5f-8cbf0f0955bc,2,,,,,54439,,,,,,,,,,,,,,,,,,,,,,
S10,1,2030-03-05T08:25:39.657Z,explanation_visibility,6231f754-e34f-4bce-bd5f-8cbf0f0955bc,,,,72521,1,,,,,,,,,,,,,,,,,,,,,,,
S10,1,2030-03-05T08:26:27.572Z,diagnostic_resolved,6231f754-e34f-4bce-bd5f-8cbf0f0955bc,,,,,,,,,,145374,180829,6,,,,,,,,,,,,,,,,
S22,1,2030-03-05T08:26:42.244Z,returned_to_code,efe431ea-6cdc-4c27-be24-5de80089ef30,1,,,,,5138,,,,,,,,,,,,,,,,,,,,,,
S01,1,2030-03-05T08:27:00.000Z,file_cleared,,,,,,,,,,,,,,lab1_input.py,230252,22,4,0,,,,,,,,,,,
S02,1,2030-03-05T08:27:34.395Z,level_reached,35be3d66-35d1-4b5a-a13b-d58e4cb2340d,2,1,33773,,,,,,,,,,,,,,,,,,,,,,,,,
S02,1,2030-03-05T08:27:36.809Z,explanation_visibility,35be3d66-35d1-4b5a-a13b-d58e4cb2340d,,,,22348,1,,,,,,,,,,,,,,,,,,,,,,,
S02,1,2030-03-05T08:27:47.331Z,level_reached,35be3d66-35d1-4b5a-a13b-d58e4cb2340d,3,1,46709,,,,,,,,,,,,,,,,,,,,,,,,,
S04,1,2030-03-05T08:27:50.017Z,returned_to_code,783d96a3-5d6e-4f2a-8028-5bf0b2b4a5e1,1,,,,,4014,,,,,,,,,,,,,,,,,,,,,,
S02,1,2030-03-05T08:27:53.730Z,post_feedback_edit,35be3d66-35d1-4b5a-a13b-d58e4cb2340d,,,,,,,,0.588,0,,,,,,,,,,,,,,,,,,,
S02,1,2030-03-05T08:27:59.101Z,returned_to_code,35be3d66-35d1-4b5a-a13b-d58e4cb2340d,3,,,,,11770,,,,,,,,,,,,,,,,,,,,,,
S25,1,2030-03-05T08:28:00.000Z,file_cleared,,,,,,,,,,,,,,lab1_input.py,380510,11,1,0,,,,,,,,,,,
S07,1,2030-03-05T08:28:05.464Z,level_reached,437ae49f-5179-4079-bbcf-8f2da7af2cc7,2,1,13286,,,,,,,,,,,,,,,,,,,,,,,,,
S22,1,2030-03-05T08:28:11.410Z,explanation_visibility,efe431ea-6cdc-4c27-be24-5de80089ef30,,,,30457,1,,,,,,,,,,,,,,,,,,,,,,,
S16,1,2030-03-05T08:28:44.831Z,explanation_visibility,c6513d25-c917-434f-8a4f-223e500d2ddf,,,,168717,1,,,,,,,,,,,,,,,,,,,,,,,
S07,1,2030-03-05T08:28:49.540Z,level_reached,437ae49f-5179-4079-bbcf-8f2da7af2cc7,3,1,57362,,,,,,,,,,,,,,,,,,,,,,,,,
S03,1,2030-03-05T08:29:00.000Z,file_cleared,,,,,,,,,,,,,,lab1_input.py,654947,8,2,0,,,,,,,,,,,
S02,1,2030-03-05T08:29:08.285Z,level_reached,7d448ada-c878-4eb4-b126-167fed07fe2a,2,1,9938,,,,,,,,,,,,,,,,,,,,,,,,,
S02,1,2030-03-05T08:29:20.831Z,returned_to_code,7d448ada-c878-4eb4-b126-167fed07fe2a,2,,,,,12546,,,,,,,,,,,,,,,,,,,,,,
S04,1,2030-03-05T08:29:30.508Z,explanation_visibility,783d96a3-5d6e-4f2a-8028-5bf0b2b4a5e1,,,,25388,1,,,,,,,,,,,,,,,,,,,,,,,
S07,1,2030-03-05T08:29:41.328Z,returned_to_code,437ae49f-5179-4079-bbcf-8f2da7af2cc7,3,,,,,51788,,,,,,,,,,,,,,,,,,,,,,
S23,1,2030-03-05T08:30:02.390Z,level_reached,96504a51-0977-4900-b602-3cd30bac70fa,2,1,55382,,,,,,,,,,,,,,,,,,,,,,,,,
S23,1,2030-03-05T08:30:26.163Z,explanation_visibility,96504a51-0977-4900-b602-3cd30bac70fa,,,,57201,1,,,,,,,,,,,,,,,,,,,,,,,
S07,1,2030-03-05T08:30:37.242Z,post_feedback_edit,437ae49f-5179-4079-bbcf-8f2da7af2cc7,,,,,,,,0.411,0,,,,,,,,,,,,,,,,,,,
S02,1,2030-03-05T08:30:54.651Z,explanation_visibility,7d448ada-c878-4eb4-b126-167fed07fe2a,,,,19707,1,,,,,,,,,,,,,,,,,,,,,,,
S13,1,2030-03-05T08:32:00.000Z,run_finished,,,,,,,,,,,,,,,,,,,1,0,,,,,,,,,
S05,1,2030-03-05T08:32:26.826Z,level_reached,58d38910-4d41-410c-9f6e-3b3088a84d03,2,1,12903,,,,,,,,,,,,,,,,,,,,,,,,,
S05,1,2030-03-05T08:32:39.547Z,level_reached,58d38910-4d41-410c-9f6e-3b3088a84d03,3,1,25624,,,,,,,,,,,,,,,,,,,,,,,,,
S05,1,2030-03-05T08:32:45.501Z,returned_to_code,58d38910-4d41-410c-9f6e-3b3088a84d03,3,,,,,5954,,,,,,,,,,,,,,,,,,,,,,
S23,1,2030-03-05T08:33:00.000Z,question_picker_abandoned,,,,,,,,,,,,,,,,,,,,,preset,selection_codelens,1,24,,,,,
S05,1,2030-03-05T08:33:20.842Z,diagnostic_resolved,58d38910-4d41-410c-9f6e-3b3088a84d03,,,,,,,,,,66919,87224,3,,,,,,,,,,,,,,,,
S05,1,2030-03-05T08:33:44.465Z,post_feedback_edit,58d38910-4d41-410c-9f6e-3b3088a84d03,,,,,,,,0.876,2,,,,,,,,,,,,,,,,,,,
S05,1,2030-03-05T08:33:53.925Z,explanation_visibility,58d38910-4d41-410c-9f6e-3b3088a84d03,,,,20059,1,,,,,,,,,,,,,,,,,,,,,,,
S10,1,2030-03-05T08:34:00.000Z,file_cleared,,,,,,,,,,,,,,lab1_input.py,55595,21,5,1,,,,,,,,,,,
S10,1,2030-03-05T08:34:00.000Z,file_cleared,,,,,,,,,,,,,,lab1_input.py,142080,12,2,1,,,,,,,,,,,
S18,1,2030-03-05T08:34:00.000Z,file_cleared,,,,,,,,,,,,,,lab1_input.py,399204,11,1,1,,,,,,,,,,,
S22,1,2030-03-05T08:34:00.000Z,file_cleared,,,,,,,,,,,,,,lab1_input.py,1425780,16,4,3,,,,,,,,,,,
S02,1,2030-03-05T08:34:00.000Z,question_picker_abandoned,,,,,,,,,,,,,,,,,,,,,free_text,selection_codelens,6,240,,,,,
S05,1,2030-03-05T08:34:28.351Z,level_reached,0a4b49eb-6dea-4f8f-a413-d3e2b7bac180,2,1,5607,,,,,,,,,,,,,,,,,,,,,,,,,
S05,1,2030-03-05T08:34:35.610Z,level_reached,0a4b49eb-6dea-4f8f-a413-d3e2b7bac180,3,1,12866,,,,,,,,,,,,,,,,,,,,,,,,,
S05,1,2030-03-05T08:34:50.869Z,returned_to_code,0a4b49eb-6dea-4f8f-a413-d3e2b7bac180,3,,,,,15259,,,,,,,,,,,,,,,,,,,,,,
S20,1,2030-03-05T08:35:00.000Z,file_cleared,,,,,,,,,,,,,,lab1_input.py,490261,18,4,2,,,,,,,,,,,
S20,1,2030-03-05T08:35:00.000Z,file_cleared,,,,,,,,,,,,,,lab1_input.py,516855,12,4,3,,,,,,,,,,,
S05,1,2030-03-05T08:35:17.893Z,post_feedback_edit,0a4b49eb-6dea-4f8f-a413-d3e2b7bac180,,,,,,,,0.586,1,,,,,,,,,,,,,,,,,,,
S19,1,2030-03-05T08:35:23.276Z,returned_to_code,1614dbd2-8354-4e0a-8a64-d39255656bac,1,,,,,8249,,,,,,,,,,,,,,,,,,,,,,
S05,1,2030-03-05T08:35:23.958Z,diagnostic_resolved,0a4b49eb-6dea-4f8f-a413-d3e2b7bac180,,,,,,,,,,61214,170277,3,,,,,,,,,,,,,,,,
S05,1,2030-03-05T08:35:25.493Z,level_reached,1506883b-bbde-4c04-8400-da6b207b9593,2,1,7024,,,,,,,,,,,,,,,,,,,,,,,,,
S25,1,2030-03-05T08:35:31.235Z,explanation_visibility,8c017059-d926-446a-b0e3-e872cbcdedd9,,,,96208,1,,,,,,,,,,,,,,,,,,,,,,,
S05,1,2030-03-05T08:35:58.215Z,level_reached,1506883b-bbde-4c04-8400-da6b207b9593,3,1,39746,,,,,,,,,,,,,,,,,,,,,,,,,
S05,1,2030-03-05T08:35:59.117Z,explanation_visibility,0a4b49eb-6dea-4f8f-a413-d3e2b7bac180,,,,79355,1,,,,,,,,,,,,,,,,,,,,,,,
S05,1,2030-03-05T08:36:46.265Z,returned_to_code,1506883b-bbde-4c04-8400-da6b207b9593,3,,,,,48050,,,,,,,,,,,,,,,,,,,,,,
S02,1,2030-03-05T08:37:00.000Z,file_cleared,,,,,,,,,,,,,,lab1_input.py,1149072,9,2,2,,,,,,,,,,,
S17,1,2030-03-05T08:37:09.043Z,returned_to_code,3c9d630f-0028-4df0-acf0-d916f2e3c174,1,,,,,15977,,,,,,,,,,,,,,,,,,,,,,
S05,1,2030-03-05T08:37:27.161Z,explanation_visibility,1506883b-bbde-4c04-8400-da6b207b9593,,,,38141,1,,,,,,,,,,,,,,,,,,,,,,,
S19,1,2030-03-05T08:37:32.631Z,returned_to_code,657989f4-35b8-469e-b55b-ada9cceed578,1,,,,,43123,,,,,,,,,,,,,,,,,,,,,,
S17,1,2030-03-05T08:38:53.890Z,explanation_visibility,3c9d630f-0028-4df0-acf0-d916f2e3c174,,,,68924,1,,,,,,,,,,,,,,,,,,,,,,,
S18,1,2030-03-05T08:39:00.000Z,file_cleared,,,,,,,,,,,,,,lab1_input.py,2451091,23,4,1,,,,,,,,,,,
S23,1,2030-03-05T08:40:02.390Z,feedback_abandoned,96504a51-0977-4900-b602-3cd30bac70fa,2,,,,,,timeout,,,,,,,,,,,,,,,,,,,,,
S19,1,2030-03-05T08:40:17.675Z,explanation_visibility,657989f4-35b8-469e-b55b-ada9cceed578,,,,85858,1,,,,,,,,,,,,,,,,,,,,,,,
S06,1,2030-03-05T08:40:23.204Z,returned_to_code,6d37545c-6887-4471-bc54-0f57ad5e562d,1,,,,,11748,,,,,,,,,,,,,,,,,,,,,,
S21,1,2030-03-05T08:40:30.468Z,returned_to_code,346c56ff-9c46-4bff-b1dd-14c3d9415466,1,,,,,3923,,,,,,,,,,,,,,,,,,,,,,
S03,1,2030-03-05T08:42:00.000Z,file_cleared,,,,,,,,,,,,,,lab1_input.py,170058,8,1,0,,,,,,,,,,,
S16,1,2030-03-05T08:42:36.571Z,level_reached,2146fcb4-f1d5-4eb2-9faf-671e5caadeef,2,1,28973,,,,,,,,,,,,,,,,,,,,,,,,,
S16,1,2030-03-05T08:42:54.500Z,returned_to_code,2146fcb4-f1d5-4eb2-9faf-671e5caadeef,2,,,,,17929,,,,,,,,,,,,,,,,,,,,,,
S21,1,2030-03-05T08:43:06.640Z,explanation_visibility,346c56ff-9c46-4bff-b1dd-14c3d9415466,,,,71280,1,,,,,,,,,,,,,,,,,,,,,,,
S25,1,2030-03-05T08:43:13.025Z,feedback_abandoned,8c017059-d926-446a-b0e3-e872cbcdedd9,1,,,,,,timeout,,,,,,,,,,,,,,,,,,,,,
S16,1,2030-03-05T08:44:48.654Z,explanation_visibility,2146fcb4-f1d5-4eb2-9faf-671e5caadeef,,,,14879,0,,,,,,,,,,,,,,,,,,,,,,,
S08,1,2030-03-05T08:44:54.881Z,returned_to_code,7c338842-e931-4840-9b96-f6f1bef57440,1,,,,,12387,,,,,,,,,,,,,,,,,,,,,,
S23,1,2030-03-05T08:45:12.015Z,returned_to_code,a8e23d5e-7d7e-4139-a64f-81361b228b80,1,,,,,16825,,,,,,,,,,,,,,,,,,,,,,
S08,1,2030-03-05T08:45:16.857Z,diagnostic_resolved,7c338842-e931-4840-9b96-f6f1bef57440,,,,,,,,,,34363,50155,6,,,,,,,,,,,,,,,,
S12,1,2030-03-05T08:46:00.000Z,question_picker_abandoned,,,,,,,,,,,,,,,,,,,,,preset,selection_codelens,9,351,,,,,
S23,1,2030-03-05T08:46:43.589Z,explanation_visibility,a8e23d5e-7d7e-4139-a64f-81361b228b80,,,,73775,1,,,,,,,,,,,,,,,,,,,,,,,
S10,1,2030-03-05T08:46:50.183Z,returned_to_code,ab43ebca-71d9-4b9b-9064-9e76d666ce7a,1,,,,,20397,,,,,,,,,,,,,,,,,,,,,,
S03,1,2030-03-05T08:47:00.000Z,file_cleared,,,,,,,,,,,,,,lab1_input.py,307814,14,4,0,,,,,,,,,,,
S08,1,2030-03-05T08:47:30.825Z,explanation_visibility,7c338842-e931-4840-9b96-f6f1bef57440,,,,135857,1,,,,,,,,,,,,,,,,,,,,,,,
S10,1,2030-03-05T08:48:25.356Z,explanation_visibility,ab43ebca-71d9-4b9b-9064-9e76d666ce7a,,,,32237,1,,,,,,,,,,,,,,,,,,,,,,,
S23,1,2030-03-06T19:01:14.730Z,level_reached,b46b2b5e-c6a2-4a31-bf2d-91093f3631f0,2,1,8029,,,,,,,,,,,,,,,,,,,,,,,,,
S23,1,2030-03-06T19:01:23.140Z,returned_to_code,b46b2b5e-c6a2-4a31-bf2d-91093f3631f0,2,,,,,8410,,,,,,,,,,,,,,,,,,,,,,
S23,1,2030-03-06T19:01:55.767Z,request_failed,,,,,,,,,,,,,,,,,,,,,,,,,backend,provider_error,,,
S23,1,2030-03-06T19:03:47.450Z,diagnostic_resolved,b46b2b5e-c6a2-4a31-bf2d-91093f3631f0,,,,,,,,,,160749,174969,2,,,,,,,,,,,,,,,,
S23,1,2030-03-06T19:05:00.000Z,explanation_reopened,a047f132-e3f0-4325-a883-8e95c597bd42,,,,,,,,,,,,,,,,,,,,,,,,,,,,
S23,1,2030-03-06T19:05:26.771Z,level_reached,404060df-8549-4841-9ac8-fdd3d3dccb60,2,1,16564,,,,,,,,,,,,,,,,,,,,,,,,,
S23,1,2030-03-06T19:05:58.790Z,level_reached,404060df-8549-4841-9ac8-fdd3d3dccb60,3,1,48583,,,,,,,,,,,,,,,,,,,,,,,,,
S23,1,2030-03-06T19:06:07.370Z,returned_to_code,404060df-8549-4841-9ac8-fdd3d3dccb60,3,,,,,8580,,,,,,,,,,,,,,,,,,,,,,
S23,1,2030-03-06T19:06:23.867Z,explanation_visibility,404060df-8549-4841-9ac8-fdd3d3dccb60,,,,40387,1,,,,,,,,,,,,,,,,,,,,,,,
S23,1,2030-03-06T19:06:27.541Z,explanation_visibility,b46b2b5e-c6a2-4a31-bf2d-91093f3631f0,,,,190453,1,,,,,,,,,,,,,,,,,,,,,,,
S23,1,2030-03-06T19:07:00.000Z,question_picker_abandoned,,,,,,,,,,,,,,,,,,,,,free_text,selection_codelens,16,512,,,,,
S23,1,2030-03-06T19:10:58.227Z,returned_to_code,54093f12-4344-428c-8bd2-e4cb42231e00,1,,,,,3556,,,,,,,,,,,,,,,,,,,,,,
S23,1,2030-03-06T19:12:48.555Z,explanation_visibility,54093f12-4344-428c-8bd2-e4cb42231e00,,,,70250,1,,,,,,,,,,,,,,,,,,,,,,,
S08,1,2030-03-07T18:02:23.726Z,diagnostic_resolved,9c8a185f-f249-454d-9871-e2be3609b640,,,,,,,,,,37540,209582,1,,,,,,,,,,,,,,,,
S08,1,2030-03-07T18:02:42.099Z,level_reached,9c8a185f-f249-454d-9871-e2be3609b640,2,1,55913,,,,,,,,,,,,,,,,,,,,,,,,,
S08,1,2030-03-07T18:03:00.000Z,run_finished,,,,,,,,,,,,,,,,,,,1,0,,,,,,,,,
S08,1,2030-03-07T18:03:01.976Z,level_reached,9c8a185f-f249-454d-9871-e2be3609b640,3,1,75790,,,,,,,,,,,,,,,,,,,,,,,,,
S08,1,2030-03-07T18:03:08.288Z,returned_to_code,9c8a185f-f249-454d-9871-e2be3609b640,3,,,,,6312,,,,,,,,,,,,,,,,,,,,,,
S08,1,2030-03-07T18:03:26.993Z,post_feedback_edit,9c8a185f-f249-454d-9871-e2be3609b640,,,,,,,,0.296,0,,,,,,,,,,,,,,,,,,,
S08,1,2030-03-07T18:03:58.973Z,explanation_visibility,9c8a185f-f249-454d-9871-e2be3609b640,,,,68899,1,,,,,,,,,,,,,,,,,,,,,,,
S08,1,2030-03-07T18:27:00.000Z,file_cleared,,,,,,,,,,,,,,hw1.py,131556,7,1,0,,,,,,,,,,,
S08,1,2030-03-07T19:02:58.314Z,returned_to_code,39b65a42-8bfa-4ff7-aa1d-abf879d1e02a,1,,,,,1661,,,,,,,,,,,,,,,,,,,,,,
S08,1,2030-03-07T19:05:19.819Z,diagnostic_resolved,39b65a42-8bfa-4ff7-aa1d-abf879d1e02a,,,,,,,,,,143166,236587,6,,,,,,,,,,,,,,,,
S08,1,2030-03-07T19:07:05.627Z,explanation_visibility,39b65a42-8bfa-4ff7-aa1d-abf879d1e02a,,,,195672,1,,,,,,,,,,,,,,,,,,,,,,,
S02,1,2030-03-07T19:11:00.000Z,run_finished,,,,,,,,,,,,,,,,,,,0,1,,,,,,,,,
S02,1,2030-03-07T19:24:13.321Z,level_reached,f28c3eb1-6c31-4c0c-9095-5534fa374e9d,2,1,20425,,,,,,,,,,,,,,,,,,,,,,,,,
S02,1,2030-03-07T19:25:19.464Z,diagnostic_resolved,f28c3eb1-6c31-4c0c-9095-5534fa374e9d,,,,,,,,,,86568,98851,3,,,,,,,,,,,,,,,,
S02,1,2030-03-07T19:25:21.496Z,returned_to_code,f28c3eb1-6c31-4c0c-9095-5534fa374e9d,2,,,,,68175,,,,,,,,,,,,,,,,,,,,,,
S02,1,2030-03-07T19:27:58.810Z,explanation_visibility,f28c3eb1-6c31-4c0c-9095-5534fa374e9d,,,,33905,1,,,,,,,,,,,,,,,,,,,,,,,
S02,1,2030-03-07T19:30:00.000Z,file_cleared,,,,,,,,,,,,,,hw1.py,93430,17,3,1,,,,,,,,,,,
S02,1,2030-03-07T19:48:00.000Z,file_cleared,,,,,,,,,,,,,,hw1.py,253023,14,2,2,,,,,,,,,,,
S02,1,2030-03-07T19:49:47.880Z,returned_to_code,7c7c408a-e81b-4293-909e-a07df7aeeceb,1,,,,,34475,,,,,,,,,,,,,,,,,,,,,,
S17,1,2030-03-08T17:19:17.985Z,returned_to_code,d323b141-2bf1-4ae3-8617-5bbd29873458,1,,,,,12394,,,,,,,,,,,,,,,,,,,,,,
S17,1,2030-03-08T17:19:32.594Z,diagnostic_resolved,d323b141-2bf1-4ae3-8617-5bbd29873458,,,,,,,,,,27003,70806,0,,,,,,,,,,,,,,,,
S17,1,2030-03-08T17:20:10.755Z,explanation_visibility,d323b141-2bf1-4ae3-8617-5bbd29873458,,,,26211,1,,,,,,,,,,,,,,,,,,,,,,,
S17,1,2030-03-08T17:21:00.000Z,run_finished,,,,,,,,,,,,,,,,,,,1,0,,,,,,,,,
S17,1,2030-03-08T17:21:05.764Z,level_reached,5ac9fa46-9b91-4782-bed3-8a0798717e5a,2,1,35150,,,,,,,,,,,,,,,,,,,,,,,,,
S17,1,2030-03-08T17:21:32.261Z,explanation_visibility,5ac9fa46-9b91-4782-bed3-8a0798717e5a,,,,40168,1,,,,,,,,,,,,,,,,,,,,,,,
S17,1,2030-03-08T17:23:04.120Z,returned_to_code,5ac9fa46-9b91-4782-bed3-8a0798717e5a,2,,,,,118356,,,,,,,,,,,,,,,,,,,,,,
S17,1,2030-03-08T17:24:00.000Z,file_cleared,,,,,,,,,,,,,,hw1.py,823320,13,2,0,,,,,,,,,,,
S17,1,2030-03-08T17:39:00.000Z,file_cleared,,,,,,,,,,,,,,hw1.py,1633942,12,1,1,,,,,,,,,,,
S17,1,2030-03-08T17:51:00.000Z,file_cleared,,,,,,,,,,,,,,hw1.py,166846,13,2,0,,,,,,,,,,,
S17,1,2030-03-08T17:54:00.000Z,run_finished,,,,,,,,,,,,,,,,,,,1,0,,,,,,,,,
S20,1,2030-03-08T18:05:49.608Z,request_failed,,,,,,,,,,,,,,,,,,,,,,,,,backend,provider_error,,,
S20,1,2030-03-08T18:06:33.323Z,level_reached,40400c24-18ef-4092-ba3e-07281bf0a79b,2,1,9181,,,,,,,,,,,,,,,,,,,,,,,,,
S20,1,2030-03-08T18:06:50.621Z,diagnostic_resolved,40400c24-18ef-4092-ba3e-07281bf0a79b,,,,,,,,,,26479,267751,5,,,,,,,,,,,,,,,,
S20,1,2030-03-08T18:06:50.902Z,level_reached,40400c24-18ef-4092-ba3e-07281bf0a79b,3,1,26760,,,,,,,,,,,,,,,,,,,,,,,,,
S20,1,2030-03-08T18:07:09.211Z,returned_to_code,40400c24-18ef-4092-ba3e-07281bf0a79b,3,,,,,18309,,,,,,,,,,,,,,,,,,,,,,
S20,1,2030-03-08T18:07:21.072Z,post_feedback_edit,40400c24-18ef-4092-ba3e-07281bf0a79b,,,,,,,,0.149,8,,,,,,,,,,,,,,,,,,,
S20,1,2030-03-08T18:07:55.282Z,explanation_visibility,40400c24-18ef-4092-ba3e-07281bf0a79b,,,,43125,1,,,,,,,,,,,,,,,,,,,,,,,
S20,1,2030-03-08T18:10:21.484Z,level_reached,fc92aa68-342d-4765-b9c2-ed7d783aec59,2,1,19157,,,,,,,,,,,,,,,,,,,,,,,,,
S20,1,2030-03-08T18:10:42.999Z,level_reached,fc92aa68-342d-4765-b9c2-ed7d783aec59,3,1,40672,,,,,,,,,,,,,,,,,,,,,,,,,
S20,1,2030-03-08T18:10:46.612Z,post_feedback_edit,fc92aa68-342d-4765-b9c2-ed7d783aec59,,,,,,,,0.436,0,,,,,,,,,,,,,,,,,,,
S20,1,2030-03-08T18:11:55.858Z,explanation_visibility,fc92aa68-342d-4765-b9c2-ed7d783aec59,,,,6616,1,,,,,,,,,,,,,,,,,,,,,,,
S20,1,2030-03-08T18:13:27.463Z,returned_to_code,34245f47-d744-4ce3-813d-21e66f961475,1,,,,,36967,,,,,,,,,,,,,,,,,,,,,,
S20,1,2030-03-08T18:20:42.999Z,feedback_abandoned,fc92aa68-342d-4765-b9c2-ed7d783aec59,3,,,,,,timeout,,,,,,,,,,,,,,,,,,,,,
S03,1,2030-03-09T14:23:00.000Z,run_finished,,,,,,,,,,,,,,,,,,,1,0,,,,,,,,,
S03,1,2030-03-09T14:45:00.320Z,returned_to_code,5c4c075d-87e7-46a0-84fe-75aa00e246bb,1,,,,,28876,,,,,,,,,,,,,,,,,,,,,,
S03,1,2030-03-09T14:45:23.260Z,diagnostic_resolved,5c4c075d-87e7-46a0-84fe-75aa00e246bb,,,,,,,,,,51816,100901,5,,,,,,,,,,,,,,,,
S03,1,2030-03-09T14:46:58.104Z,explanation_visibility,5c4c075d-87e7-46a0-84fe-75aa00e246bb,,,,40560,1,,,,,,,,,,,,,,,,,,,,,,,
S03,1,2030-03-09T15:00:52.957Z,returned_to_code,0d254259-4e78-4910-881a-c2a5d5718204,1,,,,,154731,,,,,,,,,,,,,,,,,,,,,,
S03,1,2030-03-09T15:01:43.084Z,explanation_visibility,0d254259-4e78-4910-881a-c2a5d5718204,,,,116246,1,,,,,,,,,,,,,,,,,,,,,,,
S02,1,2030-03-09T18:02:19.840Z,explanation_visibility,a8256a0c-1d99-4c96-a904-36c60f8c4dff,,,,19631,1,,,,,,,,,,,,,,,,,,,,,,,
S02,1,2030-03-09T18:03:08.210Z,level_reached,a8256a0c-1d99-4c96-a904-36c60f8c4dff,2,1,141303,,,,,,,,,,,,,,,,,,,,,,,,,
S02,1,2030-03-09T18:03:39.270Z,level_reached,a8256a0c-1d99-4c96-a904-36c60f8c4dff,3,1,172363,,,,,,,,,,,,,,,,,,,,,,,,,
S02,1,2030-03-09T18:04:15.919Z,post_feedback_edit,a8256a0c-1d99-4c96-a904-36c60f8c4dff,,,,,,,,0.54,0,,,,,,,,,,,,,,,,,,,
S02,1,2030-03-09T18:04:34.724Z,returned_to_code,a8256a0c-1d99-4c96-a904-36c60f8c4dff,3,,,,,55454,,,,,,,,,,,,,,,,,,,,,,
S02,1,2030-03-09T18:06:00.000Z,run_finished,,,,,,,,,,,,,,,,,,,1,0,,,,,,,,,
S02,1,2030-03-09T18:08:00.000Z,explanation_reopened,7c7c408a-e81b-4293-909e-a07df7aeeceb,,,,,,,,,,,,,,,,,,,,,,,,,,,,
S23,1,2030-03-10T14:52:22.307Z,level_reached,59413f3c-d0fd-4573-bb92-23fcf5037325,2,1,12373,,,,,,,,,,,,,,,,,,,,,,,,,
S23,1,2030-03-10T14:52:40.660Z,returned_to_code,59413f3c-d0fd-4573-bb92-23fcf5037325,2,,,,,18353,,,,,,,,,,,,,,,,,,,,,,
S23,1,2030-03-10T14:53:45.253Z,explanation_visibility,59413f3c-d0fd-4573-bb92-23fcf5037325,,,,52033,1,,,,,,,,,,,,,,,,,,,,,,,
S23,1,2030-03-10T14:55:41.577Z,returned_to_code,7b7df38e-0485-4cc0-8692-d09b6f4ce672,1,,,,,15477,,,,,,,,,,,,,,,,,,,,,,
S23,1,2030-03-10T14:56:30.923Z,explanation_visibility,7b7df38e-0485-4cc0-8692-d09b6f4ce672,,,,42576,1,,,,,,,,,,,,,,,,,,,,,,,
S23,1,2030-03-10T14:56:51.155Z,diagnostic_resolved,7b7df38e-0485-4cc0-8692-d09b6f4ce672,,,,,,,,,,85055,147852,1,,,,,,,,,,,,,,,,
S23,1,2030-03-10T15:05:12.672Z,returned_to_code,6b250725-906f-459c-a5d7-883093b54adc,1,,,,,18787,,,,,,,,,,,,,,,,,,,,,,
S23,1,2030-03-10T15:06:41.345Z,explanation_visibility,6b250725-906f-459c-a5d7-883093b54adc,,,,30596,1,,,,,,,,,,,,,,,,,,,,,,,
S23,1,2030-03-10T15:16:00.000Z,run_finished,,,,,,,,,,,,,,,,,,,1,0,,,,,,,,,
S23,1,2030-03-10T15:17:16.874Z,returned_to_code,d6a79491-042f-43a9-9c03-bf144e450f5c,1,,,,,7329,,,,,,,,,,,,,,,,,,,,,,
S23,1,2030-03-10T15:18:39.909Z,explanation_visibility,d6a79491-042f-43a9-9c03-bf144e450f5c,,,,15412,1,,,,,,,,,,,,,,,,,,,,,,,
S23,1,2030-03-10T15:24:00.000Z,file_cleared,,,,,,,,,,,,,,hw1.py,91294,12,3,2,,,,,,,,,,,
S23,1,2030-03-10T15:27:00.000Z,file_cleared,,,,,,,,,,,,,,hw1.py,377517,14,3,0,,,,,,,,,,,
S03,2,2030-03-12T07:05:00.000Z,feedback_language_changed,,,,,,,,,,,,,,,,,,,,,,,,,,,,en,tr
S23,2,2030-03-12T07:07:00.000Z,explanation_reopened,d6a79491-042f-43a9-9c03-bf144e450f5c,,,,,,,,,,,,,,,,,,,,,,,,,,,,
S09,2,2030-03-12T07:09:40.722Z,returned_to_code,83aad515-04de-40bd-a4eb-a9e2c62c2f4c,1,,,,,8995,,,,,,,,,,,,,,,,,,,,,,
S09,2,2030-03-12T07:09:48.257Z,diagnostic_resolved,83aad515-04de-40bd-a4eb-a9e2c62c2f4c,,,,,,,,,,16530,35018,4,,,,,,,,,,,,,,,,
S08,2,2030-03-12T07:10:41.938Z,returned_to_code,20144ea8-12e4-42bc-9edb-2154fc67fb89,1,,,,,13901,,,,,,,,,,,,,,,,,,,,,,
S21,2,2030-03-12T07:12:25.173Z,explanation_visibility,f78976ee-2ff0-4b34-8c7c-a58fbf11c867,,,,3439,0,,,,,,,,,,,,,,,,,,,,,,,
S08,2,2030-03-12T07:12:30.434Z,explanation_visibility,20144ea8-12e4-42bc-9edb-2154fc67fb89,,,,53348,0,,,,,,,,,,,,,,,,,,,,,,,
S17,2,2030-03-12T07:12:43.688Z,returned_to_code,a5946d9b-293a-4b30-9cf2-7314c537d9c1,1,,,,,9234,,,,,,,,,,,,,,,,,,,,,,
S06,2,2030-03-12T07:13:32.741Z,returned_to_code,457cd5d5-2c62-4bbd-8ee2-4415661d2099,1,,,,,69796,,,,,,,,,,,,,,,,,,,,,,
S17,2,2030-03-12T07:13:39.588Z,explanation_visibility,a5946d9b-293a-4b30-9cf2-7314c537d9c1,,,,36399,1,,,,,,,,,,,,,,,,,,,,,,,
S21,2,2030-03-12T07:13:48.492Z,diagnostic_resolved,f78976ee-2ff0-4b34-8c7c-a58fbf11c867,,,,,,,,,,133987,146863,3,,,,,,,,,,,,,,,,
S17,2,2030-03-12T07:13:52.664Z,diagnostic_resolved,a5946d9b-293a-4b30-9cf2-7314c537d9c1,,,,,,,,,,78210,187673,4,,,,,,,,,,,,,,,,
S17,2,2030-03-12T07:14:00.000Z,run_finished,,,,,,,,,,,,,,,,,,,0,1,,,,,,,,,
S20,2,2030-03-12T07:14:00.000Z,run_finished,,,,,,,,,,,,,,,,,,,1,0,,,,,,,,,
S09,2,2030-03-12T07:14:14.815Z,explanation_visibility,83aad515-04de-40bd-a4eb-a9e2c62c2f4c,,,,208960,1,,,,,,,,,,,,,,,,,,,,,,,
S06,2,2030-03-12T07:15:03.932Z,explanation_visibility,457cd5d5-2c62-4bbd-8ee2-4415661d2099,,,,135370,1,,,,,,,,,,,,,,,,,,,,,,,
S05,2,2030-03-12T07:15:49.465Z,returned_to_code,461abba4-1753-407d-9f3d-d289e7ad4afc,1,,,,,41838,,,,,,,,,,,,,,,,,,,,,,
S17,2,2030-03-12T07:16:00.000Z,file_cleared,,,,,,,,,,,,,,lab2_conditions.py,415285,21,5,0,,,,,,,,,,,
S21,2,2030-03-12T07:16:00.000Z,run_finished,,,,,,,,,,,,,,,,,,,0,1,,,,,,,,,
S06,2,2030-03-12T07:16:46.643Z,diagnostic_resolved,457cd5d5-2c62-4bbd-8ee2-4415661d2099,,,,,,,,,,263698,300078,5,,,,,,,,,,,,,,,,
S23,2,2030-03-12T07:17:38.561Z,returned_to_code,aa6619c8-460d-4d5f-9a1a-3c7167b71be9,1,,,,,18894,,,,,,,,,,,,,,,,,,,,,,
S23,2,2030-03-12T07:18:28.471Z,explanation_visibility,aa6619c8-460d-4d5f-9a1a-3c7167b71be9,,,,24694,1,,,,,,,,,,,,,,,,,,,,,,,
S21,2,2030-03-12T07:18:41.979Z,returned_to_code,825d24bb-7406-483f-86ad-b856f4a0922c,1,,,,,16724,,,,,,,,,,,,,,,,,,,,,,
S05,2,2030-03-12T07:19:45.099Z,returned_to_code,495e7f9a-8096-4341-82fa-8810d5510d3c,1,,,,,23704,,,,,,,,,,,,,,,,,,,,,,
S13,2,2030-03-12T07:19:55.419Z,returned_to_code,fbf34795-4f1b-42c0-9542-551792a9fe26,1,,,,,62245,,,,,,,,,,,,,,,,,,,,,,
S05,2,2030-03-12T07:20:23.801Z,diagnostic_resolved,495e7f9a-8096-4341-82fa-8810d5510d3c,,,,,,,,,,62406,163029,5,,,,,,,,,,,,,,,,
S21,2,2030-03-12T07:20:32.390Z,level_reached,3dc1add9-d8e9-4212-96cc-41c096211a50,2,1,23548,,,,,,,,,,,,,,,,,,,,,,,,,
S05,2,2030-03-12T07:20:47.663Z,explanation_visibility,495e7f9a-8096-4341-82fa-8810d5510d3c,,,,10005,1,,,,,,,,,,,,,,,,,,,,,,,
S21,2,2030-03-12T07:20:52.206Z,returned_to_code,55f810f8-7492-4547-bea5-2b77fe3b6e3c,1,,,,,10562,,,,,,,,,,,,,,,,,,,,,,
S06,2,2030-03-12T07:21:00.000Z,explanation_reopened,a0346f73-c0ac-4ea4-954a-6701df9b606d,,,,,,,,,,,,,,,,,,,,,,,,,,,,
S06,2,2030-03-12T07:21:00.000Z,file_cleared,,,,,,,,,,,,,,lab2_conditions.py,454405,15,3,0,,,,,,,,,,,
S21,2,2030-03-12T07:21:09.429Z,diagnostic_resolved,3dc1add9-d8e9-4212-96cc-41c096211a50,,,,,,,,,,60587,82167,1,,,,,,,,,,,,,,,,
S21,2,2030-03-12T07:21:18.300Z,level_reached,3dc1add9-d8e9-4212-96cc-41c096211a50,3,1,69458,,,,,,,,,,,,,,,,,,,,,,,,,
S21,2,2030-03-12T07:21:34.505Z,feedback_abandoned,f78976ee-2ff0-4b34-8c7c-a58fbf11c867,1,,,,,,timeout,,,,,,,,,,,,,,,,,,,,,
S24,2,2030-03-12T07:21:36.997Z,returned_to_code,1c42ece6-0ba7-40be-a2cf-c34e22a5dc7c,1,,,,,36813,,,,,,,,,,,,,,,,,,,,,,
S21,2,2030-03-12T07:21:54.598Z,returned_to_code,3dc1add9-d8e9-4212-96cc-41c096211a50,3,,,,,36298,,,,,,,,,,,,,,,,,,,,,,
S21,2,2030-03-12T07:21:55.585Z,post_feedback_edit,3dc1add9-d8e9-4212-96cc-41c096211a50,,,,,,,,0.523,0,,,,,,,,,,,,,,,,,,,
S24,2,2030-03-12T07:22:26.632Z,diagnostic_resolved,1c42ece6-0ba7-40be-a2cf-c34e22a5dc7c,,,,,,,,,,86448,138324,3,,,,,,,,,,,,,,,,
S24,2,2030-03-12T07:22:41.770Z,explanation_visibility,1c42ece6-0ba7-40be-a2cf-c34e22a5dc7c,,,,29311,1,,,,,,,,,,,,,,,,,,,,,,,
S20,2,2030-03-12T07:23:04.050Z,level_reached,ba33f443-13ba-446d-8544-b1195668ec27,2,1,18550,,,,,,,,,,,,,,,,,,,,,,,,,
S20,2,2030-03-12T07:23:17.696Z,level_reached,ba33f443-13ba-446d-8544-b1195668ec27,3,1,32196,,,,,,,,,,,,,,,,,,,,,,,,,
S13,2,2030-03-12T07:23:33.011Z,diagnostic_resolved,fbf34795-4f1b-42c0-9542-551792a9fe26,,,,,,,,,,279837,351511,2,,,,,,,,,,,,,,,,
S21,2,2030-03-12T07:23:35.479Z,explanation_visibility,55f810f8-7492-4547-bea5-2b77fe3b6e3c,,,,9960,1,,,,,,,,,,,,,,,,,,,,,,,
S02,2,2030-03-12T07:24:00.000Z,file_cleared,,,,,,,,,,,,,,lab2_conditions.py,255574,19,3,3,,,,,,,,,,,
S24,2,2030-03-12T07:24:13.213Z,explanation_copied,1c42ece6-0ba7-40be-a2cf-c34e22a5dc7c,L1,,,,,,,,,,,,,,,,,,,,,,,,,,,
S20,2,2030-03-12T07:24:23.840Z,returned_to_code,ba33f443-13ba-446d-8544-b1195668ec27,3,,,,,66144,,,,,,,,,,,,,,,,,,,,,,
S20,2,2030-03-12T07:24:24.281Z,explanation_visibility,ba33f443-13ba-446d-8544-b1195668ec27,,,,25561,1,,,,,,,,,,,,,,,,,,,,,,,
S21,2,2030-03-12T07:24:38.679Z,explanation_visibility,3dc1add9-d8e9-4212-96cc-41c096211a50,,,,49550,0,,,,,,,,,,,,,,,,,,,,,,,
S11,2,2030-03-12T07:24:39.608Z,returned_to_code,2a4abfe6-2edc-413b-811c-a89c01b5a9f9,1,,,,,18231,,,,,,,,,,,,,,,,,,,,,,
S11,2,2030-03-12T07:25:00.000Z,file_cleared,,,,,,,,,,,,,,lab2_conditions.py,372995,2,1,0,,,,,,,,,,,
S04,2,2030-03-12T07:25:00.000Z,file_cleared,,,,,,,,,,,,,,lab2_conditions.py,156390,14,2,1,,,,,,,,,,,
S10,2,2030-03-12T07:25:13.855Z,diagnostic_resolved,4d380c18-9cd0-45d6-ab63-639fb32dc670,,,,,,,,,,63315,89813,3,,,,,,,,,,,,,,,,
S13,2,2030-03-12T07:25:21.431Z,explanation_visibility,fbf34795-4f1b-42c0-9542-551792a9fe26,,,,84129,1,,,,,,,,,,,,,,,,,,,,,,,
S21,2,2030-03-12T07:25:37.668Z,diagnostic_resolved,55f810f8-7492-4547-bea5-2b77fe3b6e3c,,,,,,,,,,296024,331987,4,,,,,,,,,,,,,,,,
S11,2,2030-03-12T07:25:47.359Z,explanation_visibility,2a4abfe6-2edc-413b-811c-a89c01b5a9f9,,,,38261,1,,,,,,,,,,,,,,,,,,,,,,,
S06,2,2030-03-12T07:26:27.424Z,level_reached,0384b2f2-b8bd-4f51-85b5-099e64f6f5c8,2,1,18038,,,,,,,,,,,,,,,,,,,,,,,,,
S02,2,2030-03-12T07:26:33.358Z,level_reached,530efaea-545e-4e7c-b2ac-ff963c1ac719,2,1,21390,,,,,,,,,,,,,,,,,,,,,,,,,
S02,2,2030-03-12T07:26:39.645Z,level_reached,530efaea-545e-4e7c-b2ac-ff963c1ac719,3,1,27677,,,,,,,,,,,,,,,,,,,,,,,,,
S06,2,2030-03-12T07:26:43.753Z,diagnostic_resolved,0384b2f2-b8bd-4f51-85b5-099e64f6f5c8,,,,,,,,,,34367,92573,3,,,,,,,,,,,,,,,,
S06,2,2030-03-12T07:26:45.782Z,level_reached,0384b2f2-b8bd-4f51-85b5-099e64f6f5c8,3,1,36396,,,,,,,,,,,,,,,,,,,,,,,,,
S15,2,2030-03-12T07:26:47.934Z,returned_to_code,d6e81fa9-5f3a-419e-a089-172c05592425,1,,,,,23884,,,,,,,,,,,,,,,,,,,,,,
S02,2,2030-03-12T07:26:53.088Z,returned_to_code,530efaea-545e-4e7c-b2ac-ff963c1ac719,3,,,,,13443,,,,,,,,,,,,,,,,,,,,,,
S06,2,2030-03-12T07:26:59.291Z,explanation_visibility,0384b2f2-b8bd-4f51-85b5-099e64f6f5c8,,,,7902,1,,,,,,,,,,,,,,,,,,,,,,,
S10,2,2030-03-12T07:27:00.000Z,file_cleared,,,,,,,,,,,,,,lab2_conditions.py,1286287,12,2,0,,,,,,,,,,,
S02,2,2030-03-12T07:27:01.360Z,diagnostic_resolved,530efaea-545e-4e7c-b2ac-ff963c1ac719,,,,,,,,,,49392,71331,2,,,,,,,,,,,,,,,,
S02,2,2030-03-12T07:27:01.553Z,post_feedback_edit,530efaea-545e-4e7c-b2ac-ff963c1ac719,,,,,,,,0.504,2,,,,,,,,,,,,,,,,,,,
S06,2,2030-03-12T07:27:02.036Z,returned_to_code,0384b2f2-b8bd-4f51-85b5-099e64f6f5c8,3,,,,,16254,,,,,,,,,,,,,,,,,,,,,,
S10,2,2030-03-12T07:27:03.608Z,explanation_visibility,4d380c18-9cd0-45d6-ab63-639fb32dc670,,,,137948,1,,,,,,,,,,,,,,,,,,,,,,,
S02,2,2030-03-12T07:27:03.884Z,request_failed,,,,,,,,,,,,,,,,,,,,,,,,,backend,provider_error,,,
S06,2,2030-03-12T07:27:11.676Z,post_feedback_edit,0384b2f2-b8bd-4f51-85b5-099e64f6f5c8,,,,,,,,0.461,1,,,,,,,,,,,,,,,,,,,
S02,2,2030-03-12T07:27:15.235Z,explanation_visibility,530efaea-545e-4e7c-b2ac-ff963c1ac719,,,,15420,1,,,,,,,,,,,,,,,,,,,,,,,
S06,2,2030-03-12T07:27:21.272Z,returned_to_code,f00e5998-80cf-4f27-af7e-369069ffd0f5,1,,,,,13758,,,,,,,,,,,,,,,,,,,,,,
S25,2,2030-03-12T07:28:00.000Z,file_cleared,,,,,,,,,,,,,,lab2_conditions.py,288891,9,2,1,,,,,,,,,,,
S04,2,2030-03-12T07:28:00.000Z,run_finished,,,,,,,,,,,,,,,,,,,0,1,,,,,,,,,
S02,2,2030-03-12T07:28:20.345Z,explanation_copied,530efaea-545e-4e7c-b2ac-ff963c1ac719,L3,,,,,,,,,,,,,,,,,,,,,,,,,,,
S17,2,2030-03-12T07:28:25.368Z,level_reached,18c32f29-f1f0-481e-9f42-362afd56585a,2,1,13485,,,,,,,,,,,,,,,,,,,,,,,,,
S15,2,2030-03-12T07:28:32.803Z,diagnostic_resolved,d6e81fa9-5f3a-419e-a089-172c05592425,,,,,,,,,,128753,180784,3,,,,,,,,,,,,,,,,
S17,2,2030-03-12T07:28:38.544Z,level_reached,18c32f29-f1f0-481e-9f42-362afd56585a,3,1,26661,,,,,,,,,,,,,,,,,,,,,,,,,
S08,2,2030-03-12T07:28:46.993Z,returned_to_code,c458b362-a260-4101-a46b-8a1027fbd7c5,1,,,,,7867,,,,,,,,,,,,,,,,,,,,,,
S15,2,2030-03-12T07:28:56.245Z,explanation_visibility,d6e81fa9-5f3a-419e-a089-172c05592425,,,,25731,1,,,,,,,,,,,,,,,,,,,,,,,
S25,2,2030-03-12T07:29:00.000Z,file_cleared,,,,,,,,,,,,,,lab2_conditions.py,210508,6,1,1,,,,,,,,,,,
S20,2,2030-03-12T07:29:00.000Z,run_finished,,,,,,,,,,,,,,,,,,,0,1,,,,,,,,,
S17,2,2030-03-12T07:29:05.663Z,returned_to_code,18c32f29-f1f0-481e-9f42-362afd56585a,3,,,,,27119,,,,,,,,,,,,,,,,,,,,,,
S17,2,2030-03-12T07:29:10.022Z,post_feedback_edit,18c32f29-f1f0-481e-9f42-362afd56585a,,,,,,,,0.466,1,,,,,,,,,,,,,,,,,,,
S06,2,2030-03-12T07:29:28.159Z,explanation_visibility,f00e5998-80cf-4f27-af7e-369069ffd0f5,,,,63386,1,,,,,,,,,,,,,,,,,,,,,,,
S17,2,2030-03-12T07:29:41.701Z,explanation_visibility,18c32f29-f1f0-481e-9f42-362afd56585a,,,,50454,1,,,,,,,,,,,,,,,,,,,,,,,
S08,2,2030-03-12T07:29:44.565Z,diagnostic_resolved,c458b362-a260-4101-a46b-8a1027fbd7c5,,,,,,,,,,65439,122420,8,,,,,,,,,,,,,,,,
S08,2,2030-03-12T07:30:21.614Z,explanation_visibility,c458b362-a260-4101-a46b-8a1027fbd7c5,,,,66703,1,,,,,,,,,,,,,,,,,,,,,,,
S02,2,2030-03-12T07:31:35.424Z,level_reached,468eaed9-07be-4c35-84e7-77fb9c38d5ef,2,1,10451,,,,,,,,,,,,,,,,,,,,,,,,,
S21,2,2030-03-12T07:32:00.000Z,file_cleared,,,,,,,,,,,,,,lab2_conditions.py,355389,6,1,1,,,,,,,,,,,
S02,2,2030-03-12T07:32:10.672Z,level_reached,468eaed9-07be-4c35-84e7-77fb9c38d5ef,3,1,45699,,,,,,,,,,,,,,,,,,,,,,,,,
S02,2,2030-03-12T07:32:12.491Z,diagnostic_resolved,468eaed9-07be-4c35-84e7-77fb9c38d5ef,,,,,,,,,,47518,101978,4,,,,,,,,,,,,,,,,
S23,2,2030-03-12T07:32:17.586Z,level_reached,5f2221ac-9af4-41c2-be6b-14b01584c719,2,1,20016,,,,,,,,,,,,,,,,,,,,,,,,,
S23,2,2030-03-12T07:32:22.666Z,returned_to_code,5f2221ac-9af4-41c2-be6b-14b01584c719,2,,,,,5080,,,,,,,,,,,,,,,,,,,,,,
S02,2,2030-03-12T07:32:41.945Z,returned_to_code,468eaed9-07be-4c35-84e7-77fb9c38d5ef,3,,,,,31273,,,,,,,,,,,,,,,,,,,,,,
S02,2,2030-03-12T07:32:52.340Z,diagnostic_resolved,d6395741-7056-4193-924a-ac1d57bda3e0,,,,,,,,,,108536,118174,10,,,,,,,,,,,,,,,,
S18,2,2030-03-12T07:33:00.000Z,file_cleared,,,,,,,,,,,,,,lab2_conditions.py,171152,5,1,1,,,,,,,,,,,
S24,2,2030-03-12T07:33:01.030Z,explanation_visibility,83981fe1-7eb9-4891-9c25-5bb610cbb634,,,,26717,1,,,,,,,,,,,,,,,,,,,,,,,
S05,2,2030-03-12T07:33:06.636Z,level_reached,9e36d5b6-0dc3-405a-a424-95322336ef4f,2,1,71770,,,,,,,,,,,,,,,,,,,,,,,,,
S02,2,2030-03-12T07:33:12.044Z,explanation_visibility,d6395741-7056-4193-924a-ac1d57bda3e0,,,,76854,1,,,,,,,,,,,,,,,,,,,,,,,
S02,2,2030-03-12T07:33:26.569Z,explanation_visibility,468eaed9-07be-4c35-84e7-77fb9c38d5ef,,,,49064,1,,,,,,,,,,,,,,,,,,,,,,,
S05,2,2030-03-12T07:33:31.028Z,returned_to_code,9e36d5b6-0dc3-405a-a424-95322336ef4f,2,,,,,24392,,,,,,,,,,,,,,,,,,,,,,
S23,2,2030-03-12T07:33:32.139Z,explanation_visibility,5f2221ac-9af4-41c2-be6b-14b01584c719,,,,67328,0,,,,,,,,,,,,,,,,,,,,,,,
S23,2,2030-03-12T07:33:56.763Z,returned_to_code,2f360929-5ff9-4525-b529-5f3588be3e96,1,,,,,14240,,,,,,,,,,,,,,,,,,,,,,
S15,2,2030-03-12T07:34:00.000Z,file_cleared,,,,,,,,,,,,,,lab2_conditions.py,659473,23,4,3,,,,,,,,,,,
S05,2,2030-03-12T07:34:06.758Z,diagnostic_resolved,9e36d5b6-0dc3-405a-a424-95322336ef4f,,,,,,,,,,131892,165263,5,,,,,,,,,,,,,,,,
S10,2,2030-03-12T07:34:10.540Z,feedback_abandoned,4d380c18-9cd0-45d6-ab63-639fb32dc670,1,,,,,,timeout,,,,,,,,,,,,,,,,,,,,,
S21,2,2030-03-12T07:34:15.177Z,diagnostic_resolved,825d24bb-7406-483f-86ad-b856f4a0922c,,,,,,,,,,949922,1029662,2,,,,,,,,,,,,,,,,
S23,2,2030-03-12T07:34:18.092Z,diagnostic_resolved,2f360929-5ff9-4525-b529-5f3588be3e96,,,,,,,,,,35569,48433,4,,,,,,,,,,,,,,,,
S20,2,2030-03-12T07:34:32.621Z,level_reached,5d82e117-077a-4d7b-bb9d-fd071e9633b4,2,1,33983,,,,,,,,,,,,,,,,,,,,,,,,,
S25,2,2030-03-12T07:35:00.000Z,file_cleared,,,,,,,,,,,,,,lab2_conditions.py,124472,13,3,0,,,,,,,,,,,
S20,2,2030-03-12T07:35:00.000Z,file_cleared,,,,,,,,,,,,,,lab2_conditions.py,800115,15,3,2,,,,,,,,,,,
S06,2,2030-03-12T07:35:00.000Z,run_finished,,,,,,,,,,,,,,,,,,,0,1,,,,,,,,,
S23,2,2030-03-12T07:35:08.838Z,explanation_visibility,2f360929-5ff9-4525-b529-5f3588be3e96,,,,39165,0,,,,,,,,,,,,,,,,,,,,,,,
S05,2,2030-03-12T07:35:12.547Z,explanation_visibility,9e36d5b6-0dc3-405a-a424-95322336ef4f,,,,163853,1,,,,,,,,,,,,,,,,,,,,,,,
S05,2,2030-03-12T07:35:16.509Z,diagnostic_resolved,1897354c-6c3b-43db-96fb-3dc402f1e226,,,,,,,,,,22347,87814,3,,,,,,,,,,,,,,,,
S05,2,2030-03-12T07:35:25.699Z,level_reached,1897354c-6c3b-43db-96fb-3dc402f1e226,2,1,31537,,,,,,,,,,,,,,,,,,,,,,,,,
S11,2,2030-03-12T07:36:00.000Z,file_cleared,,,,,,,,,,,,,,lab2_conditions.py,722563,18,4,0,,,,,,,,,,,
S05,2,2030-03-12T07:36:29.679Z,returned_to_code,1897354c-6c3b-43db-96fb-3dc402f1e226,2,,,,,63980,,,,,,,,,,,,,,,,,,,,,,
S21,2,2030-03-12T07:37:00.000Z,run_finished,,,,,,,,,,,,,,,,,,,0,1,,,,,,,,,
S25,2,2030-03-12T07:38:14.776Z,level_reached,de1468b3-5586-4d55-9ff3-5b07681b7d56,2,1,26962,,,,,,,,,,,,,,,,,,,,,,,,,
S25,2,2030-03-12T07:38:31.563Z,level_reached,de1468b3-5586-4d55-9ff3-5b07681b7d56,3,1,43749,,,,,,,,,,,,,,,,,,,,,,,,,
S25,2,2030-03-12T07:38:41.991Z,returned_to_code,de1468b3-5586-4d55-9ff3-5b07681b7d56,3,,,,,10428,,,,,,,,,,,,,,,,,,,,,,
S01,2,2030-03-12T07:38:53.218Z,returned_to_code,c6d3dea6-c5f1-4c74-bb01-13e83d7110fc,1,,,,,24007,,,,,,,,,,,,,,,,,,,,,,
S25,2,2030-03-12T07:38:56.149Z,post_feedback_edit,de1468b3-5586-4d55-9ff3-5b07681b7d56,,,,,,,,0.121,1,,,,,,,,,,,,,,,,,,,
S19,2,2030-03-12T07:39:00.000Z,file_cleared,,,,,,,,,,,,,,lab2_conditions.py,578864,14,3,1,,,,,,,,,,,
S25,2,2030-03-12T07:39:26.178Z,diagnostic_resolved,de1468b3-5586-4d55-9ff3-5b07681b7d56,,,,,,,,,,98364,266370,8,,,,,,,,,,,,,,,,
S25,2,2030-03-12T07:39:31.969Z,explanation_visibility,de1468b3-5586-4d55-9ff3-5b07681b7d56,,,,70624,1,,,,,,,,,,,,,,,,,,,,,,,
S20,2,2030-03-12T07:40:01.307Z,returned_to_code,587f5b7e-a1ba-45de-a677-258dce284a1a,1,,,,,8867,,,,,,,,,,,,,,,,,,,,,,
S01,2,2030-03-12T07:40:01.938Z,explanation_visibility,c6d3dea6-c5f1-4c74-bb01-13e83d7110fc,,,,68116,1,,,,,,,,,,,,,,,,,,,,,,,
S21,2,2030-03-12T07:40:22.829Z,returned_to_code,c626679b-7d70-4d62-be15-03917f15e5b8,1,,,,,47925,,,,,,,,,,,,,,,,,,,,,,
S02,2,2030-03-12T07:40:46.265Z,returned_to_code,0540cae5-438e-425c-a013-3d2cccc790b0,1,,,,,50070,,,,,,,,,,,,,,,,,,,,,,
S02,2,2030-03-12T07:40:50.595Z,explanation_visibility,0540cae5-438e-425c-a013-3d2cccc790b0,,,,20974,1,,,,,,,,,,,,,,,,,,,,,,,
S21,2,2030-03-12T07:40:54.137Z,explanation_visibility,c626679b-7d70-4d62-be15-03917f15e5b8,,,,18905,1,,,,,,,,,,,,,,,,,,,,,,,
S21,2,2030-03-12T07:41:00.000Z,file_cleared,,,,,,,,,,,,,,lab2_conditions.py,283117,17,4,4,,,,,,,,,,,
S07,2,2030-03-12T07:41:00.000Z,file_cleared,,,,,,,,,,,,,,lab2_conditions.py,266260,20,4,1,,,,,,,,,,,
S02,2,2030-03-12T07:41:03.804Z,feedback_abandoned,d6395741-7056-4193-924a-ac1d57bda3e0,1,,,,,,timeout,,,,,,,,,,,,,,,,,,,,,
S21,2,2030-03-12T07:41:17.447Z,diagnostic_resolved,c626679b-7d70-4d62-be15-03917f15e5b8,,,,,,,,,,102543,121701,4,,,,,,,,,,,,,,,,
S24,2,2030-03-12T07:41:17.794Z,feedback_abandoned,83981fe1-7eb9-4891-9c25-5bb610cbb634,1,,,,,,timeout,,,,,,,,,,,,,,,,,,,,,
S11,2,2030-03-12T07:41:23.988Z,level_reached,7fd2771e-8bfa-4841-b673-2c9c9eccb3a5,2,1,17195,,,,,,,,,,,,,,,,,,,,,,,,,
S05,2,2030-03-12T07:41:54.661Z,returned_to_code,0c9019ac-5b9f-4da5-90c3-049c3a68b4ac,1,,,,,29063,,,,,,,,,,,,,,,,,,,,,,
S20,2,2030-03-12T07:42:13.217Z,diagnostic_resolved,587f5b7e-a1ba-45de-a677-258dce284a1a,,,,,,,,,,140777,170497,7,,,,,,,,,,,,,,,,
S11,2,2030-03-12T07:42:26.396Z,returned_to_code,7fd2771e-8bfa-4841-b673-2c9c9eccb3a5,2,,,,,62408,,,,,,,,,,,,,,,,,,,,,,
S24,2,2030-03-12T07:43:24.451Z,returned_to_code,24963b4f-dded-44f3-9a40-b358472b42da,1,,,,,12430,,,,,,,,,,,,,,,,,,,,,,
S20,2,2030-03-12T07:43:33.433Z,diagnostic_resolved,5d82e117-077a-4d7b-bb9d-fd071e9633b4,,,,,,,,,,574795,598446,2,,,,,,,,,,,,,,,,
S20,2,2030-03-12T07:43:37.219Z,explanation_visibility,587f5b7e-a1ba-45de-a677-258dce284a1a,,,,41320,1,,,,,,,,,,,,,,,,,,,,,,,
S05,2,2030-03-12T07:43:41.022Z,explanation_visibility,0c9019ac-5b9f-4da5-90c3-049c3a68b4ac,,,,83838,1,,,,,,,,,,,,,,,,,,,,,,,
S20,2,2030-03-12T07:44:32.621Z,feedback_abandoned,5d82e117-077a-4d7b-bb9d-fd071e9633b4,2,,,,,,session_end,,,,,,,,,,,,,,,,,,,,,
S09,2,2030-03-12T07:45:00.000Z,file_cleared,,,,,,,,,,,,,,lab2_conditions.py,142269,23,3,0,,,,,,,,,,,
S11,2,2030-03-12T07:45:00.000Z,file_cleared,,,,,,,,,,,,,,lab2_conditions.py,261367,9,3,0,,,,,,,,,,,
S11,2,2030-03-12T07:45:02.332Z,explanation_visibility,7fd2771e-8bfa-4841-b673-2c9c9eccb3a5,,,,145882,1,,,,,,,,,,,,,,,,,,,,,,,
S24,2,2030-03-12T07:45:51.110Z,explanation_visibility,24963b4f-dded-44f3-9a40-b358472b42da,,,,113493,1,,,,,,,,,,,,,,,,,,,,,,,
S12,2,2030-03-12T07:45:59.324Z,level_reached,128dbd55-5c3e-4c6e-8f2b-1ddf958378c3,2,1,6143,,,,,,,,,,,,,,,,,,,,,,,,,
S12,2,2030-03-12T07:46:16.246Z,diagnostic_resolved,128dbd55-5c3e-4c6e-8f2b-1ddf958378c3,,,,,,,,,,23065,57524,4,,,,,,,,,,,,,,,,
S13,2,2030-03-12T07:46:25.677Z,returned_to_code,16523506-d641-40c9-806a-748940455c78,1,,,,,49139,,,,,,,,,,,,,,,,,,,,,,
S12,2,2030-03-12T07:46:48.809Z,returned_to_code,128dbd55-5c3e-4c6e-8f2b-1ddf958378c3,2,,,,,49485,,,,,,,,,,,,,,,,,,,,,,
S12,2,2030-03-12T07:46:56.382Z,explanation_visibility,128dbd55-5c3e-4c6e-8f2b-1ddf958378c3,,,,19024,1,,,,,,,,,,,,,,,,,,,,,,,
S08,2,2030-03-12T07:47:00.000Z,file_cleared,,,,,,,,,,,,,,lab2_conditions.py,236487,12,4,0,,,,,,,,,,,
S13,2,2030-03-12T07:47:00.000Z,file_cleared,,,,,,,,,,,,,,lab2_conditions.py,618421,26,7,0,,,,,,,,,,,
S03,2,2030-03-12T07:49:00.000Z,file_cleared,,,,,,,,,,,,,,lab2_conditions.py,175342,19,4,0,,,,,,,,,,,
S03,2,2030-03-12T07:50:00.000Z,file_cleared,,,,,,,,,,,,,,lab2_conditions.py,450892,9,3,0,,,,,,,,,,,
S24,2,2030-03-12T07:51:16.907Z,returned_to_code,95bb81ef-dfd0-4d6c-bf6e-5515befa8946,1,,,,,23468,,,,,,,,,,,,,,,,,,,,,,
S13,2,2030-03-12T07:51:44.617Z,explanation_visibility,16523506-d641-40c9-806a-748940455c78,,,,17631,0,,,,,,,,,,,,,,,,,,,,,,,
S09,2,2030-03-12T07:52:00.000Z,file_cleared,,,,,,,,,,,,,,lab2_conditions.py,172006,19,4,2,,,,,,,,,,,
S06,2,2030-03-12T07:53:41.988Z,level_reached,8df95e11-5b2d-4341-9e3a-3a1a85b4a59d,2,1,56490,,,,,,,,,,,,,,,,,,,,,,,,,
S16,2,2030-03-12T07:53:47.131Z,request_failed,,,,,,,,,,,,,,,,,,,,,,,,,backend,provider_error,,,
S19,2,2030-03-12T07:54:00.000Z,file_cleared,,,,,,,,,,,,,,lab2_conditions.py,322610,15,5,1,,,,,,,,,,,
S06,2,2030-03-12T07:54:05.003Z,level_reached,8df95e11-5b2d-4341-9e3a-3a1a85b4a59d,3,1,79505,,,,,,,,,,,,,,,,,,,,,,,,,
S06,2,2030-03-12T07:54:47.218Z,post_feedback_edit,8df95e11-5b2d-4341-9e3a-3a1a85b4a59d,,,,,,,,0.41,0,,,,,,,,,,,,,,,,,,,
S24,2,2030-03-12T07:54:48.814Z,explanation_visibility,95bb81ef-dfd0-4d6c-bf6e-5515befa8946,,,,198179,1,,,,,,,,,,,,,,,,,,,,,,,
S06,2,2030-03-12T07:55:17.353Z,returned_to_code,8df95e11-5b2d-4341-9e3a-3a1a85b4a59d,3,,,,,72350,,,,,,,,,,,,,,,,,,,,,,
S21,2,2030-03-12T07:55:46.794Z,level_reached,a409ea0c-7ee5-49ae-8fc8-b8b0255d94b2,2,1,20958,,,,,,,,,,,,,,,,,,,,,,,,,
S21,2,2030-03-12T07:56:02.359Z,level_reached,a409ea0c-7ee5-49ae-8fc8-b8b0255d94b2,3,1,36523,,,,,,,,,,,,,,,,,,,,,,,,,
S21,2,2030-03-12T07:56:29.187Z,post_feedback_edit,a409ea0c-7ee5-49ae-8fc8-b8b0255d94b2,,,,,,,,0.311,0,,,,,,,,,,,,,,,,,,,
S21,2,2030-03-12T07:56:32.068Z,returned_to_code,a409ea0c-7ee5-49ae-8fc8-b8b0255d94b2,3,,,,,29709,,,,,,,,,,,,,,,,,,,,,,
S25,2,2030-03-12T07:56:53.753Z,level_reached,6795c8fa-d04c-458f-82fb-0a5a52171664,2,1,9968,,,,,,,,,,,,,,,,,,,,,,,,,
S25,2,2030-03-12T07:56:57.489Z,returned_to_code,6795c8fa-d04c-458f-82fb-0a5a52171664,2,,,,,3736,,,,,,,,,,,,,,,,,,,,,,
S20,2,2030-03-12T07:57:04.624Z,returned_to_code,4aa55856-3e84-4f26-930a-7a9a83ff4f33,1,,,,,13441,,,,,,,,,,,,,,,,,,,,,,
S06,2,2030-03-12T07:57:21.326Z,explanation_copied,6804d3ec-3ec2-411f-99f6-df79945bccf9,,,,,,,,,,,,,,,,,,,,,,,,,,,,
S06,2,2030-03-12T07:57:54.450Z,diagnostic_resolved,8df95e11-5b2d-4341-9e3a-3a1a85b4a59d,,,,,,,,,,308952,329283,5,,,,,,,,,,,,,,,,
S25,2,2030-03-12T07:57:59.383Z,explanation_visibility,6795c8fa-d04c-458f-82fb-0a5a52171664,,,,48432,1,,,,,,,,,,,,,,,,,,,,,,,
S09,2,2030-03-12T07:58:00.645Z,returned_to_code,8da936fe-96a7-4ff0-9a84-debd0d49f6e4,1,,,,,10098,,,,,,,,,,,,,,,,,,,,,,
S06,2,2030-03-12T07:58:07.614Z,explanation_visibility,6804d3ec-3ec2-411f-99f6-df79945bccf9,,,,68229,0,,,,,,,,,,,,,,,,,,,,,,,
S09,2,2030-03-12T07:58:11.393Z,diagnostic_resolved,8da936fe-96a7-4ff0-9a84-debd0d49f6e4,,,,,,,,,,20846,178047,1,,,,,,,,,,,,,,,,
S06,2,2030-03-12T07:58:23.108Z,diagnostic_resolved,6804d3ec-3ec2-411f-99f6-df79945bccf9,,,,,,,,,,151672,241476,4,,,,,,,,,,,,,,,,
S17,2,2030-03-12T07:58:46.510Z,request_failed,,,,,,,,,,,,,,,,,,,,,,,,,timeout,,,,
S21,2,2030-03-12T07:58:48.457Z,explanation_visibility,a409ea0c-7ee5-49ae-8fc8-b8b0255d94b2,,,,9042,1,,,,,,,,,,,,,,,,,,,,,,,
S21,2,2030-03-12T07:58:52.392Z,diagnostic_resolved,a409ea0c-7ee5-49ae-8fc8-b8b0255d94b2,,,,,,,,,,206556,214892,1,,,,,,,,,,,,,,,,
S03,2,2030-03-12T07:59:00.000Z,file_cleared,,,,,,,,,,,,,,lab2_conditions.py,500514,14,2,1,,,,,,,,,,,
S04,2,2030-03-12T07:59:09.092Z,level_reached,55346033-92f5-4040-ae95-b57295c7cdec,2,1,22592,,,,,,,,,,,,,,,,,,,,,,,,,
S04,2,2030-03-12T07:59:13.321Z,returned_to_code,55346033-92f5-4040-ae95-b57295c7cdec,2,,,,,4229,,,,,,,,,,,,,,,,,,,,,,
S21,2,2030-03-12T07:59:59.676Z,diagnostic_resolved,933b9050-973d-45ec-89d7-cce0b78e5288,,,,,,,,,,21074,30870,4,,,,,,,,,,,,,,,,
S13,2,2030-03-12T08:00:00.000Z,file_cleared,,,,,,,,,,,,,,lab2_conditions.py,615713,19,4,1,,,,,,,,,,,
S21,2,2030-03-12T08:00:15.272Z,level_reached,933b9050-973d-45ec-89d7-cce0b78e5288,2,1,36670,,,,,,,,,,,,,,,,,,,,,,,,,
S09,2,2030-03-12T08:00:17.815Z,explanation_visibility,8da936fe-96a7-4ff0-9a84-debd0d49f6e4,,,,21571,1,,,,,,,,,,,,,,,,,,,,,,,
S04,2,2030-03-12T08:00:31.864Z,explanation_visibility,55346033-92f5-4040-ae95-b57295c7cdec,,,,57539,1,,,,,,,,,,,,,,,,,,,,,,,
S24,2,2030-03-12T08:01:01.871Z,diagnostic_resolved,95bb81ef-dfd0-4d6c-bf6e-5515befa8946,,,,,,,,,,608432,634850,4,,,,,,,,,,,,,,,,
S21,2,2030-03-12T08:01:08.663Z,level_reached,933b9050-973d-45ec-89d7-cce0b78e5288,3,1,90061,,,,,,,,,,,,,,,,,,,,,,,,,
S21,2,2030-03-12T08:01:15.511Z,returned_to_code,933b9050-973d-45ec-89d7-cce0b78e5288,3,,,,,6848,,,,,,,,,,,,,,,,,,,,,,
S13,2,2030-03-12T08:01:16.869Z,returned_to_code,f555c0f4-1e60-43de-a271-f607cdece0aa,1,,,,,36801,,,,,,,,,,,,,,,,,,,,,,
S21,2,2030-03-12T08:01:45.878Z,explanation_visibility,933b9050-973d-45ec-89d7-cce0b78e5288,,,,59573,1,,,,,,,,,,,,,,,,,,,,,,,
S09,2,2030-03-12T08:02:00.000Z,file_cleared,,,,,,,,,,,,,,lab2_conditions.py,299446,12,3,2,,,,,,,,,,,
S21,2,2030-03-12T08:02:32.364Z,post_feedback_edit,933b9050-973d-45ec-89d7-cce0b78e5288,,,,,,,,0.724,1,,,,,,,,,,,,,,,,,,,
S13,2,2030-03-12T08:02:32.588Z,explanation_visibility,f555c0f4-1e60-43de-a271-f607cdece0aa,,,,33374,1,,,,,,,,,,,,,,,,,,,,,,,
S16,2,2030-03-12T08:03:00.000Z,file_cleared,,,,,,,,,,,,,,lab2_conditions.py,97651,23,7,1,,,,,,,,,,,
S04,2,2030-03-12T08:03:16.576Z,diagnostic_resolved,55346033-92f5-4040-ae95-b57295c7cdec,,,,,,,,,,270076,338385,4,,,,,,,,,,,,,,,,
S20,2,2030-03-12T08:03:17.675Z,diagnostic_resolved,0017561d-b9fb-48b2-a3ea-a8070d863f6c,,,,,,,,,,19540,57552,5,,,,,,,,,,,,,,,,
S23,2,2030-03-12T08:03:23.318Z,returned_to_code,7393ac3b-fec5-416b-a5bb-1f539a6a69af,1,,,,,9870,,,,,,,,,,,,,,,,,,,,,,
S20,2,2030-03-12T08:04:00.000Z,file_cleared,,,,,,,,,,,,,,lab2_conditions.py,533235,17,2,1,,,,,,,,,,,
S25,2,2030-03-12T08:05:00.000Z,question_picker_abandoned,,,,,,,,,,,,,,,,,,,,,preset,selection_keybinding,11,396,,,,,
S23,2,2030-03-12T08:05:01.597Z,diagnostic_resolved,7393ac3b-fec5-416b-a5bb-1f539a6a69af,,,,,,,,,,108149,119852,12,,,,,,,,,,,,,,,,
S20,2,2030-03-12T08:05:12.211Z,explanation_visibility,0017561d-b9fb-48b2-a3ea-a8070d863f6c,,,,64611,1,,,,,,,,,,,,,,,,,,,,,,,
S23,2,2030-03-12T08:05:13.952Z,explanation_visibility,7393ac3b-fec5-416b-a5bb-1f539a6a69af,,,,98559,1,,,,,,,,,,,,,,,,,,,,,,,
S16,2,2030-03-12T08:05:15.622Z,returned_to_code,160dc7fe-464f-44b8-b393-f634be77fffb,1,,,,,9926,,,,,,,,,,,,,,,,,,,,,,
S20,2,2030-03-12T08:05:25.336Z,returned_to_code,0017561d-b9fb-48b2-a3ea-a8070d863f6c,1,,,,,147201,,,,,,,,,,,,,,,,,,,,,,
S06,2,2030-03-12T08:05:51.436Z,feedback_abandoned,6804d3ec-3ec2-411f-99f6-df79945bccf9,1,,,,,,timeout,,,,,,,,,,,,,,,,,,,,,
S20,2,2030-03-12T08:06:05.678Z,level_reached,96ef9209-2994-4ead-84c5-3629a9786bc7,2,1,12650,,,,,,,,,,,,,,,,,,,,,,,,,
S07,2,2030-03-12T08:06:15.368Z,level_reached,c9db2369-d56c-465d-8f45-c5fd39b5c568,2,1,3014,,,,,,,,,,,,,,,,,,,,,,,,,
S06,2,2030-03-12T08:06:34.015Z,level_reached,8bb8e896-991b-4214-94ae-adce728efd21,2,1,3605,,,,,,,,,,,,,,,,,,,,,,,,,
S06,2,2030-03-12T08:06:37.310Z,level_reached,8bb8e896-991b-4214-94ae-adce728efd21,3,1,6900,,,,,,,,,,,,,,,,,,,,,,,,,
S06,2,2030-03-12T08:06:47.004Z,returned_to_code,8bb8e896-991b-4214-94ae-adce728efd21,3,,,,,9694,,,,,,,,,,,,,,,,,,,,,,
S20,2,2030-03-12T08:06:47.156Z,level_reached,96ef9209-2994-4ead-84c5-3629a9786bc7,3,1,54128,,,,,,,,,,,,,,,,,,,,,,,,,
S16,2,2030-03-12T08:06:48.127Z,explanation_visibility,160dc7fe-464f-44b8-b393-f634be77fffb,,,,8820,0,,,,,,,,,,,,,,,,,,,,,,,
S06,2,2030-03-12T08:06:50.020Z,diagnostic_resolved,8bb8e896-991b-4214-94ae-adce728efd21,,,,,,,,,,19610,33340,4,,,,,,,,,,,,,,,,
S18,2,2030-03-12T08:07:00.000Z,file_cleared,,,,,,,,,,,,,,lab2_conditions.py,1658023,15,3,0,,,,,,,,,,,
S07,2,2030-03-12T08:07:00.322Z,returned_to_code,c9db2369-d56c-465d-8f45-c5fd39b5c568,2,,,,,44954,,,,,,,,,,,,,,,,,,,,,,
S20,2,2030-03-12T08:07:00.403Z,diagnostic_resolved,96ef9209-2994-4ead-84c5-3629a9786bc7,,,,,,,,,,67375,79007,5,,,,,,,,,,,,,,,,
S06,2,2030-03-12T08:07:00.453Z,post_feedback_edit,8bb8e896-991b-4214-94ae-adce728efd21,,,,,,,,0.363,1,,,,,,,,,,,,,,,,,,,
S20,2,2030-03-12T08:07:12.821Z,returned_to_code,96ef9209-2994-4ead-84c5-3629a9786bc7,3,,,,,25665,,,,,,,,,,,,,,,,,,,,,,
S20,2,2030-03-12T08:07:24.454Z,explanation_visibility,96ef9209-2994-4ead-84c5-3629a9786bc7,,,,50893,1,,,,,,,,,,,,,,,,,,,,,,,
S07,2,2030-03-12T08:07:32.531Z,diagnostic_resolved,c9db2369-d56c-465d-8f45-c5fd39b5c568,,,,,,,,,,80177,111851,4,,,,,,,,,,,,,,,,
S06,2,2030-03-12T08:07:35.953Z,explanation_visibility,8bb8e896-991b-4214-94ae-adce728efd21,,,,53875,1,,,,,,,,,,,,,,,,,,,,,,,
S07,2,2030-03-12T08:07:36.437Z,diagnostic_resolved,9304ee1a-0138-45d5-bbd0-2c9e89bf7ace,,,,,,,,,,58655,86507,5,,,,,,,,,,,,,,,,
S07,2,2030-03-12T08:07:43.061Z,returned_to_code,9304ee1a-0138-45d5-bbd0-2c9e89bf7ace,1,,,,,65279,,,,,,,,,,,,,,,,,,,,,,
S07,2,2030-03-12T08:08:04.801Z,explanation_visibility,9304ee1a-0138-45d5-bbd0-2c9e89bf7ace,,,,43876,1,,,,,,,,,,,,,,,,,,,,,,,
S07,2,2030-03-12T08:08:16.310Z,explanation_visibility,c9db2369-d56c-465d-8f45-c5fd39b5c568,,,,68387,1,,,,,,,,,,,,,,,,,,,,,,,
S20,2,2030-03-12T08:08:41.271Z,explanation_copied,96ef9209-2994-4ead-84c5-3629a9786bc7,,,,,,,,,,,,,,,,,,,,,,,,,,,,
S19,2,2030-03-12T08:09:00.000Z,file_cleared,,,,,,,,,,,,,,lab2_conditions.py,222069,8,1,0,,,,,,,,,,,
S15,2,2030-03-12T08:09:15.954Z,returned_to_code,c7ebd1f4-0ba0-485e-b179-24abd0d49eb5,1,,,,,2921,,,,,,,,,,,,,,,,,,,,,,
S10,2,2030-03-12T08:10:20.641Z,level_reached,eed19909-67af-495c-9a12-c014c93e4bc4,2,1,23304,,,,,,,,,,,,,,,,,,,,,,,,,
S15,2,2030-03-12T08:10:26.292Z,diagnostic_resolved,c7ebd1f4-0ba0-485e-b179-24abd0d49eb5,,,,,,,,,,73259,118765,5,,,,,,,,,,,,,,,,
S10,2,2030-03-12T08:10:33.443Z,level_reached,eed19909-67af-495c-9a12-c014c93e4bc4,3,1,36106,,,,,,,,,,,,,,,,,,,,,,,,,
S10,2,2030-03-12T08:10:34.140Z,explanation_visibility,eed19909-67af-495c-9a12-c014c93e4bc4,,,,16758,0,,,,,,,,,,,,,,,,,,,,,,,
S15,2,2030-03-12T08:10:49.352Z,explanation_visibility,c7ebd1f4-0ba0-485e-b179-24abd0d49eb5,,,,43599,1,,,,,,,,,,,,,,,,,,,,,,,
S10,2,2030-03-12T08:11:20.705Z,post_feedback_edit,eed19909-67af-495c-9a12-c014c93e4bc4,,,,,,,,0.464,2,,,,,,,,,,,,,,,,,,,
S12,2,2030-03-12T08:11:41.347Z,returned_to_code,86eb3c75-6b0a-4feb-b079-ab238e47dcab,1,,,,,13309,,,,,,,,,,,,,,,,,,,,,,
S10,2,2030-03-12T08:11:44.315Z,returned_to_code,eed19909-67af-495c-9a12-c014c93e4bc4,3,,,,,70872,,,,,,,,,,,,,,,,,,,,,,
S03,2,2030-03-12T08:12:00.000Z,file_cleared,,,,,,,,,,,,,,lab2_conditions.py,726648,14,3,0,,,,,,,,,,,
S10,2,2030-03-12T08:13:00.000Z,file_cleared,,,,,,,,,,,,,,lab2_conditions.py,567902,22,3,0,,,,,,,,,,,
S11,2,2030-03-12T08:13:00.000Z,file_cleared,,,,,,,,,,,,,,lab2_conditions.py,286391,19,3,0,,,,,,,,,,,
S01,2,2030-03-12T08:13:00.000Z,file_cleared,,,,,,,,,,,,,,lab2_conditions.py,989913,15,3,0,,,,,,,,,,,
S21,2,2030-03-12T08:13:02.604Z,returned_to_code,fb061f49-d2fd-4765-a6c8-062fb9376b4f,1,,,,,68994,,,,,,,,,,,,,,,,,,,,,,
S12,2,2030-03-12T08:13:33.767Z,explanation_visibility,86eb3c75-6b0a-4feb-b079-ab238e47dcab,,,,89314,1,,,,,,,,,,,,,,,,,,,,,,,
S23,2,2030-03-12T08:13:49.266Z,returned_to_code,3b1b0e1b-8d7a-4a42-aeb9-e72101afa871,1,,,,,64321,,,,,,,,,,,,,,,,,,,,,,
S21,2,2030-03-12T08:14:19.432Z,explanation_visibility,c1b544b4-1be7-411c-81df-b7bf45c8bdc7,,,,24124,1,,,,,,,,,,,,,,,,,,,,,,,
S07,2,2030-03-12T08:15:00.000Z,file_cleared,,,,,,,,,,,,,,lab2_conditions.py,488946,12,4,1,,,,,,,,,,,
S05,2,2030-03-12T08:15:08.731Z,explanation_visibility,8f342692-7477-4473-9467-4df38b8771c2,,,,15322,0,,,,,,,,,,,,,,,,,,,,,,,
S05,2,2030-03-12T08:15:17.948Z,diagnostic_resolved,8f342692-7477-4473-9467-4df38b8771c2,,,,,,,,,,33340,96661,3,,,,,,,,,,,,,,,,
S02,2,2030-03-12T08:15:28.216Z,returned_to_code,461a5981-ba72-459a-8018-b0a1d8c56bfb,1,,,,,85087,,,,,,,,,,,,,,,,,,,,,,
S05,2,2030-03-12T08:15:42.995Z,level_reached,8f342692-7477-4473-9467-4df38b8771c2,2,1,58387,,,,,,,,,,,,,,,,,,,,,,,,,
S05,2,2030-03-12T08:15:46.514Z,level_reached,8f342692-7477-4473-9467-4df38b8771c2,3,1,61906,,,,,,,,,,,,,,,,,,,,,,,,,
S15,2,2030-03-12T08:15:48.407Z,returned_to_code,3bb0b237-51fa-4b37-91c5-e30b4feda7bb,1,,,,,3570,,,,,,,,,,,,,,,,,,,,,,
S05,2,2030-03-12T08:15:50.395Z,returned_to_code,8f342692-7477-4473-9467-4df38b8771c2,3,,,,,3881,,,,,,,,,,,,,,,,,,,,,,
S05,2,2030-03-12T08:16:00.000Z,file_cleared,,,,,,,,,,,,,,lab2_conditions.py,247701,19,5,2,,,,,,,,,,,
S21,2,2030-03-12T08:16:20.384Z,explanation_visibility,fb061f49-d2fd-4765-a6c8-062fb9376b4f,,,,157782,1,,,,,,,,,,,,,,,,,,,,,,,
S05,2,2030-03-12T08:16:20.516Z,post_feedback_edit,8f342692-7477-4473-9467-4df38b8771c2,,,,,,,,0.588,1,,,,,,,,,,,,,,,,,,,
S23,2,2030-03-12T08:16:22.179Z,explanation_visibility,3b1b0e1b-8d7a-4a42-aeb9-e72101afa871,,,,31125,1,,,,,,,,,,,,,,,,,,,,,,,
S15,2,2030-03-12T08:16:36.219Z,diagnostic_resolved,3bb0b237-51fa-4b37-91c5-e30b4feda7bb,,,,,,,,,,51382,157209,5,,,,,,,,,,,,,,,,
S07,2,2030-03-12T08:17:00.000Z,run_finished,,,,,,,,,,,,,,,,,,,1,0,,,,,,,,,
S06,2,2030-03-12T08:17:47.549Z,diagnostic_resolved,7b0fd7cf-92ee-4277-ad87-ad467456577a,,,,,,,,,,5200,67236,3,,,,,,,,,,,,,,,,
S06,2,2030-03-12T08:17:58.626Z,level_reached,7b0fd7cf-92ee-4277-ad87-ad467456577a,2,1,16277,,,,,,,,,,,,,,,,,,,,,,,,,
S06,2,2030-03-12T08:18:08.900Z,level_reached,7b0fd7cf-92ee-4277-ad87-ad467456577a,3,1,26551,,,,,,,,,,,,,,,,,,,,,,,,,
S06,2,2030-03-12T08:18:25.801Z,post_feedback_edit,7b0fd7cf-92ee-4277-ad87-ad467456577a,,,,,,,,0.53,1,,,,,,,,,,,,,,,,,,,
S06,2,2030-03-12T08:18:31.916Z,returned_to_code,7b0fd7cf-92ee-4277-ad87-ad467456577a,3,,,,,23016,,,,,,,,,,,,,,,,,,,,,,
S15,2,2030-03-12T08:18:48.661Z,level_reached,b4a705e5-fc07-453e-96e8-2757ecf2285b,2,1,33822,,,,,,,,,,,,,,,,,,,,,,,,,
S03,2,2030-03-12T08:18:49.235Z,level_reached,4bdc6a98-555a-46bf-ae5a-9a54ac19d933,2,1,12318,,,,,,,,,,,,,,,,,,,,,,,,,
S12,2,2030-03-12T08:19:00.000Z,file_cleared,,,,,,,,,,,,,,lab2_conditions.py,1215267,12,2,0,,,,,,,,,,,
S15,2,2030-03-12T08:19:17.735Z,explanation_visibility,3bb0b237-51fa-4b37-91c5-e30b4feda7bb,,,,85918,1,,,,,,,,,,,,,,,,,,,,,,,
S15,2,2030-03-12T08:19:19.422Z,explanation_visibility,b4a705e5-fc07-453e-96e8-2757ecf2285b,,,,47458,1,,,,,,,,,,,,,,,,,,,,,,,
S06,2,2030-03-12T08:19:24.363Z,explanation_visibility,7b0fd7cf-92ee-4277-ad87-ad467456577a,,,,18025,1,,,,,,,,,,,,,,,,,,,,,,,
S21,2,2030-03-12T08:20:00.000Z,file_cleared,,,,,,,,,,,,,,lab2_conditions.py,577988,13,3,3,,,,,,,,,,,
S07,2,2030-03-12T08:20:00.000Z,file_cleared,,,,,,,,,,,,,,lab2_conditions.py,613694,15,3,0,,,,,,,,,,,
S08,2,2030-03-12T08:20:34.205Z,returned_to_code,8f94a9a3-9ac3-4743-9f38-43d257ade1d7,1,,,,,17074,,,,,,,,,,,,,,,,,,,,,,
S03,2,2030-03-12T08:20:47.358Z,diagnostic_resolved,4bdc6a98-555a-46bf-ae5a-9a54ac19d933,,,,,,,,,,130441,180841,4,,,,,,,,,,,,,,,,
S03,2,2030-03-12T08:20:52.148Z,explanation_visibility,4bdc6a98-555a-46bf-ae5a-9a54ac19d933,,,,43078,1,,,,,,,,,,,,,,,,,,,,,,,
S21,2,2030-03-12T08:20:55.947Z,feedback_abandoned,c1b544b4-1be7-411c-81df-b7bf45c8bdc7,1,,,,,,timeout,,,,,,,,,,,,,,,,,,,,,
S17,2,2030-03-12T08:21:04.187Z,returned_to_code,5b3f72c9-3e92-4df0-bea5-cbaee0c516af,1,,,,,5743,,,,,,,,,,,,,,,,,,,,,,
S08,2,2030-03-12T08:21:54.796Z,explanation_visibility,8f94a9a3-9ac3-4743-9f38-43d257ade1d7,,,,28156,1,,,,,,,,,,,,,,,,,,,,,,,
S09,2,2030-03-12T08:21:55.793Z,returned_to_code,8fa639b6-fa23-4b1a-ba89-5f35b08609d2,1,,,,,3938,,,,,,,,,,,,,,,,,,,,,,
S09,2,2030-03-12T08:22:51.884Z,explanation_visibility,8fa639b6-fa23-4b1a-ba89-5f35b08609d2,,,,42747,1,,,,,,,,,,,,,,,,,,,,,,,
S24,2,2030-03-12T08:23:00.000Z,file_cleared,,,,,,,,,,,,,,lab2_conditions.py,76662,17,3,0,,,,,,,,,,,
S24,2,2030-03-12T08:23:00.000Z,file_cleared,,,,,,,,,,,,,,lab2_conditions.py,199130,15,3,1,,,,,,,,,,,
S11,2,2030-03-12T08:23:00.000Z,question_picker_abandoned,,,,,,,,,,,,,,,,,,,,,preset,selection_lightbulb,14,434,,,,,
S23,2,2030-03-12T08:23:02.017Z,level_reached,6443deeb-61d3-45f5-a572-77367a8e68ed,2,1,12113,,,,,,,,,,,,,,,,,,,,,,,,,
S23,2,2030-03-12T08:23:23.801Z,returned_to_code,6443deeb-61d3-45f5-a572-77367a8e68ed,2,,,,,21784,,,,,,,,,,,,,,,,,,,,,,
S01,2,2030-03-12T08:23:28.795Z,returned_to_code,f91573e5-3c79-474d-97f7-32e449bae78b,1,,,,,20581,,,,,,,,,,,,,,,,,,,,,,
S18,2,2030-03-12T08:24:36.873Z,returned_to_code,c27db706-a0f4-4277-8304-52be17a2ffbd,1,,,,,11317,,,,,,,,,,,,,,,,,,,,,,
S23,2,2030-03-12T08:24:51.655Z,explanation_visibility,6443deeb-61d3-45f5-a572-77367a8e68ed,,,,63021,1,,,,,,,,,,,,,,,,,,,,,,,
S19,2,2030-03-12T08:25:38.616Z,returned_to_code,a96e5f53-1f61-4da9-ba92-a98661fc165f,1,,,,,14597,,,,,,,,,,,,,,,,,,,,,,
S25,2,2030-03-12T08:26:00.000Z,file_cleared,,,,,,,,,,,,,,lab2_conditions.py,147224,7,1,0,,,,,,,,,,,
S01,2,2030-03-12T08:26:00.000Z,file_cleared,,,,,,,,,,,,,,lab2_conditions.py,693398,13,1,0,,,,,,,,,,,
S01,2,2030-03-12T08:26:00.000Z,run_finished,,,,,,,,,,,,,,,,,,,0,1,,,,,,,,,
S19,2,2030-03-12T08:26:06.259Z,request_failed,,,,,,,,,,,,,,,,,,,,,,,,,timeout,,,,
S01,2,2030-03-12T08:26:40.619Z,explanation_visibility,f91573e5-3c79-474d-97f7-32e449bae78b,,,,93633,1,,,,,,,,,,,,,,,,,,,,,,,
S02,2,2030-03-12T08:27:05.376Z,diagnostic_resolved,0e568621-1049-4221-80a4-b6498aff7b33,,,,,,,,,,15368,20499,3,,,,,,,,,,,,,,,,
S20,2,2030-03-12T08:27:32.424Z,level_reached,a7fac9b8-d550-41c3-a530-f100e3167474,2,1,63313,,,,,,,,,,,,,,,,,,,,,,,,,
S02,2,2030-03-12T08:27:33.372Z,level_reached,0e568621-1049-4221-80a4-b6498aff7b33,2,1,43364,,,,,,,,,,,,,,,,,,,,,,,,,
S20,2,2030-03-12T08:27:38.704Z,returned_to_code,a7fac9b8-d550-41c3-a530-f100e3167474,2,,,,,6280,,,,,,,,,,,,,,,,,,,,,,
S02,2,2030-03-12T08:27:46.138Z,level_reached,0e568621-1049-4221-80a4-b6498aff7b33,3,1,56130,,,,,,,,,,,,,,,,,,,,,,,,,
S02,2,2030-03-12T08:27:53.213Z,returned_to_code,0e568621-1049-4221-80a4-b6498aff7b33,3,,,,,7075,,,,,,,,,,,,,,,,,,,,,,
S19,2,2030-03-12T08:28:05.664Z,explanation_visibility,a96e5f53-1f61-4da9-ba92-a98661fc165f,,,,24823,0,,,,,,,,,,,,,,,,,,,,,,,
S19,2,2030-03-12T08:28:22.292Z,diagnostic_resolved,a96e5f53-1f61-4da9-ba92-a98661fc165f,,,,,,,,,,178273,192421,5,,,,,,,,,,,,,,,,
S18,2,2030-03-12T08:28:26.976Z,explanation_visibility,c27db706-a0f4-4277-8304-52be17a2ffbd,,,,30520,1,,,,,,,,,,,,,,,,,,,,,,,
S15,2,2030-03-12T08:28:48.661Z,feedback_abandoned,b4a705e5-fc07-453e-96e8-2757ecf2285b,2,,,,,,timeout,,,,,,,,,,,,,,,,,,,,,
S03,2,2030-03-12T08:28:49.235Z,feedback_abandoned,4bdc6a98-555a-46bf-ae5a-9a54ac19d933,2,,,,,,timeout,,,,,,,,,,,,,,,,,,,,,
S04,2,2030-03-12T08:29:00.000Z,run_finished,,,,,,,,,,,,,,,,,,,0,1,,,,,,,,,
S20,2,2030-03-12T08:29:06.752Z,returned_to_code,5deb3838-df70-47b1-9553-5f68644386e7,1,,,,,13709,,,,,,,,,,,,,,,,,,,,,,
S20,2,2030-03-12T08:29:23.111Z,explanation_visibility,a7fac9b8-d550-41c3-a530-f100e3167474,,,,52403,1,,,,,,,,,,,,,,,,,,,,,,,
S06,2,2030-03-12T08:29:58.514Z,returned_to_code,5c91805f-e8ba-402b-941e-7b58f1c2e09c,1,,,,,5188,,,,,,,,,,,,,,,,,,,,,,
S01,2,2030-03-12T08:30:00.000Z,run_finished,,,,,,,,,,,,,,,,,,,1,0,,,,,,,,,
S05,2,2030-03-12T08:30:04.084Z,explanation_visibility,fcf44cce-ab21-4a1c-9d54-45030c9ad51f,,,,52097,1,,,,,,,,,,,,,,,,,,,,,,,
S02,2,2030-03-12T08:30:09.511Z,explanation_visibility,0e568621-1049-4221-80a4-b6498aff7b33,,,,115779,1,,,,,,,,,,,,,,,,,,,,,,,
S03,2,2030-03-12T08:30:28.732Z,level_reached,1caaae7f-e640-4d10-b878-c308c00ea4e1,2,1,164057,,,,,,,,,,,,,,,,,,,,,,,,,
S03,2,2030-03-12T08:30:33.056Z,returned_to_code,1caaae7f-e640-4d10-b878-c308c00ea4e1,2,,,,,4324,,,,,,,,,,,,,,,,,,,,,,
S01,2,2030-03-12T08:30:37.731Z,returned_to_code,ae1765fe-a7ab-4769-842a-9878c23da275,1,,,,,26278,,,,,,,,,,,,,,,,,,,,,,
S21,2,2030-03-12T08:31:00.000Z,file_cleared,,,,,,,,,,,,,,lab2_conditions.py,2658099,9,2,0,,,,,,,,,,,
S02,2,2030-03-12T08:31:09.695Z,level_reached,728f792b-998c-4d7c-9a67-0bf8fcc25f23,2,1,69123,,,,,,,,,,,,,,,,,,,,,,,,,
S06,2,2030-03-12T08:31:20.496Z,explanation_visibility,5c91805f-e8ba-402b-941e-7b58f1c2e09c,,,,54380,1,,,,,,,,,,,,,,,,,,,,,,,
S01,2,2030-03-12T08:31:25.296Z,explanation_visibility,ae1765fe-a7ab-4769-842a-9878c23da275,,,,20386,0,,,,,,,,,,,,,,,,,,,,,,,
S02,2,2030-03-12T08:31:32.569Z,returned_to_code,728f792b-998c-4d7c-9a67-0bf8fcc25f23,2,,,,,22874,,,,,,,,,,,,,,,,,,,,,,
S24,2,2030-03-12T08:31:59.954Z,level_reached,e229a47f-ec52-4bc5-827e-75636900c7b0,2,1,12077,,,,,,,,,,,,,,,,,,,,,,,,,
S24,2,2030-03-12T08:32:02.894Z,returned_to_code,e229a47f-ec52-4bc5-827e-75636900c7b0,2,,,,,2940,,,,,,,,,,,,,,,,,,,,,,
S03,2,2030-03-12T08:32:05.862Z,explanation_visibility,1caaae7f-e640-4d10-b878-c308c00ea4e1,,,,66329,1,,,,,,,,,,,,,,,,,,,,,,,
S12,2,2030-03-12T08:32:05.924Z,returned_to_code,b8404dac-53b5-4c9e-8bfc-0a065487d3d9,1,,,,,4395,,,,,,,,,,,,,,,,,,,,,,
S02,2,2030-03-12T08:32:31.008Z,explanation_visibility,728f792b-998c-4d7c-9a67-0bf8fcc25f23,,,,32866,1,,,,,,,,,,,,,,,,,,,,,,,
S06,2,2030-03-12T08:32:33.686Z,diagnostic_resolved,5c91805f-e8ba-402b-941e-7b58f1c2e09c,,,,,,,,,,160360,181743,2,,,,,,,,,,,,,,,,
S24,2,2030-03-12T08:32:50.444Z,explanation_visibility,e229a47f-ec52-4bc5-827e-75636900c7b0,,,,31860,1,,,,,,,,,,,,,,,,,,,,,,,
S10,2,2030-03-12T08:33:00.000Z,file_cleared,,,,,,,,,,,,,,lab2_conditions.py,567913,19,3,2,,,,,,,,,,,
S20,2,2030-03-12T08:33:10.975Z,explanation_visibility,5deb3838-df70-47b1-9553-5f68644386e7,,,,38839,1,,,,,,,,,,,,,,,,,,,,,,,
S23,2,2030-03-12T08:33:33.863Z,returned_to_code,898f38f7-7c81-482e-9cc4-c482ea2038d4,1,,,,,11838,,,,,,,,,,,,,,,,,,,,,,
S17,2,2030-03-12T08:33:44.746Z,returned_to_code,3388f99e-fb5c-4c95-b9d8-8901b5054fb5,1,,,,,16015,,,,,,,,,,,,,,,,,,,,,,
S12,2,2030-03-12T08:33:50.206Z,explanation_visibility,b8404dac-53b5-4c9e-8bfc-0a065487d3d9,,,,31385,1,,,,,,,,,,,,,,,,,,,,,,,
S17,2,2030-03-12T08:34:12.672Z,explanation_visibility,3388f99e-fb5c-4c95-b9d8-8901b5054fb5,,,,20440,1,,,,,,,,,,,,,,,,,,,,,,,
S23,2,2030-03-12T08:34:21.596Z,explanation_visibility,898f38f7-7c81-482e-9cc4-c482ea2038d4,,,,48899,1,,,,,,,,,,,,,,,,,,,,,,,
S06,2,2030-03-12T08:35:00.000Z,file_cleared,,,,,,,,,,,,,,lab2_conditions.py,185950,12,2,1,,,,,,,,,,,
S07,2,2030-03-12T08:35:01.545Z,returned_to_code,a89d75ec-a011-4657-a467-a37ff3c70fb5,1,,,,,54603,,,,,,,,,,,,,,,,,,,,,,
S13,2,2030-03-12T08:35:16.607Z,level_reached,152091f5-72c9-430b-ab99-619341dea5da,2,1,22424,,,,,,,,,,,,,,,,,,,,,,,,,
S13,2,2030-03-12T08:35:37.934Z,level_reached,152091f5-72c9-430b-ab99-619341dea5da,3,1,43751,,,,,,,,,,,,,,,,,,,,,,,,,
S13,2,2030-03-12T08:35:55.719Z,post_feedback_edit,152091f5-72c9-430b-ab99-619341dea5da,,,,,,,,0.197,1,,,,,,,,,,,,,,,,,,,
S10,2,2030-03-12T08:36:00.000Z,file_cleared,,,,,,,,,,,,,,lab2_conditions.py,450996,9,2,2,,,,,,,,,,,
S13,2,2030-03-12T08:36:23.376Z,returned_to_code,152091f5-72c9-430b-ab99-619341dea5da,3,,,,,45442,,,,,,,,,,,,,,,,,,,,,,
S06,2,2030-03-12T08:36:35.659Z,level_reached,ad87ab56-26ae-4465-9126-4cb01df8f70f,2,1,29890,,,,,,,,,,,,,,,,,,,,,,,,,
S21,2,2030-03-12T08:36:49.559Z,returned_to_code,b88ea8ca-9426-44d3-b18f-5672129dccb9,1,,,,,102011,,,,,,,,,,,,,,,,,,,,,,
S07,2,2030-03-12T08:37:01.105Z,diagnostic_resolved,a89d75ec-a011-4657-a467-a37ff3c70fb5,,,,,,,,,,174163,187811,11,,,,,,,,,,,,,,,,
S06,2,2030-03-12T08:37:53.627Z,explanation_visibility,ad87ab56-26ae-4465-9126-4cb01df8f70f,,,,49033,1,,,,,,,,,,,,,,,,,,,,,,,
S21,2,2030-03-12T08:38:19.648Z,explanation_visibility,b88ea8ca-9426-44d3-b18f-5672129dccb9,,,,76459,0,,,,,,,,,,,,,,,,,,,,,,,
S13,2,2030-03-12T08:38:22.399Z,explanation_visibility,152091f5-72c9-430b-ab99-619341dea5da,,,,28458,1,,,,,,,,,,,,,,,,,,,,,,,
S06,2,2030-03-12T08:38:23.051Z,explanation_copied,ad87ab56-26ae-4465-9126-4cb01df8f70f,,,,,,,,,,,,,,,,,,,,,,,,,,,,
S05,2,2030-03-12T08:38:44.848Z,feedback_abandoned,fcf44cce-ab21-4a1c-9d54-45030c9ad51f,1,,,,,,timeout,,,,,,,,,,,,,,,,,,,,,
S20,2,2030-03-12T08:39:04.716Z,level_reached,73fab739-b24c-4fa4-901d-5f75af5da21e,2,1,25082,,,,,,,,,,,,,,,,,,,,,,,,,
S20,2,2030-03-12T08:39:44.192Z,explanation_visibility,73fab739-b24c-4fa4-901d-5f75af5da21e,,,,25293,1,,,,,,,,,,,,,,,,,,,,,,,
S02,2,2030-03-12T08:40:14.684Z,level_reached,fe68db2e-9063-400e-a8c5-c20f03acdac6,2,1,5809,,,,,,,,,,,,,,,,,,,,,,,,,
S02,2,2030-03-12T08:40:43.403Z,level_reached,fe68db2e-9063-400e-a8c5-c20f03acdac6,3,1,34528,,,,,,,,,,,,,,,,,,,,,,,,,
S02,2,2030-03-12T08:40:49.047Z,returned_to_code,fe68db2e-9063-400e-a8c5-c20f03acdac6,3,,,,,5644,,,,,,,,,,,,,,,,,,,,,,
S07,2,2030-03-12T08:41:48.147Z,level_reached,62b3ec96-b58b-4205-b877-19c6268c3d2b,2,1,13323,,,,,,,,,,,,,,,,,,,,,,,,,
S05,2,2030-03-12T08:42:00.000Z,file_cleared,,,,,,,,,,,,,,lab2_conditions.py,461810,15,3,1,,,,,,,,,,,
S07,2,2030-03-12T08:42:12.339Z,diagnostic_resolved,62b3ec96-b58b-4205-b877-19c6268c3d2b,,,,,,,,,,37515,54707,2,,,,,,,,,,,,,,,,
S07,2,2030-03-12T08:42:21.149Z,level_reached,62b3ec96-b58b-4205-b877-19c6268c3d2b,3,1,46325,,,,,,,,,,,,,,,,,,,,,,,,,
S07,2,2030-03-12T08:42:39.104Z,returned_to_code,c16b5f19-cf80-4132-b2e5-bd4bf38a37af,1,,,,,23405,,,,,,,,,,,,,,,,,,,,,,
S02,2,2030-03-12T08:42:42.223Z,explanation_visibility,fe68db2e-9063-400e-a8c5-c20f03acdac6,,,,108953,1,,,,,,,,,,,,,,,,,,,,,,,
S07,2,2030-03-12T08:43:32.789Z,diagnostic_resolved,c16b5f19-cf80-4132-b2e5-bd4bf38a37af,,,,,,,,,,77090,80511,8,,,,,,,,,,,,,,,,
S07,2,2030-03-12T08:43:46.448Z,returned_to_code,62b3ec96-b58b-4205-b877-19c6268c3d2b,3,,,,,85299,,,,,,,,,,,,,,,,,,,,,,
S07,2,2030-03-12T08:44:57.371Z,explanation_visibility,62b3ec96-b58b-4205-b877-19c6268c3d2b,,,,103529,1,,,,,,,,,,,,,,,,,,,,,,,
S15,2,2030-03-12T08:45:00.000Z,file_cleared,,,,,,,,,,,,,,lab2_conditions.py,641087,20,5,0,,,,,,,,,,,
S07,2,2030-03-12T08:45:00.418Z,explanation_visibility,c16b5f19-cf80-4132-b2e5-bd4bf38a37af,,,,128008,1,,,,,,,,,,,,,,,,,,,,,,,
S05,2,2030-03-12T08:45:12.486Z,explanation_visibility,4d99567c-95ff-43b8-ba69-dfe5103e535f,,,,110428,1,,,,,,,,,,,,,,,,,,,,,,,
S05,2,2030-03-12T08:46:25.525Z,level_reached,4d99567c-95ff-43b8-ba69-dfe5103e535f,2,1,212998,,,,,,,,,,,,,,,,,,,,,,,,,
S05,2,2030-03-12T08:46:30.282Z,level_reached,4d99567c-95ff-43b8-ba69-dfe5103e535f,3,1,217755,,,,,,,,,,,,,,,,,,,,,,,,,
S06,2,2030-03-12T08:46:35.659Z,feedback_abandoned,ad87ab56-26ae-4465-9126-4cb01df8f70f,2,,,,,,timeout,,,,,,,,,,,,,,,,,,,,,
S13,2,2030-03-12T08:47:00.000Z,file_cleared,,,,,,,,,,,,,,lab2_conditions.py,347627,21,5,0,,,,,,,,,,,
S13,2,2030-03-12T08:47:00.000Z,file_cleared,,,,,,,,,,,,,,lab2_conditions.py,488033,19,3,0,,,,,,,,,,,
S20,2,2030-03-12T08:48:00.000Z,feedback_abandoned,73fab739-b24c-4fa4-901d-5f75af5da21e,2,,,,,,session_end,,,,,,,,,,,,,,,,,,,,,
S05,2,2030-03-12T08:48:23.959Z,returned_to_code,4d99567c-95ff-43b8-ba69-dfe5103e535f,3,,,,,113677,,,,,,,,,,,,,,,,,,,,,,
S10,2,2030-03-13T15:47:00.000Z,file_cleared,,,,,,,,,,,,,,hw2.py,522702,14,3,1,,,,,,,,,,,
S17,2,2030-03-13T15:49:00.000Z,file_cleared,,,,,,,,,,,,,,hw2.py,134511,11,2,0,,,,,,,,,,,
S10,2,2030-03-13T15:50:57.257Z,returned_to_code,59c1a7ca-5c82-4477-8c4c-5c023c99d9e5,1,,,,,33925,,,,,,,,,,,,,,,,,,,,,,
S10,2,2030-03-13T15:52:14.158Z,explanation_visibility,59c1a7ca-5c82-4477-8c4c-5c023c99d9e5,,,,60998,1,,,,,,,,,,,,,,,,,,,,,,,
S10,2,2030-03-13T15:53:41.510Z,returned_to_code,d172fd7f-99be-47e4-a1b1-17e089c8d173,1,,,,,19080,,,,,,,,,,,,,,,,,,,,,,
S10,2,2030-03-13T15:54:22.760Z,diagnostic_resolved,59c1a7ca-5c82-4477-8c4c-5c023c99d9e5,,,,,,,,,,239428,256016,4,,,,,,,,,,,,,,,,
S10,2,2030-03-13T15:54:56.791Z,explanation_visibility,d172fd7f-99be-47e4-a1b1-17e089c8d173,,,,43672,1,,,,,,,,,,,,,,,,,,,,,,,
S23,2,2030-03-13T16:17:20.642Z,returned_to_code,5cf2e114-86d8-43c6-850d-533ca070a43f,1,,,,,27579,,,,,,,,,,,,,,,,,,,,,,
S23,2,2030-03-13T16:17:53.623Z,diagnostic_resolved,5cf2e114-86d8-43c6-850d-533ca070a43f,,,,,,,,,,60560,72666,3,,,,,,,,,,,,,,,,
S23,2,2030-03-13T16:23:00.000Z,file_cleared,,,,,,,,,,,,,,hw2.py,594453,9,2,1,,,,,,,,,,,
S23,2,2030-03-13T16:23:00.000Z,file_cleared,,,,,,,,,,,,,,hw2.py,467954,6,2,1,,,,,,,,,,,
S23,2,2030-03-13T16:23:48.338Z,level_reached,7c713d43-bf7a-4eff-b971-51b5c2b7046e,2,1,31187,,,,,,,,,,,,,,,,,,,,,,,,,
S23,2,2030-03-13T16:24:12.447Z,level_reached,7c713d43-bf7a-4eff-b971-51b5c2b7046e,3,1,55296,,,,,,,,,,,,,,,,,,,,,,,,,
S23,2,2030-03-13T16:24:20.278Z,returned_to_code,7c713d43-bf7a-4eff-b971-51b5c2b7046e,3,,,,,7831,,,,,,,,,,,,,,,,,,,,,,
S23,2,2030-03-13T16:25:16.483Z,post_feedback_edit,7c713d43-bf7a-4eff-b971-51b5c2b7046e,,,,,,,,0.492,0,,,,,,,,,,,,,,,,,,,
S23,2,2030-03-13T16:25:29.834Z,explanation_visibility,7c713d43-bf7a-4eff-b971-51b5c2b7046e,,,,58099,1,,,,,,,,,,,,,,,,,,,,,,,
S23,2,2030-03-13T16:25:39.099Z,returned_to_code,3279a4cb-07fb-4337-87a2-67a3009eee38,1,,,,,26839,,,,,,,,,,,,,,,,,,,,,,
S23,2,2030-03-13T16:25:50.316Z,explanation_copied,7c713d43-bf7a-4eff-b971-51b5c2b7046e,L3,,,,,,,,,,,,,,,,,,,,,,,,,,,
S23,2,2030-03-13T16:27:17.597Z,explanation_visibility,3279a4cb-07fb-4337-87a2-67a3009eee38,,,,77449,1,,,,,,,,,,,,,,,,,,,,,,,
S09,2,2030-03-13T17:24:31.759Z,level_reached,b79d88cb-62a2-4b8e-ad3c-37dbcb32652b,2,1,44765,,,,,,,,,,,,,,,,,,,,,,,,,
S09,2,2030-03-13T17:24:36.079Z,level_reached,b79d88cb-62a2-4b8e-ad3c-37dbcb32652b,3,1,49085,,,,,,,,,,,,,,,,,,,,,,,,,
S09,2,2030-03-13T17:24:43.565Z,post_feedback_edit,b79d88cb-62a2-4b8e-ad3c-37dbcb32652b,,,,,,,,0.385,0,,,,,,,,,,,,,,,,,,,
S09,2,2030-03-13T17:24:51.885Z,returned_to_code,b79d88cb-62a2-4b8e-ad3c-37dbcb32652b,3,,,,,15806,,,,,,,,,,,,,,,,,,,,,,
S09,2,2030-03-13T17:26:32.398Z,explanation_visibility,b79d88cb-62a2-4b8e-ad3c-37dbcb32652b,,,,87844,1,,,,,,,,,,,,,,,,,,,,,,,
S09,2,2030-03-13T17:27:59.164Z,returned_to_code,4bb5f67a-bb90-4cec-93ea-32a09655ec28,1,,,,,5296,,,,,,,,,,,,,,,,,,,,,,
S09,2,2030-03-13T17:29:18.834Z,explanation_visibility,4bb5f67a-bb90-4cec-93ea-32a09655ec28,,,,36497,1,,,,,,,,,,,,,,,,,,,,,,,
S08,2,2030-03-13T18:31:00.000Z,file_cleared,,,,,,,,,,,,,,hw2.py,740106,31,5,0,,,,,,,,,,,
S08,2,2030-03-13T18:35:00.000Z,file_cleared,,,,,,,,,,,,,,hw2.py,322393,12,2,1,,,,,,,,,,,
S08,2,2030-03-13T18:41:24.588Z,returned_to_code,f77dbc27-4a98-40bc-bad4-d591e6761c89,1,,,,,30058,,,,,,,,,,,,,,,,,,,,,,
S08,2,2030-03-13T18:43:02.741Z,diagnostic_resolved,f77dbc27-4a98-40bc-bad4-d591e6761c89,,,,,,,,,,128211,299195,9,,,,,,,,,,,,,,,,
S08,2,2030-03-13T18:44:18.915Z,returned_to_code,bb78db1e-101e-4c29-abc4-34d877cd1637,1,,,,,30203,,,,,,,,,,,,,,,,,,,,,,
S08,2,2030-03-13T18:47:04.949Z,explanation_visibility,bb78db1e-101e-4c29-abc4-34d877cd1637,,,,70464,1,,,,,,,,,,,,,,,,,,,,,,,
S16,2,2030-03-14T16:32:00.000Z,file_cleared,,,,,,,,,,,,,,hw2.py,566169,11,3,0,,,,,,,,,,,
S16,2,2030-03-14T16:44:00.000Z,file_cleared,,,,,,,,,,,,,,hw2.py,328121,6,1,0,,,,,,,,,,,
S11,2,2030-03-15T14:17:08.522Z,returned_to_code,f2f2f1b6-e67b-4332-bc7a-ad71e7a8c921,1,,,,,18733,,,,,,,,,,,,,,,,,,,,,,
S11,2,2030-03-15T14:17:41.801Z,explanation_copied,f2f2f1b6-e67b-4332-bc7a-ad71e7a8c921,L2,,,,,,,,,,,,,,,,,,,,,,,,,,,
S11,2,2030-03-15T14:18:07.633Z,explanation_visibility,f2f2f1b6-e67b-4332-bc7a-ad71e7a8c921,,,,38125,1,,,,,,,,,,,,,,,,,,,,,,,
S11,2,2030-03-15T14:28:00.000Z,run_finished,,,,,,,,,,,,,,,,,,,1,0,,,,,,,,,
S11,2,2030-03-15T14:38:00.000Z,file_cleared,,,,,,,,,,,,,,hw2.py,280289,4,1,0,,,,,,,,,,,
S11,2,2030-03-15T14:45:01.890Z,returned_to_code,1dc18728-6ce6-41a5-a40e-721864212689,1,,,,,4525,,,,,,,,,,,,,,,,,,,,,,
S11,2,2030-03-15T14:49:00.000Z,file_cleared,,,,,,,,,,,,,,hw2.py,286937,12,2,0,,,,,,,,,,,
S11,2,2030-03-15T14:50:08.639Z,explanation_visibility,1dc18728-6ce6-41a5-a40e-721864212689,,,,42669,1,,,,,,,,,,,,,,,,,,,,,,,
S11,2,2030-03-15T14:56:00.000Z,file_cleared,,,,,,,,,,,,,,hw2.py,189347,32,4,0,,,,,,,,,,,
S14,2,2030-03-15T15:44:59.004Z,level_reached,c8c431c2-6c10-4201-ab16-c031d326478f,2,1,7553,,,,,,,,,,,,,,,,,,,,,,,,,
S14,2,2030-03-15T15:45:16.264Z,level_reached,c8c431c2-6c10-4201-ab16-c031d326478f,3,1,24813,,,,,,,,,,,,,,,,,,,,,,,,,
S14,2,2030-03-15T15:45:55.535Z,diagnostic_resolved,c8c431c2-6c10-4201-ab16-c031d326478f,,,,,,,,,,64084,66884,4,,,,,,,,,,,,,,,,
S14,2,2030-03-15T15:46:28.225Z,explanation_visibility,c8c431c2-6c10-4201-ab16-c031d326478f,,,,70471,1,,,,,,,,,,,,,,,,,,,,,,,
S14,2,2030-03-15T15:46:42.764Z,returned_to_code,c8c431c2-6c10-4201-ab16-c031d326478f,3,,,,,86500,,,,,,,,,,,,,,,,,,,,,,
S14,2,2030-03-15T16:04:15.234Z,level_reached,018296bf-29c3-41b8-b787-16fcf12de564,2,1,11501,,,,,,,,,,,,,,,,,,,,,,,,,
S14,2,2030-03-15T16:04:48.124Z,level_reached,018296bf-29c3-41b8-b787-16fcf12de564,3,1,44391,,,,,,,,,,,,,,,,,,,,,,,,,
S14,2,2030-03-15T16:04:58.513Z,post_feedback_edit,018296bf-29c3-41b8-b787-16fcf12de564,,,,,,,,0.651,1,,,,,,,,,,,,,,,,,,,
S14,2,2030-03-15T16:05:10.387Z,returned_to_code,018296bf-29c3-41b8-b787-16fcf12de564,3,,,,,22263,,,,,,,,,,,,,,,,,,,,,,
S14,2,2030-03-15T16:06:26.648Z,explanation_copied,018296bf-29c3-41b8-b787-16fcf12de564,L3,,,,,,,,,,,,,,,,,,,,,,,,,,,
S14,2,2030-03-15T16:06:35.555Z,level_reached,5429670b-3eb2-4082-a0af-e81236e8df22,2,1,12525,,,,,,,,,,,,,,,,,,,,,,,,,
S14,2,2030-03-15T16:06:44.380Z,returned_to_code,5429670b-3eb2-4082-a0af-e81236e8df22,2,,,,,8825,,,,,,,,,,,,,,,,,,,,,,
S14,2,2030-03-15T16:07:43.515Z,explanation_visibility,5429670b-3eb2-4082-a0af-e81236e8df22,,,,28486,0,,,,,,,,,,,,,,,,,,,,,,,
S14,2,2030-03-15T16:11:27.145Z,explanation_visibility,018296bf-29c3-41b8-b787-16fcf12de564,,,,411894,1,,,,,,,,,,,,,,,,,,,,,,,
S14,2,2030-03-15T16:19:40.863Z,level_reached,b1961916-66bc-4e97-804d-8495159c2e6b,2,1,6522,,,,,,,,,,,,,,,,,,,,,,,,,
S14,2,2030-03-15T16:19:42.451Z,level_reached,b1961916-66bc-4e97-804d-8495159c2e6b,3,1,8110,,,,,,,,,,,,,,,,,,,,,,,,,
S14,2,2030-03-15T16:19:52.814Z,returned_to_code,b1961916-66bc-4e97-804d-8495159c2e6b,3,,,,,10363,,,,,,,,,,,,,,,,,,,,,,
S14,2,2030-03-15T16:21:00.288Z,post_feedback_edit,b1961916-66bc-4e97-804d-8495159c2e6b,,,,,,,,0.727,8,,,,,,,,,,,,,,,,,,,
S14,2,2030-03-15T16:34:59.330Z,diagnostic_resolved,56ab35b8-f86c-4574-b975-facd6202b279,,,,,,,,,,43837,61399,3,,,,,,,,,,,,,,,,
S14,2,2030-03-15T16:35:37.746Z,explanation_visibility,56ab35b8-f86c-4574-b975-facd6202b279,,,,45159,1,,,,,,,,,,,,,,,,,,,,,,,
S14,2,2030-03-15T16:35:47.048Z,level_reached,56ab35b8-f86c-4574-b975-facd6202b279,2,1,91555,,,,,,,,,,,,,,,,,,,,,,,,,
S14,2,2030-03-15T16:35:58.918Z,level_reached,56ab35b8-f86c-4574-b975-facd6202b279,3,1,103425,,,,,,,,,,,,,,,,,,,,,,,,,
S14,2,2030-03-15T16:36:00.434Z,returned_to_code,56ab35b8-f86c-4574-b975-facd6202b279,3,,,,,1516,,,,,,,,,,,,,,,,,,,,,,
S14,2,2030-03-15T16:36:30.564Z,explanation_copied,56ab35b8-f86c-4574-b975-facd6202b279,L2,,,,,,,,,,,,,,,,,,,,,,,,,,,
S14,2,2030-03-15T16:43:44.817Z,level_reached,9ede57b7-b349-4599-88a7-2bb20053940a,2,1,9987,,,,,,,,,,,,,,,,,,,,,,,,,
S14,2,2030-03-15T16:43:59.208Z,returned_to_code,5c181558-0079-4b28-8cba-78e55ba080ec,1,,,,,24056,,,,,,,,,,,,,,,,,,,,,,
S14,2,2030-03-15T16:44:20.248Z,level_reached,9ede57b7-b349-4599-88a7-2bb20053940a,3,1,45418,,,,,,,,,,,,,,,,,,,,,,,,,
S14,2,2030-03-15T16:44:37.129Z,diagnostic_resolved,5c181558-0079-4b28-8cba-78e55ba080ec,,,,,,,,,,61977,66579,6,,,,,,,,,,,,,,,,
S14,2,2030-03-15T16:44:56.302Z,returned_to_code,9ede57b7-b349-4599-88a7-2bb20053940a,3,,,,,36054,,,,,,,,,,,,,,,,,,,,,,
S14,2,2030-03-15T16:45:54.655Z,explanation_visibility,9ede57b7-b349-4599-88a7-2bb20053940a,,,,111454,1,,,,,,,,,,,,,,,,,,,,,,,
S14,2,2030-03-15T16:46:37.190Z,level_reached,20390291-2fb6-4230-92ad-08779832204e,2,1,12218,,,,,,,,,,,,,,,,,,,,,,,,,
S14,2,2030-03-15T16:46:39.654Z,returned_to_code,20390291-2fb6-4230-92ad-08779832204e,2,,,,,2464,,,,,,,,,,,,,,,,,,,,,,
S14,2,2030-03-15T16:49:21.737Z,explanation_visibility,20390291-2fb6-4230-92ad-08779832204e,,,,53242,1,,,,,,,,,,,,,,,,,,,,,,,
S14,2,2030-03-15T16:51:44.799Z,explanation_visibility,5c181558-0079-4b28-8cba-78e55ba080ec,,,,378226,1,,,,,,,,,,,,,,,,,,,,,,,
S24,2,2030-03-15T19:06:50.060Z,returned_to_code,cfce5bbd-78d4-48cb-82f6-50bf4f0f9608,1,,,,,9926,,,,,,,,,,,,,,,,,,,,,,
S24,2,2030-03-15T19:07:57.630Z,explanation_visibility,cfce5bbd-78d4-48cb-82f6-50bf4f0f9608,,,,20250,1,,,,,,,,,,,,,,,,,,,,,,,
S24,2,2030-03-15T19:08:00.000Z,explanation_reopened,e229a47f-ec52-4bc5-827e-75636900c7b0,,,,,,,,,,,,,,,,,,,,,,,,,,,,
S24,2,2030-03-15T19:09:08.704Z,level_reached,d6c4cafa-69c9-4285-8702-e2a83c3b914f,2,1,5868,,,,,,,,,,,,,,,,,,,,,,,,,
S24,2,2030-03-15T19:09:28.444Z,returned_to_code,d6c4cafa-69c9-4285-8702-e2a83c3b914f,2,,,,,19740,,,,,,,,,,,,,,,,,,,,,,
S24,2,2030-03-15T19:10:08.542Z,explanation_visibility,d6c4cafa-69c9-4285-8702-e2a83c3b914f,,,,32635,1,,,,,,,,,,,,,,,,,,,,,,,
S24,2,2030-03-15T19:10:22.136Z,diagnostic_resolved,d6c4cafa-69c9-4285-8702-e2a83c3b914f,,,,,,,,,,79300,99824,9,,,,,,,,,,,,,,,,
S24,2,2030-03-15T19:10:37.810Z,diagnostic_resolved,cfce5bbd-78d4-48cb-82f6-50bf4f0f9608,,,,,,,,,,237676,295156,8,,,,,,,,,,,,,,,,
S24,2,2030-03-15T19:22:17.438Z,level_reached,bdbce570-e320-445c-94a7-e0e82291ea44,2,1,21623,,,,,,,,,,,,,,,,,,,,,,,,,
S24,2,2030-03-15T19:22:26.806Z,level_reached,bdbce570-e320-445c-94a7-e0e82291ea44,3,1,30991,,,,,,,,,,,,,,,,,,,,,,,,,
S24,2,2030-03-15T19:23:39.162Z,explanation_visibility,bdbce570-e320-445c-94a7-e0e82291ea44,,,,34077,1,,,,,,,,,,,,,,,,,,,,,,,
S24,2,2030-03-15T19:24:16.212Z,explanation_copied,bdbce570-e320-445c-94a7-e0e82291ea44,L3,,,,,,,,,,,,,,,,,,,,,,,,,,,
S24,2,2030-03-15T19:28:00.000Z,feedback_abandoned,bdbce570-e320-445c-94a7-e0e82291ea44,3,,,,,,session_end,,,,,,,,,,,,,,,,,,,,,
S24,2,2030-03-15T19:33:28.184Z,diagnostic_resolved,bdbce570-e320-445c-94a7-e0e82291ea44,,,,,,,,,,692369,749184,5,,,,,,,,,,,,,,,,
S01,2,2030-03-16T19:13:35.135Z,returned_to_code,1e438424-9a1b-4e05-9ca5-11622706b2e8,1,,,,,26264,,,,,,,,,,,,,,,,,,,,,,
S01,2,2030-03-16T19:14:00.000Z,run_finished,,,,,,,,,,,,,,,,,,,1,0,,,,,,,,,
S01,2,2030-03-16T19:14:14.261Z,explanation_visibility,1e438424-9a1b-4e05-9ca5-11622706b2e8,,,,37190,1,,,,,,,,,,,,,,,,,,,,,,,
S01,2,2030-03-16T19:15:44.317Z,diagnostic_resolved,1e438424-9a1b-4e05-9ca5-11622706b2e8,,,,,,,,,,155446,219052,3,,,,,,,,,,,,,,,,
S01,2,2030-03-16T19:18:00.000Z,run_finished,,,,,,,,,,,,,,,,,,,0,1,,,,,,,,,
S01,2,2030-03-16T19:26:51.968Z,returned_to_code,bb0cf9cd-4dab-43e6-b8df-f17fe6e08129,1,,,,,45982,,,,,,,,,,,,,,,,,,,,,,
S01,2,2030-03-16T19:28:28.069Z,diagnostic_resolved,bb0cf9cd-4dab-43e6-b8df-f17fe6e08129,,,,,,,,,,142083,200012,6,,,,,,,,,,,,,,,,
S01,2,2030-03-16T19:28:53.323Z,explanation_visibility,bb0cf9cd-4dab-43e6-b8df-f17fe6e08129,,,,155110,1,,,,,,,,,,,,,,,,,,,,,,,
S01,2,2030-03-16T19:33:07.035Z,returned_to_code,510537c0-83ca-4f52-b61d-7df907bfd68c,1,,,,,19162,,,,,,,,,,,,,,,,,,,,,,
S01,2,2030-03-16T19:34:00.000Z,file_cleared,,,,,,,,,,,,,,hw2.py,163167,13,4,1,,,,,,,,,,,
S01,2,2030-03-16T19:34:42.787Z,explanation_visibility,510537c0-83ca-4f52-b61d-7df907bfd68c,,,,12767,1,,,,,,,,,,,,,,,,,,,,,,,
S01,2,2030-03-16T19:36:00.000Z,run_finished,,,,,,,,,,,,,,,,,,,0,1,,,,,,,,,
S01,2,2030-03-16T19:48:12.777Z,returned_to_code,17185901-c0b4-407e-9c77-1ca8e5e8fe9a,1,,,,,39042,,,,,,,,,,,,,,,,,,,,,,
S01,2,2030-03-16T19:50:25.035Z,explanation_visibility,17185901-c0b4-407e-9c77-1ca8e5e8fe9a,,,,98248,1,,,,,,,,,,,,,,,,,,,,,,,
S01,2,2030-03-17T16:02:15.909Z,returned_to_code,e4eb1eef-5819-480e-abac-5935d6117d31,1,,,,,62915,,,,,,,,,,,,,,,,,,,,,,
S01,2,2030-03-17T16:02:53.711Z,diagnostic_resolved,e4eb1eef-5819-480e-abac-5935d6117d31,,,,,,,,,,100717,173557,2,,,,,,,,,,,,,,,,
S01,2,2030-03-17T16:07:00.000Z,explanation_reopened,bb0cf9cd-4dab-43e6-b8df-f17fe6e08129,,,,,,,,,,,,,,,,,,,,,,,,,,,,
S09,2,2030-03-17T16:12:46.358Z,level_reached,a2474dbf-73bb-4eda-be20-5e4a943f8fa7,2,1,21357,,,,,,,,,,,,,,,,,,,,,,,,,
S09,2,2030-03-17T16:13:21.580Z,level_reached,a2474dbf-73bb-4eda-be20-5e4a943f8fa7,3,1,56579,,,,,,,,,,,,,,,,,,,,,,,,,
S09,2,2030-03-17T16:14:03.638Z,explanation_visibility,a2474dbf-73bb-4eda-be20-5e4a943f8fa7,,,,39966,1,,,,,,,,,,,,,,,,,,,,,,,
S09,2,2030-03-17T16:14:20.192Z,returned_to_code,a2474dbf-73bb-4eda-be20-5e4a943f8fa7,3,,,,,58612,,,,,,,,,,,,,,,,,,,,,,
S09,2,2030-03-17T16:14:46.440Z,diagnostic_resolved,a2474dbf-73bb-4eda-be20-5e4a943f8fa7,,,,,,,,,,141439,176317,4,,,,,,,,,,,,,,,,
S09,2,2030-03-17T16:14:51.165Z,level_reached,8bb424c7-fd70-4200-9169-bb6bff49e10b,2,1,14564,,,,,,,,,,,,,,,,,,,,,,,,,
S09,2,2030-03-17T16:15:14.833Z,level_reached,8bb424c7-fd70-4200-9169-bb6bff49e10b,3,1,38232,,,,,,,,,,,,,,,,,,,,,,,,,
S09,2,2030-03-17T16:15:44.540Z,returned_to_code,8bb424c7-fd70-4200-9169-bb6bff49e10b,3,,,,,29707,,,,,,,,,,,,,,,,,,,,,,
S09,2,2030-03-17T16:16:00.000Z,file_cleared,,,,,,,,,,,,,,hw2.py,218212,16,4,1,,,,,,,,,,,
S01,2,2030-03-17T16:16:50.792Z,returned_to_code,ac7f0ba7-e8d1-4a5b-ae6a-2b21a265d673,1,,,,,11724,,,,,,,,,,,,,,,,,,,,,,
S09,2,2030-03-17T16:16:59.711Z,explanation_visibility,8bb424c7-fd70-4200-9169-bb6bff49e10b,,,,66438,1,,,,,,,,,,,,,,,,,,,,,,,
S01,2,2030-03-17T16:18:50.515Z,explanation_visibility,ac7f0ba7-e8d1-4a5b-ae6a-2b21a265d673,,,,73141,0,,,,,,,,,,,,,,,,,,,,,,,
S12,2,2030-03-17T19:31:00.000Z,file_cleared,,,,,,,,,,,,,,hw2.py,811040,8,2,0,,,,,,,,,,,
S18,3,2030-03-19T07:06:00.000Z,explanation_reopened,c27db706-a0f4-4277-8304-52be17a2ffbd,,,,,,,,,,,,,,,,,,,,,,,,,,,,
S22,3,2030-03-19T07:10:00.000Z,explanation_reopened,5ed87b17-6dc9-48a3-b565-c30f24972dc9,,,,,,,,,,,,,,,,,,,,,,,,,,,,
S23,3,2030-03-19T07:10:00.000Z,explanation_reopened,5cf2e114-86d8-43c6-850d-533ca070a43f,,,,,,,,,,,,,,,,,,,,,,,,,,,,
S05,3,2030-03-19T07:10:28.427Z,returned_to_code,81e89670-53e7-4f77-b259-fceefa9d4d27,1,,,,,7847,,,,,,,,,,,,,,,,,,,,,,
S24,3,2030-03-19T07:10:33.066Z,explanation_visibility,1d83c341-ead1-4091-b545-3fb9aac998ca,,,,144736,1,,,,,,,,,,,,,,,,,,,,,,,
S17,3,2030-03-19T07:10:38.983Z,returned_to_code,34b10137-35b1-4a23-ab4e-be1bedc9bc7f,1,,,,,51391,,,,,,,,,,,,,,,,,,,,,,
S17,3,2030-03-19T07:10:52.944Z,diagnostic_resolved,34b10137-35b1-4a23-ab4e-be1bedc9bc7f,,,,,,,,,,65352,87735,4,,,,,,,,,,,,,,,,
S12,3,2030-03-19T07:11:00.000Z,question_picker_abandoned,,,,,,,,,,,,,,,,,,,,,preset,selection_codelens,7,273,,,,,
S02,3,2030-03-19T07:11:00.000Z,question_picker_abandoned,,,,,,,,,,,,,,,,,,,,,free_text,selection_lightbulb,3,84,,,,,
S18,3,2030-03-19T07:11:00.000Z,run_finished,,,,,,,,,,,,,,,,,,,1,0,,,,,,,,,
S05,3,2030-03-19T07:11:27.750Z,diagnostic_resolved,81e89670-53e7-4f77-b259-fceefa9d4d27,,,,,,,,,,67170,209755,3,,,,,,,,,,,,,,,,
S18,3,2030-03-19T07:11:36.460Z,returned_to_code,333b2aeb-32b9-4efc-a065-a53c780faf4f,1,,,,,7449,,,,,,,,,,,,,,,,,,,,,,
S13,3,2030-03-19T07:12:00.000Z,file_cleared,,,,,,,,,,,,,,lab3_loops.py,2983146,20,4,1,,,,,,,,,,,
S18,3,2030-03-19T07:12:22.075Z,diagnostic_resolved,333b2aeb-32b9-4efc-a065-a53c780faf4f,,,,,,,,,,53064,133160,10,,,,,,,,,,,,,,,,
S15,3,2030-03-19T07:13:00.000Z,file_cleared,,,,,,,,,,,,,,lab3_loops.py,89129,11,2,1,,,,,,,,,,,
S17,3,2030-03-19T07:13:04.995Z,explanation_visibility,34b10137-35b1-4a23-ab4e-be1bedc9bc7f,,,,88396,1,,,,,,,,,,,,,,,,,,,,,,,
S05,3,2030-03-19T07:13:24.282Z,explanation_visibility,81e89670-53e7-4f77-b259-fceefa9d4d27,,,,135740,0,,,,,,,,,,,,,,,,,,,,,,,
S18,3,2030-03-19T07:13:26.864Z,explanation_visibility,333b2aeb-32b9-4efc-a065-a53c780faf4f,,,,51873,1,,,,,,,,,,,,,,,,,,,,,,,
S21,3,2030-03-19T07:14:01.712Z,level_reached,8582baa5-3822-4a38-82d2-86cca6666d77,2,1,9386,,,,,,,,,,,,,,,,,,,,,,,,,
S21,3,2030-03-19T07:14:26.699Z,returned_to_code,8582baa5-3822-4a38-82d2-86cca6666d77,2,,,,,24987,,,,,,,,,,,,,,,,,,,,,,
S17,3,2030-03-19T07:15:00.000Z,file_cleared,,,,,,,,,,,,,,lab3_loops.py,1794725,27,5,0,,,,,,,,,,,
S17,3,2030-03-19T07:15:00.000Z,file_cleared,,,,,,,,,,,,,,lab3_loops.py,593506,7,1,0,,,,,,,,,,,
S22,3,2030-03-19T07:16:00.000Z,explanation_reopened,efe431ea-6cdc-4c27-be24-5de80089ef30,,,,,,,,,,,,,,,,,,,,,,,,,,,,
S09,3,2030-03-19T07:16:00.000Z,file_cleared,,,,,,,,,,,,,,lab3_loops.py,192146,9,1,1,,,,,,,,,,,
S21,3,2030-03-19T07:16:04.036Z,diagnostic_resolved,8582baa5-3822-4a38-82d2-86cca6666d77,,,,,,,,,,131710,141441,1,,,,,,,,,,,,,,,,
S20,3,2030-03-19T07:16:10.771Z,returned_to_code,a3de317f-b5b4-436e-9f85-85e4e8d8e01c,1,,,,,31640,,,,,,,,,,,,,,,,,,,,,,
S21,3,2030-03-19T07:17:15.181Z,explanation_visibility,8582baa5-3822-4a38-82d2-86cca6666d77,,,,5848,1,,,,,,,,,,,,,,,,,,,,,,,
S20,3,2030-03-19T07:17:21.752Z,explanation_visibility,a3de317f-b5b4-436e-9f85-85e4e8d8e01c,,,,30887,1,,,,,,,,,,,,,,,,,,,,,,,
S24,3,2030-03-19T07:17:42.677Z,feedback_abandoned,1d83c341-ead1-4091-b545-3fb9aac998ca,1,,,,,,timeout,,,,,,,,,,,,,,,,,,,,,
S23,3,2030-03-19T07:17:52.851Z,level_reached,4b07c9fa-e437-4bf2-8107-8c747da3813f,2,1,33238,,,,,,,,,,,,,,,,,,,,,,,,,
S23,3,2030-03-19T07:17:59.496Z,diagnostic_resolved,4b07c9fa-e437-4bf2-8107-8c747da3813f,,,,,,,,,,39883,106622,2,,,,,,,,,,,,,,,,
S08,3,2030-03-19T07:18:00.000Z,file_cleared,,,,,,,,,,,,,,lab3_loops.py,487019,4,1,0,,,,,,,,,,,
S07,3,2030-03-19T07:18:00.000Z,run_finished,,,,,,,,,,,,,,,,,,,1,0,,,,,,,,,
S23,3,2030-03-19T07:18:11.684Z,level_reached,4b07c9fa-e437-4bf2-8107-8c747da3813f,3,1,52071,,,,,,,,,,,,,,,,,,,,,,,,,
S02,3,2030-03-19T07:18:21.571Z,level_reached,1cec20ac-1510-44b5-9515-35b5428cb474,2,1,20881,,,,,,,,,,,,,,,,,,,,,,,,,
S07,3,2030-03-19T07:18:25.732Z,explanation_visibility,5fc9737a-7847-4911-a92b-8cf3c169f89b,,,,24362,1,,,,,,,,,,,,,,,,,,,,,,,
S23,3,2030-03-19T07:18:48.671Z,post_feedback_edit,4b07c9fa-e437-4bf2-8107-8c747da3813f,,,,,,,,0.397,3,,,,,,,,,,,,,,,,,,,
S02,3,2030-03-19T07:18:59.745Z,level_reached,1cec20ac-1510-44b5-9515-35b5428cb474,3,1,59055,,,,,,,,,,,,,,,,,,,,,,,,,
S02,3,2030-03-19T07:19:13.050Z,returned_to_code,1cec20ac-1510-44b5-9515-35b5428cb474,3,,,,,13305,,,,,,,,,,,,,,,,,,,,,,
S02,3,2030-03-19T07:19:26.980Z,level_reached,682ab644-3dcc-4919-be52-e7e8da3e8d10,2,1,16124,,,,,,,,,,,,,,,,,,,,,,,,,
S02,3,2030-03-19T07:19:37.163Z,level_reached,682ab644-3dcc-4919-be52-e7e8da3e8d10,3,1,26307,,,,,,,,,,,,,,,,,,,,,,,,,
S02,3,2030-03-19T07:19:51.862Z,returned_to_code,682ab644-3dcc-4919-be52-e7e8da3e8d10,3,,,,,14699,,,,,,,,,,,,,,,,,,,,,,
S23,3,2030-03-19T07:19:55.371Z,explanation_visibility,4b07c9fa-e437-4bf2-8107-8c747da3813f,,,,63222,1,,,,,,,,,,,,,,,,,,,,,,,
S02,3,2030-03-19T07:19:56.559Z,post_feedback_edit,682ab644-3dcc-4919-be52-e7e8da3e8d10,,,,,,,,0.347,0,,,,,,,,,,,,,,,,,,,
S20,3,2030-03-19T07:19:58.156Z,diagnostic_resolved,a3de317f-b5b4-436e-9f85-85e4e8d8e01c,,,,,,,,,,259025,341954,5,,,,,,,,,,,,,,,,
S02,3,2030-03-19T07:20:06.887Z,post_feedback_edit,1cec20ac-1510-44b5-9515-35b5428cb474,,,,,,,,0.327,0,,,,,,,,,,,,,,,,,,,
S02,3,2030-03-19T07:20:29.965Z,diagnostic_resolved,1cec20ac-1510-44b5-9515-35b5428cb474,,,,,,,,,,149275,164041,5,,,,,,,,,,,,,,,,
S07,3,2030-03-19T07:21:21.210Z,level_reached,188a8421-41d2-4a01-ad0d-729b37881b97,2,1,35728,,,,,,,,,,,,,,,,,,,,,,,,,
S02,3,2030-03-19T07:21:32.307Z,fix_undone,1cec20ac-1510-44b5-9515-35b5428cb474,,,,,,,,,,,,,,,,,,,,,,,,,,,,
S24,3,2030-03-19T07:21:32.754Z,level_reached,9a5ac8f2-7c29-438a-819b-5ea3ec1fde82,2,1,23239,,,,,,,,,,,,,,,,,,,,,,,,,
S02,3,2030-03-19T07:21:38.047Z,explanation_visibility,1cec20ac-1510-44b5-9515-35b5428cb474,,,,125094,1,,,,,,,,,,,,,,,,,,,,,,,
S07,3,2030-03-19T07:21:41.593Z,diagnostic_resolved,5fc9737a-7847-4911-a92b-8cf3c169f89b,,,,,,,,,,285841,289361,5,,,,,,,,,,,,,,,,
S24,3,2030-03-19T07:21:47.405Z,level_reached,9a5ac8f2-7c29-438a-819b-5ea3ec1fde82,3,1,37890,,,,,,,,,,,,,,,,,,,,,,,,,
S10,3,2030-03-19T07:21:52.691Z,returned_to_code,fed1dc0d-5b49-424b-8e1e-0fafd13cb585,1,,,,,8526,,,,,,,,,,,,,,,,,,,,,,
S07,3,2030-03-19T07:21:54.131Z,diagnostic_resolved,188a8421-41d2-4a01-ad0d-729b37881b97,,,,,,,,,,68649,102314,4,,,,,,,,,,,,,,,,
S02,3,2030-03-19T07:21:58.074Z,explanation_visibility,682ab644-3dcc-4919-be52-e7e8da3e8d10,,,,59753,1,,,,,,,,,,,,,,,,,,,,,,,
S23,3,2030-03-19T07:22:00.000Z,file_cleared,,,,,,,,,,,,,,lab3_loops.py,84503,14,3,2,,,,,,,,,,,
S24,3,2030-03-19T07:22:00.725Z,returned_to_code,9a5ac8f2-7c29-438a-819b-5ea3ec1fde82,3,,,,,13320,,,,,,,,,,,,,,,,,,,,,,
S24,3,2030-03-19T07:22:05.829Z,post_feedback_edit,9a5ac8f2-7c29-438a-819b-5ea3ec1fde82,,,,,,,,0.568,0,,,,,,,,,,,,,,,,,,,
S07,3,2030-03-19T07:22:06.420Z,explanation_visibility,188a8421-41d2-4a01-ad0d-729b37881b97,,,,3508,0,,,,,,,,,,,,,,,,,,,,,,,
S07,3,2030-03-19T07:22:13.362Z,level_reached,188a8421-41d2-4a01-ad0d-729b37881b97,3,1,87880,,,,,,,,,,,,,,,,,,,,,,,,,
S09,3,2030-03-19T07:22:15.336Z,returned_to_code,ec74b828-2320-4003-b07c-875d2b7f6a23,1,,,,,1628,,,,,,,,,,,,,,,,,,,,,,
S07,3,2030-03-19T07:22:27.659Z,post_feedback_edit,188a8421-41d2-4a01-ad0d-729b37881b97,,,,,,,,0.693,4,,,,,,,,,,,,,,,,,,,
S24,3,2030-03-19T07:22:36.075Z,explanation_visibility,9a5ac8f2-7c29-438a-819b-5ea3ec1fde82,,,,34968,1,,,,,,,,,,,,,,,,,,,,,,,
S03,3,2030-03-19T07:23:00.000Z,explanation_reopened,4bdc6a98-555a-46bf-ae5a-9a54ac19d933,,,,,,,,,,,,,,,,,,,,,,,,,,,,
S07,3,2030-03-19T07:23:00.000Z,file_cleared,,,,,,,,,,,,,,lab3_loops.py,960124,13,1,0,,,,,,,,,,,
S10,3,2030-03-19T07:23:39.521Z,explanation_visibility,fed1dc0d-5b49-424b-8e1e-0fafd13cb585,,,,52909,1,,,,,,,,,,,,,,,,,,,,,,,
S14,3,2030-03-19T07:23:53.746Z,level_reached,bdc64c22-3caf-41d7-8dbf-7852b1abe30a,2,1,22575,,,,,,,,,,,,,,,,,,,,,,,,,
S14,3,2030-03-19T07:23:57.377Z,level_reached,bdc64c22-3caf-41d7-8dbf-7852b1abe30a,3,1,26206,,,,,,,,,,,,,,,,,,,,,,,,,
S02,3,2030-03-19T07:24:01.480Z,level_reached,080b7c79-cf5e-4c4c-9a87-9f4c62563ebc,2,1,15491,,,,,,,,,,,,,,,,,,,,,,,,,
S02,3,2030-03-19T07:24:08.782Z,level_reached,080b7c79-cf5e-4c4c-9a87-9f4c62563ebc,3,1,22793,,,,,,,,,,,,,,,,,,,,,,,,,
S07,3,2030-03-19T07:24:12.393Z,returned_to_code,188a8421-41d2-4a01-ad0d-729b37881b97,3,,,,,119031,,,,,,,,,,,,,,,,,,,,,,
S02,3,2030-03-19T07:24:13.008Z,post_feedback_edit,080b7c79-cf5e-4c4c-9a87-9f4c62563ebc,,,,,,,,0.164,1,,,,,,,,,,,,,,,,,,,
S14,3,2030-03-19T07:24:13.989Z,returned_to_code,bdc64c22-3caf-41d7-8dbf-7852b1abe30a,3,,,,,16612,,,,,,,,,,,,,,,,,,,,,,
S02,3,2030-03-19T07:24:19.004Z,returned_to_code,080b7c79-cf5e-4c4c-9a87-9f4c62563ebc,3,,,,,10222,,,,,,,,,,,,,,,,,,,,,,
S09,3,2030-03-19T07:24:22.572Z,explanation_visibility,ec74b828-2320-4003-b07c-875d2b7f6a23,,,,53080,1,,,,,,,,,,,,,,,,,,,,,,,
S02,3,2030-03-19T07:24:36.751Z,explanation_visibility,080b7c79-cf5e-4c4c-9a87-9f4c62563ebc,,,,29181,1,,,,,,,,,,,,,,,,,,,,,,,
S14,3,2030-03-19T07:24:44.999Z,level_reached,14d65823-8d9b-49f0-8ee1-231d05b91200,2,1,17459,,,,,,,,,,,,,,,,,,,,,,,,,
S14,3,2030-03-19T07:24:57.047Z,level_reached,14d65823-8d9b-49f0-8ee1-231d05b91200,3,1,29507,,,,,,,,,,,,,,,,,,,,,,,,,
S06,3,2030-03-19T07:25:00.000Z,file_cleared,,,,,,,,,,,,,,lab3_loops.py,322551,27,6,1,,,,,,,,,,,
S14,3,2030-03-19T07:25:00.153Z,post_feedback_edit,14d65823-8d9b-49f0-8ee1-231d05b91200,,,,,,,,0.705,0,,,,,,,,,,,,,,,,,,,
S14,3,2030-03-19T07:25:25.606Z,explanation_copied,bdc64c22-3caf-41d7-8dbf-7852b1abe30a,L0,,,,,,,,,,,,,,,,,,,,,,,,,,,
S24,3,2030-03-19T07:25:37.468Z,diagnostic_resolved,9a5ac8f2-7c29-438a-819b-5ea3ec1fde82,,,,,,,,,,267953,332378,3,,,,,,,,,,,,,,,,
S14,3,2030-03-19T07:25:47.581Z,diagnostic_resolved,bdc64c22-3caf-41d7-8dbf-7852b1abe30a,,,,,,,,,,136410,160055,6,,,,,,,,,,,,,,,,
S14,3,2030-03-19T07:25:51.992Z,post_feedback_edit,bdc64c22-3caf-41d7-8dbf-7852b1abe30a,,,,,,,,0.727,2,,,,,,,,,,,,,,,,,,,
S01,3,2030-03-19T07:26:00.000Z,file_cleared,,,,,,,,,,,,,,lab3_loops.py,357263,22,4,1,,,,,,,,,,,
S02,3,2030-03-19T07:26:28.930Z,diagnostic_resolved,080b7c79-cf5e-4c4c-9a87-9f4c62563ebc,,,,,,,,,,162941,220277,5,,,,,,,,,,,,,,,,
S14,3,2030-03-19T07:26:31.904Z,returned_to_code,14d65823-8d9b-49f0-8ee1-231d05b91200,3,,,,,94857,,,,,,,,,,,,,,,,,,,,,,
S14,3,2030-03-19T07:26:42.576Z,explanation_visibility,bdc64c22-3caf-41d7-8dbf-7852b1abe30a,,,,43591,1,,,,,,,,,,,,,,,,,,,,,,,
S10,3,2030-03-19T07:26:52.408Z,diagnostic_resolved,fed1dc0d-5b49-424b-8e1e-0fafd13cb585,,,,,,,,,,308243,341384,6,,,,,,,,,,,,,,,,
S07,3,2030-03-19T07:26:55.752Z,feedback_abandoned,5fc9737a-7847-4911-a92b-8cf3c169f89b,1,,,,,,timeout,,,,,,,,,,,,,,,,,,,,,
S06,3,2030-03-19T07:27:00.000Z,file_cleared,,,,,,,,,,,,,,lab3_loops.py,670346,14,2,2,,,,,,,,,,,
S06,3,2030-03-19T07:27:00.000Z,file_cleared,,,,,,,,,,,,,,lab3_loops.py,294185,17,3,2,,,,,,,,,,,
S01,3,2030-03-19T07:27:00.000Z,file_cleared,,,,,,,,,,,,,,lab3_loops.py,1046134,8,1,0,,,,,,,,,,,
S23,3,2030-03-19T07:27:59.113Z,returned_to_code,96d3a3e5-26c9-42b4-9e75-c8b25d61ecc3,1,,,,,13068,,,,,,,,,,,,,,,,,,,,,,
S22,3,2030-03-19T07:28:00.000Z,explanation_reopened,d5d7b4e4-d916-4ffe-9753-faf1e5f424d6,,,,,,,,,,,,,,,,,,,,,,,,,,,,
S23,3,2030-03-19T07:28:11.684Z,feedback_abandoned,4b07c9fa-e437-4bf2-8107-8c747da3813f,3,,,,,,session_end,,,,,,,,,,,,,,,,,,,,,
S06,3,2030-03-19T07:28:17.257Z,returned_to_code,962ad250-2707-4ac8-86c8-c58dc077627c,1,,,,,107306,,,,,,,,,,,,,,,,,,,,,,
S09,3,2030-03-19T07:28:33.162Z,diagnostic_resolved,ec74b828-2320-4003-b07c-875d2b7f6a23,,,,,,,,,,379454,425355,3,,,,,,,,,,,,,,,,
S23,3,2030-03-19T07:28:39.814Z,diagnostic_resolved,96d3a3e5-26c9-42b4-9e75-c8b25d61ecc3,,,,,,,,,,53769,156024,2,,,,,,,,,,,,,,,,
S06,3,2030-03-19T07:28:41.328Z,explanation_visibility,962ad250-2707-4ac8-86c8-c58dc077627c,,,,50248,0,,,,,,,,,,,,,,,,,,,,,,,
S02,3,2030-03-19T07:29:00.000Z,run_finished,,,,,,,,,,,,,,,,,,,0,1,,,,,,,,,
S06,3,2030-03-19T07:29:08.874Z,diagnostic_resolved,962ad250-2707-4ac8-86c8-c58dc077627c,,,,,,,,,,158923,175814,4,,,,,,,,,,,,,,,,
S07,3,2030-03-19T07:30:00.000Z,file_cleared,,,,,,,,,,,,,,lab3_loops.py,458948,8,4,4,,,,,,,,,,,
S23,3,2030-03-19T07:30:25.935Z,level_reached,e5c6662b-8dbf-4522-949a-090115da5875,2,1,34966,,,,,,,,,,,,,,,,,,,,,,,,,
S09,3,2030-03-19T07:30:42.297Z,returned_to_code,a609d2cd-8375-4fc4-a8af-ea4e72a2e246,1,,,,,26233,,,,,,,,,,,,,,,,,,,,,,
S23,3,2030-03-19T07:30:51.249Z,level_reached,e5c6662b-8dbf-4522-949a-090115da5875,3,1,60280,,,,,,,,,,,,,,,,,,,,,,,,,
S10,3,2030-03-19T07:31:04.464Z,returned_to_code,f7c48d8c-ac0a-41a6-acea-47b2d22623e6,1,,,,,74393,,,,,,,,,,,,,,,,,,,,,,
S23,3,2030-03-19T07:31:33.334Z,post_feedback_edit,e5c6662b-8dbf-4522-949a-090115da5875,,,,,,,,0.363,4,,,,,,,,,,,,,,,,,,,
S23,3,2030-03-19T07:31:38.660Z,returned_to_code,e5c6662b-8dbf-4522-949a-090115da5875,3,,,,,47411,,,,,,,,,,,,,,,,,,,,,,
S10,3,2030-03-19T07:31:38.894Z,explanation_visibility,f7c48d8c-ac0a-41a6-acea-47b2d22623e6,,,,32947,1,,,,,,,,,,,,,,,,,,,,,,,
S18,3,2030-03-19T07:31:42.316Z,explanation_visibility,1828c711-9183-4aab-9e1e-d64325b3d43d,,,,18107,1,,,,,,,,,,,,,,,,,,,,,,,
S23,3,2030-03-19T07:31:43.134Z,explanation_visibility,e5c6662b-8dbf-4522-949a-090115da5875,,,,39012,1,,,,,,,,,,,,,,,,,,,,,,,
S23,3,2030-03-19T07:32:17.349Z,explanation_visibility,96d3a3e5-26c9-42b4-9e75-c8b25d61ecc3,,,,53078,0,,,,,,,,,,,,,,,,,,,,,,,
S18,3,2030-03-19T07:32:29.068Z,diagnostic_resolved,1828c711-9183-4aab-9e1e-d64325b3d43d,,,,,,,,,,82543,91728,1,,,,,,,,,,,,,,,,
S02,3,2030-03-19T07:32:29.326Z,returned_to_code,02e6f84d-f894-42d2-bedb-4650c99c0900,1,,,,,26438,,,,,,,,,,,,,,,,,,,,,,
S10,3,2030-03-19T07:32:36.141Z,diagnostic_resolved,f7c48d8c-ac0a-41a6-acea-47b2d22623e6,,,,,,,,,,166070,189955,4,,,,,,,,,,,,,,,,
S11,3,2030-03-19T07:32:43.001Z,returned_to_code,c990b542-30d7-4f71-9d8b-65cf701bcd5e,1,,,,,31127,,,,,,,,,,,,,,,,,,,,,,
S09,3,2030-03-19T07:32:59.582Z,explanation_visibility,a609d2cd-8375-4fc4-a8af-ea4e72a2e246,,,,73158,1,,,,,,,,,,,,,,,,,,,,,,,
S21,3,2030-03-19T07:33:00.000Z,file_cleared,,,,,,,,,,,,,,lab3_loops.py,400966,17,3,0,,,,,,,,,,,
S22,3,2030-03-19T07:33:00.000Z,run_finished,,,,,,,,,,,,,,,,,,,1,0,,,,,,,,,
S18,3,2030-03-19T07:33:29.575Z,explanation_copied,1828c711-9183-4aab-9e1e-d64325b3d43d,L2,,,,,,,,,,,,,,,,,,,,,,,,,,,
S11,3,2030-03-19T07:33:49.972Z,diagnostic_resolved,c990b542-30d7-4f71-9d8b-65cf701bcd5e,,,,,,,,,,98098,113101,8,,,,,,,,,,,,,,,,
S02,3,2030-03-19T07:33:54.412Z,explanation_visibility,02e6f84d-f894-42d2-bedb-4650c99c0900,,,,66553,1,,,,,,,,,,,,,,,,,,,,,,,
S12,3,2030-03-19T07:34:00.000Z,run_finished,,,,,,,,,,,,,,,,,,,0,1,,,,,,,,,
S20,3,2030-03-19T07:34:19.083Z,level_reached,da002976-f7f0-4fad-8c7e-856d84ce3d98,2,1,27079,,,,,,,,,,,,,,,,,,,,,,,,,
S20,3,2030-03-19T07:34:34.762Z,level_reached,da002976-f7f0-4fad-8c7e-856d84ce3d98,3,1,42758,,,,,,,,,,,,,,,,,,,,,,,,,
S09,3,2030-03-19T07:34:36.472Z,diagnostic_resolved,a609d2cd-8375-4fc4-a8af-ea4e72a2e246,,,,,,,,,,260408,281836,8,,,,,,,,,,,,,,,,
S11,3,2030-03-19T07:34:57.029Z,explanation_visibility,c990b542-30d7-4f71-9d8b-65cf701bcd5e,,,,11728,0,,,,,,,,,,,,,,,,,,,,,,,
S19,3,2030-03-19T07:35:00.000Z,file_cleared,,,,,,,,,,,,,,lab3_loops.py,511979,14,5,0,,,,,,,,,,,
S20,3,2030-03-19T07:35:11.006Z,returned_to_code,da002976-f7f0-4fad-8c7e-856d84ce3d98,3,,,,,36244,,,,,,,,,,,,,,,,,,,,,,
S14,3,2030-03-19T07:35:41.162Z,level_reached,3b75b084-cc25-4c09-9d54-86db19b10ae4,2,1,9782,,,,,,,,,,,,,,,,,,,,,,,,,
S14,3,2030-03-19T07:35:54.334Z,level_reached,3b75b084-cc25-4c09-9d54-86db19b10ae4,3,1,22954,,,,,,,,,,,,,,,,,,,,,,,,,
S15,3,2030-03-19T07:35:58.485Z,level_reached,1c0addb9-c58d-4bfd-97b0-b73ebc307dc7,2,1,45716,,,,,,,,,,,,,,,,,,,,,,,,,
S05,3,2030-03-19T07:36:00.000Z,run_finished,,,,,,,,,,,,,,,,,,,0,1,,,,,,,,,
S15,3,2030-03-19T07:36:01.022Z,diagnostic_resolved,1c0addb9-c58d-4bfd-97b0-b73ebc307dc7,,,,,,,,,,48253,76982,5,,,,,,,,,,,,,,,,
S14,3,2030-03-19T07:36:11.224Z,post_feedback_edit,3b75b084-cc25-4c09-9d54-86db19b10ae4,,,,,,,,0.82,0,,,,,,,,,,,,,,,,,,,
S09,3,2030-03-19T07:36:16.272Z,returned_to_code,37e47ef6-9fa1-445c-ae7b-51c82cc5492e,1,,,,,11377,,,,,,,,,,,,,,,,,,,,,,
S20,3,2030-03-19T07:36:16.855Z,explanation_visibility,da002976-f7f0-4fad-8c7e-856d84ce3d98,,,,46281,1,,,,,,,,,,,,,,,,,,,,,,,
S03,3,2030-03-19T07:36:48.138Z,returned_to_code,841c5a66-c7b9-4690-a3b5-9b4455157a0d,1,,,,,25458,,,,,,,,,,,,,,,,,,,,,,
S15,3,2030-03-19T07:36:54.988Z,explanation_visibility,1c0addb9-c58d-4bfd-97b0-b73ebc307dc7,,,,44531,1,,,,,,,,,,,,,,,,,,,,,,,
S03,3,2030-03-19T07:36:55.351Z,diagnostic_resolved,841c5a66-c7b9-4690-a3b5-9b4455157a0d,,,,,,,,,,32671,46343,4,,,,,,,,,,,,,,,,
S01,3,2030-03-19T07:37:05.451Z,returned_to_code,421ce0c3-fac5-416e-a9da-18ad53a919f5,1,,,,,11091,,,,,,,,,,,,,,,,,,,,,,
S14,3,2030-03-19T07:37:26.457Z,returned_to_code,3b75b084-cc25-4c09-9d54-86db19b10ae4,3,,,,,92123,,,,,,,,,,,,,,,,,,,,,,
S09,3,2030-03-19T07:37:41.423Z,diagnostic_resolved,37e47ef6-9fa1-445c-ae7b-51c82cc5492e,,,,,,,,,,96528,118637,2,,,,,,,,,,,,,,,,
S14,3,2030-03-19T07:37:44.225Z,diagnostic_resolved,3b75b084-cc25-4c09-9d54-86db19b10ae4,,,,,,,,,,132845,147538,5,,,,,,,,,,,,,,,,
S14,3,2030-03-19T07:37:50.931Z,explanation_copied,3b75b084-cc25-4c09-9d54-86db19b10ae4,L1,,,,,,,,,,,,,,,,,,,,,,,,,,,
S01,3,2030-03-19T07:37:53.980Z,explanation_visibility,421ce0c3-fac5-416e-a9da-18ad53a919f5,,,,44434,1,,,,,,,,,,,,,,,,,,,,,,,
S19,3,2030-03-19T07:38:00.000Z,file_cleared,,,,,,,,,,,,,,lab3_loops.py,925202,14,2,1,,,,,,,,,,,
S09,3,2030-03-19T07:38:00.911Z,explanation_visibility,37e47ef6-9fa1-445c-ae7b-51c82cc5492e,,,,14460,0,,,,,,,,,,,,,,,,,,,,,,,
S14,3,2030-03-19T07:38:12.526Z,explanation_visibility,3b75b084-cc25-4c09-9d54-86db19b10ae4,,,,12333,1,,,,,,,,,,,,,,,,,,,,,,,
S14,3,2030-03-19T07:39:22.204Z,returned_to_code,76997d85-0d01-4f80-a3a1-5226d242413d,1,,,,,10178,,,,,,,,,,,,,,,,,,,,,,
S22,3,2030-03-19T07:39:25.220Z,level_reached,e19de6ef-1e3a-459f-a0b4-f2858f17a2ca,2,1,12166,,,,,,,,,,,,,,,,,,,,,,,,,
S19,3,2030-03-19T07:39:43.596Z,returned_to_code,a68a147b-c95d-425d-bdde-033e2f1f833f,1,,,,,5131,,,,,,,,,,,,,,,,,,,,,,
S23,3,2030-03-19T07:40:00.000Z,file_cleared,,,,,,,,,,,,,,lab3_loops.py,467812,22,3,0,,,,,,,,,,,
S22,3,2030-03-19T07:40:00.000Z,file_cleared,,,,,,,,,,,,,,lab3_loops.py,114884,8,2,1,,,,,,,,,,,
S03,3,2030-03-19T07:40:04.981Z,explanation_visibility,841c5a66-c7b9-4690-a3b5-9b4455157a0d,,,,20572,1,,,,,,,,,,,,,,,,,,,,,,,
S22,3,2030-03-19T07:40:22.598Z,diagnostic_resolved,e19de6ef-1e3a-459f-a0b4-f2858f17a2ca,,,,,,,,,,69544,190333,2,,,,,,,,,,,,,,,,
S19,3,2030-03-19T07:40:32.743Z,explanation_visibility,a68a147b-c95d-425d-bdde-033e2f1f833f,,,,43517,1,,,,,,,,,,,,,,,,,,,,,,,
S19,3,2030-03-19T07:40:43.040Z,diagnostic_resolved,a68a147b-c95d-425d-bdde-033e2f1f833f,,,,,,,,,,64575,163955,5,,,,,,,,,,,,,,,,
S22,3,2030-03-19T07:40:47.552Z,level_reached,e19de6ef-1e3a-459f-a0b4-f2858f17a2ca,3,1,94498,,,,,,,,,,,,,,,,,,,,,,,,,
S24,3,2030-03-19T07:41:00.000Z,file_cleared,,,,,,,,,,,,,,lab3_loops.py,251611,21,3,0,,,,,,,,,,,
S18,3,2030-03-19T07:41:06.525Z,feedback_abandoned,1828c711-9183-4aab-9e1e-d64325b3d43d,1,,,,,,timeout,,,,,,,,,,,,,,,,,,,,,
S22,3,2030-03-19T07:41:12.473Z,returned_to_code,e19de6ef-1e3a-459f-a0b4-f2858f17a2ca,3,,,,,24921,,,,,,,,,,,,,,,,,,,,,,
S22,3,2030-03-19T07:41:20.879Z,level_reached,5da7bd1c-ba6a-418c-a2b0-3e26ca14c2ee,2,1,11288,,,,,,,,,,,,,,,,,,,,,,,,,
S22,3,2030-03-19T07:41:28.216Z,explanation_copied,e19de6ef-1e3a-459f-a0b4-f2858f17a2ca,L3,,,,,,,,,,,,,,,,,,,,,,,,,,,
S22,3,2030-03-19T07:41:29.288Z,explanation_visibility,e19de6ef-1e3a-459f-a0b4-f2858f17a2ca,,,,43631,1,,,,,,,,,,,,,,,,,,,,,,,
S22,3,2030-03-19T07:41:35.956Z,level_reached,5da7bd1c-ba6a-418c-a2b0-3e26ca14c2ee,3,1,26365,,,,,,,,,,,,,,,,,,,,,,,,,
S02,3,2030-03-19T07:41:36.985Z,level_reached,a4794054-156b-4a75-a4b5-5d6220d6e53f,2,1,16971,,,,,,,,,,,,,,,,,,,,,,,,,
S02,3,2030-03-19T07:41:54.433Z,returned_to_code,a4794054-156b-4a75-a4b5-5d6220d6e53f,2,,,,,17448,,,,,,,,,,,,,,,,,,,,,,
S05,3,2030-03-19T07:42:00.000Z,file_cleared,,,,,,,,,,,,,,lab3_loops.py,102811,12,2,2,,,,,,,,,,,
S02,3,2030-03-19T07:42:06.243Z,diagnostic_resolved,a4794054-156b-4a75-a4b5-5d6220d6e53f,,,,,,,,,,46229,146383,6,,,,,,,,,,,,,,,,
S22,3,2030-03-19T07:42:14.004Z,post_feedback_edit,5da7bd1c-ba6a-418c-a2b0-3e26ca14c2ee,,,,,,,,0.417,2,,,,,,,,,,,,,,,,,,,
S22,3,2030-03-19T07:42:48.408Z,returned_to_code,38accd46-77fe-4a76-9472-7f71eecbc724,1,,,,,48397,,,,,,,,,,,,,,,,,,,,,,
S02,3,2030-03-19T07:43:01.526Z,explanation_visibility,a4794054-156b-4a75-a4b5-5d6220d6e53f,,,,34219,1,,,,,,,,,,,,,,,,,,,,,,,
S22,3,2030-03-19T07:43:06.025Z,explanation_visibility,5da7bd1c-ba6a-418c-a2b0-3e26ca14c2ee,,,,49857,1,,,,,,,,,,,,,,,,,,,,,,,
S14,3,2030-03-19T07:43:17.075Z,explanation_visibility,76997d85-0d01-4f80-a3a1-5226d242413d,,,,155010,1,,,,,,,,,,,,,,,,,,,,,,,
S22,3,2030-03-19T07:43:23.284Z,explanation_visibility,38accd46-77fe-4a76-9472-7f71eecbc724,,,,43494,1,,,,,,,,,,,,,,,,,,,,,,,
S05,3,2030-03-19T07:43:42.877Z,diagnostic_resolved,e518740c-0b34-4e43-b7cb-f97d91a8d115,,,,,,,,,,19952,306654,5,,,,,,,,,,,,,,,,
S05,3,2030-03-19T07:43:48.244Z,level_reached,e518740c-0b34-4e43-b7cb-f97d91a8d115,2,1,25319,,,,,,,,,,,,,,,,,,,,,,,,,
S05,3,2030-03-19T07:43:59.802Z,explanation_visibility,e518740c-0b34-4e43-b7cb-f97d91a8d115,,,,22396,1,,,,,,,,,,,,,,,,,,,,,,,
S22,3,2030-03-19T07:44:11.820Z,returned_to_code,5da7bd1c-ba6a-418c-a2b0-3e26ca14c2ee,3,,,,,155864,,,,,,,,,,,,,,,,,,,,,,
S05,3,2030-03-19T07:44:12.586Z,level_reached,e518740c-0b34-4e43-b7cb-f97d91a8d115,3,1,49661,,,,,,,,,,,,,,,,,,,,,,,,,
S05,3,2030-03-19T07:44:37.038Z,returned_to_code,e518740c-0b34-4e43-b7cb-f97d91a8d115,3,,,,,24452,,,,,,,,,,,,,,,,,,,,,,
S05,3,2030-03-19T07:44:38.114Z,post_feedback_edit,e518740c-0b34-4e43-b7cb-f97d91a8d115,,,,,,,,0.603,0,,,,,,,,,,,,,,,,,,,
S11,3,2030-03-19T07:44:49.008Z,explanation_visibility,3ee70cf9-0d65-4fd7-b2e4-d827cfefd47d,,,,3678,0,,,,,,,,,,,,,,,,,,,,,,,
S18,3,2030-03-19T07:45:05.613Z,returned_to_code,a6e5e1c9-2b42-4d2f-9597-932454cc9cb6,1,,,,,19775,,,,,,,,,,,,,,,,,,,,,,
S18,3,2030-03-19T07:45:32.297Z,diagnostic_resolved,a6e5e1c9-2b42-4d2f-9597-932454cc9cb6,,,,,,,,,,46459,172372,6,,,,,,,,,,,,,,,,
S15,3,2030-03-19T07:45:58.485Z,feedback_abandoned,1c0addb9-c58d-4bfd-97b0-b73ebc307dc7,2,,,,,,timeout,,,,,,,,,,,,,,,,,,,,,
S03,3,2030-03-19T07:46:00.000Z,file_cleared,,,,,,,,,,,,,,lab3_loops.py,535019,13,2,1,,,,,,,,,,,
S22,3,2030-03-19T07:46:24.688Z,diagnostic_resolved,5da7bd1c-ba6a-418c-a2b0-3e26ca14c2ee,,,,,,,,,,315097,358144,3,,,,,,,,,,,,,,,,
S18,3,2030-03-19T07:46:38.471Z,explanation_visibility,a6e5e1c9-2b42-4d2f-9597-932454cc9cb6,,,,66859,1,,,,,,,,,,,,,,,,,,,,,,,
S07,3,2030-03-19T07:47:00.000Z,file_cleared,,,,,,,,,,,,,,lab3_loops.py,274236,22,4,3,,,,,,,,,,,
S14,3,2030-03-19T07:47:21.132Z,explanation_visibility,3266ffe8-709a-4c1c-9366-c59de71a8b51,,,,43704,1,,,,,,,,,,,,,,,,,,,,,,,
S14,3,2030-03-19T07:47:32.408Z,level_reached,3266ffe8-709a-4c1c-9366-c59de71a8b51,2,1,61707,,,,,,,,,,,,,,,,,,,,,,,,,
S14,3,2030-03-19T07:47:40.228Z,level_reached,3266ffe8-709a-4c1c-9366-c59de71a8b51,3,1,69527,,,,,,,,,,,,,,,,,,,,,,,,,
S14,3,2030-03-19T07:47:45.824Z,diagnostic_resolved,3266ffe8-709a-4c1c-9366-c59de71a8b51,,,,,,,,,,75123,98081,4,,,,,,,,,,,,,,,,
S02,3,2030-03-19T07:47:48.588Z,returned_to_code,a3341768-4b5c-4125-aaf5-df361f913ef0,1,,,,,8084,,,,,,,,,,,,,,,,,,,,,,
S14,3,2030-03-19T07:47:58.849Z,returned_to_code,3266ffe8-709a-4c1c-9366-c59de71a8b51,3,,,,,18621,,,,,,,,,,,,,,,,,,,,,,
S14,3,2030-03-19T07:48:02.390Z,returned_to_code,81898cc2-978f-4354-bc92-01cb52c51d8f,1,,,,,4234,,,,,,,,,,,,,,,,,,,,,,
S14,3,2030-03-19T07:48:08.399Z,post_feedback_edit,3266ffe8-709a-4c1c-9366-c59de71a8b51,,,,,,,,0.583,1,,,,,,,,,,,,,,,,,,,
S09,3,2030-03-19T07:48:11.842Z,returned_to_code,3ea3d251-bc61-4f11-adba-0f35d934335b,1,,,,,114611,,,,,,,,,,,,,,,,,,,,,,
S02,3,2030-03-19T07:48:14.140Z,diagnostic_resolved,a3341768-4b5c-4125-aaf5-df361f913ef0,,,,,,,,,,33636,133367,3,,,,,,,,,,,,,,,,
S11,3,2030-03-19T07:48:21.457Z,returned_to_code,3ee70cf9-0d65-4fd7-b2e4-d827cfefd47d,1,,,,,247681,,,,,,,,,,,,,,,,,,,,,,
S23,3,2030-03-19T07:48:39.500Z,level_reached,4c93a4be-554e-4a83-b63f-82154f5d5151,2,1,18534,,,,,,,,,,,,,,,,,,,,,,,,,
S14,3,2030-03-19T07:49:25.257Z,explanation_visibility,81898cc2-978f-4354-bc92-01cb52c51d8f,,,,59967,1,,,,,,,,,,,,,,,,,,,,,,,
S21,3,2030-03-19T07:49:33.043Z,returned_to_code,6340095d-4661-4448-82fe-b2dbb93af85e,1,,,,,16054,,,,,,,,,,,,,,,,,,,,,,
S22,3,2030-03-19T07:49:37.497Z,request_failed,,,,,,,,,,,,,,,,,,,,,,,,,backend,provider_error,,,
S19,3,2030-03-19T07:49:54.710Z,explanation_visibility,f8253727-e530-405f-ba5c-575e1d18e023,,,,83454,1,,,,,,,,,,,,,,,,,,,,,,,
S02,3,2030-03-19T07:50:18.154Z,returned_to_code,c1b06419-f989-445d-9c89-81e285da1c59,1,,,,,1020,,,,,,,,,,,,,,,,,,,,,,
S23,3,2030-03-19T07:50:23.698Z,returned_to_code,4c93a4be-554e-4a83-b63f-82154f5d5151,2,,,,,104198,,,,,,,,,,,,,,,,,,,,,,
S24,3,2030-03-19T07:50:56.476Z,explanation_copied,4028c387-d3ac-4a24-9ce6-3f93be82f292,,,,,,,,,,,,,,,,,,,,,,,,,,,,
S16,3,2030-03-19T07:51:16.046Z,returned_to_code,5522fba2-bcce-4127-8bc2-442c4f96b636,1,,,,,45497,,,,,,,,,,,,,,,,,,,,,,
S14,3,2030-03-19T07:51:40.172Z,level_reached,1247df87-0885-4fc1-9d03-36a500146468,2,1,7304,,,,,,,,,,,,,,,,,,,,,,,,,
S02,3,2030-03-19T07:51:54.531Z,explanation_visibility,c1b06419-f989-445d-9c89-81e285da1c59,,,,36190,1,,,,,,,,,,,,,,,,,,,,,,,
S14,3,2030-03-19T07:52:01.043Z,returned_to_code,1247df87-0885-4fc1-9d03-36a500146468,2,,,,,20871,,,,,,,,,,,,,,,,,,,,,,
S24,3,2030-03-19T07:52:13.172Z,explanation_visibility,4028c387-d3ac-4a24-9ce6-3f93be82f292,,,,19205,1,,,,,,,,,,,,,,,,,,,,,,,
S03,3,2030-03-19T07:52:15.403Z,level_reached,099c98c3-a38e-4f85-aab3-a4248245be06,2,1,34069,,,,,,,,,,,,,,,,,,,,,,,,,
S14,3,2030-03-19T07:52:29.880Z,diagnostic_resolved,1247df87-0885-4fc1-9d03-36a500146468,,,,,,,,,,57012,87139,6,,,,,,,,,,,,,,,,
S21,3,2030-03-19T07:52:38.701Z,explanation_visibility,b80ba681-a39d-42b6-bfe3-f6b3d6cf66c7,,,,31085,1,,,,,,,,,,,,,,,,,,,,,,,
S02,3,2030-03-19T07:52:42.947Z,explanation_visibility,a3341768-4b5c-4125-aaf5-df361f913ef0,,,,49012,1,,,,,,,,,,,,,,,,,,,,,,,
S16,3,2030-03-19T07:52:49.148Z,explanation_visibility,5522fba2-bcce-4127-8bc2-442c4f96b636,,,,115131,1,,,,,,,,,,,,,,,,,,,,,,,
S21,3,2030-03-19T07:52:57.768Z,diagnostic_resolved,b80ba681-a39d-42b6-bfe3-f6b3d6cf66c7,,,,,,,,,,90227,143510,2,,,,,,,,,,,,,,,,
S03,3,2030-03-19T07:53:00.000Z,file_cleared,,,,,,,,,,,,,,lab3_loops.py,1720658,15,4,0,,,,,,,,,,,
S14,3,2030-03-19T07:53:05.912Z,explanation_visibility,1247df87-0885-4fc1-9d03-36a500146468,,,,25461,0,,,,,,,,,,,,,,,,,,,,,,,
S24,3,2030-03-19T07:53:07.520Z,returned_to_code,4028c387-d3ac-4a24-9ce6-3f93be82f292,1,,,,,157906,,,,,,,,,,,,,,,,,,,,,,
S21,3,2030-03-19T07:53:09.393Z,explanation_visibility,6340095d-4661-4448-82fe-b2dbb93af85e,,,,127302,1,,,,,,,,,,,,,,,,,,,,,,,
S03,3,2030-03-19T07:53:27.457Z,returned_to_code,099c98c3-a38e-4f85-aab3-a4248245be06,2,,,,,72054,,,,,,,,,,,,,,,,,,,,,,
S21,3,2030-03-19T07:53:31.592Z,level_reached,b80ba681-a39d-42b6-bfe3-f6b3d6cf66c7,2,1,124051,,,,,,,,,,,,,,,,,,,,,,,,,
S02,3,2030-03-19T07:54:00.000Z,file_cleared,,,,,,,,,,,,,,lab3_loops.py,1371557,20,4,2,,,,,,,,,,,
S23,3,2030-03-19T07:54:00.000Z,file_cleared,,,,,,,,,,,,,,lab3_loops.py,450537,22,5,0,,,,,,,,,,,
S10,3,2030-03-19T07:54:00.000Z,run_finished,,,,,,,,,,,,,,,,,,,0,1,,,,,,,,,
S21,3,2030-03-19T07:54:10.201Z,level_reached,b80ba681-a39d-42b6-bfe3-f6b3d6cf66c7,3,1,162660,,,,,,,,,,,,,,,,,,,,,,,,,
S21,3,2030-03-19T07:54:16.618Z,returned_to_code,b80ba681-a39d-42b6-bfe3-f6b3d6cf66c7,3,,,,,6417,,,,,,,,,,,,,,,,,,,,,,
S16,3,2030-03-19T07:54:49.369Z,returned_to_code,b97854e7-ef9b-4354-85e5-125482fb2b9f,1,,,,,20280,,,,,,,,,,,,,,,,,,,,,,
S24,3,2030-03-19T07:54:58.007Z,diagnostic_resolved,4028c387-d3ac-4a24-9ce6-3f93be82f292,,,,,,,,,,268393,304715,3,,,,,,,,,,,,,,,,
S16,3,2030-03-19T07:55:00.000Z,file_cleared,,,,,,,,,,,,,,lab3_loops.py,927415,25,4,0,,,,,,,,,,,
S19,3,2030-03-19T07:55:00.000Z,run_finished,,,,,,,,,,,,,,,,,,,1,0,,,,,,,,,
S02,3,2030-03-19T07:55:25.309Z,diagnostic_resolved,c1b06419-f989-445d-9c89-81e285da1c59,,,,,,,,,,308175,376335,3,,,,,,,,,,,,,,,,
S16,3,2030-03-19T07:56:05.317Z,explanation_visibility,b97854e7-ef9b-4354-85e5-125482fb2b9f,,,,19111,1,,,,,,,,,,,,,,,,,,,,,,,
S14,3,2030-03-19T07:56:29.498Z,level_reached,9ec4b577-dc20-4147-a6a2-e49ba184904d,2,1,62306,,,,,,,,,,,,,,,,,,,,,,,,,
S14,3,2030-03-19T07:56:43.979Z,level_reached,b2cf3d8e-5be0-4414-93b8-7e5a4f5cfdd6,2,1,25978,,,,,,,,,,,,,,,,,,,,,,,,,
S14,3,2030-03-19T07:56:51.841Z,level_reached,966a49e2-b615-482d-a69f-f1586cabbb5c,2,1,13110,,,,,,,,,,,,,,,,,,,,,,,,,
S03,3,2030-03-19T07:57:00.548Z,explanation_visibility,099c98c3-a38e-4f85-aab3-a4248245be06,,,,211411,1,,,,,,,,,,,,,,,,,,,,,,,
S14,3,2030-03-19T07:57:04.185Z,level_reached,b2cf3d8e-5be0-4414-93b8-7e5a4f5cfdd6,3,1,46184,,,,,,,,,,,,,,,,,,,,,,,,,
S14,3,2030-03-19T07:57:06.915Z,returned_to_code,b2cf3d8e-5be0-4414-93b8-7e5a4f5cfdd6,3,,,,,2730,,,,,,,,,,,,,,,,,,,,,,
S14,3,2030-03-19T07:57:21.429Z,returned_to_code,9ec4b577-dc20-4147-a6a2-e49ba184904d,2,,,,,51931,,,,,,,,,,,,,,,,,,,,,,
S14,3,2030-03-19T07:57:27.634Z,explanation_visibility,9ec4b577-dc20-4147-a6a2-e49ba184904d,,,,35236,1,,,,,,,,,,,,,,,,,,,,,,,
S14,3,2030-03-19T07:57:36.001Z,diagnostic_resolved,b2cf3d8e-5be0-4414-93b8-7e5a4f5cfdd6,,,,,,,,,,78000,120857,6,,,,,,,,,,,,,,,,
S05,3,2030-03-19T07:57:40.627Z,diagnostic_resolved,b2e924e3-b091-4547-ad2b-984bcaa2b2fb,,,,,,,,,,21516,33401,4,,,,,,,,,,,,,,,,
S19,3,2030-03-19T07:57:44.991Z,feedback_abandoned,f8253727-e530-405f-ba5c-575e1d18e023,1,,,,,,timeout,,,,,,,,,,,,,,,,,,,,,
S14,3,2030-03-19T07:57:48.755Z,level_reached,966a49e2-b615-482d-a69f-f1586cabbb5c,3,1,70024,,,,,,,,,,,,,,,,,,,,,,,,,
S14,3,2030-03-19T07:57:51.217Z,explanation_visibility,966a49e2-b615-482d-a69f-f1586cabbb5c,,,,38193,1,,,,,,,,,,,,,,,,,,,,,,,
S14,3,2030-03-19T07:57:52.445Z,post_feedback_edit,966a49e2-b615-482d-a69f-f1586cabbb5c,,,,,,,,0.746,2,,,,,,,,,,,,,,,,,,,
S05,3,2030-03-19T07:57:54.190Z,returned_to_code,b2e924e3-b091-4547-ad2b-984bcaa2b2fb,1,,,,,35079,,,,,,,,,,,,,,,,,,,,,,
S14,3,2030-03-19T07:57:59.984Z,returned_to_code,966a49e2-b615-482d-a69f-f1586cabbb5c,3,,,,,11229,,,,,,,,,,,,,,,,,,,,,,
S14,3,2030-03-19T07:58:08.324Z,explanation_visibility,b2cf3d8e-5be0-4414-93b8-7e5a4f5cfdd6,,,,78335,1,,,,,,,,,,,,,,,,,,,,,,,
S14,3,2030-03-19T07:59:21.213Z,level_reached,1ab083d8-7625-465d-8926-52bb381742e7,2,1,8998,,,,,,,,,,,,,,,,,,,,,,,,,
S14,3,2030-03-19T07:59:21.850Z,diagnostic_resolved,1ab083d8-7625-465d-8926-52bb381742e7,,,,,,,,,,9635,69651,5,,,,,,,,,,,,,,,,
S14,3,2030-03-19T07:59:32.082Z,level_reached,1ab083d8-7625-465d-8926-52bb381742e7,3,1,19867,,,,,,,,,,,,,,,,,,,,,,,,,
S14,3,2030-03-19T07:59:53.050Z,post_feedback_edit,1ab083d8-7625-465d-8926-52bb381742e7,,,,,,,,0.62,0,,,,,,,,,,,,,,,,,,,
S25,3,2030-03-19T08:00:00.000Z,file_cleared,,,,,,,,,,,,,,lab3_loops.py,138685,11,2,0,,,,,,,,,,,
S20,3,2030-03-19T08:00:00.000Z,file_cleared,,,,,,,,,,,,,,lab3_loops.py,357733,6,1,1,,,,,,,,,,,
S06,3,2030-03-19T08:00:04.882Z,returned_to_code,392d9dc6-faa8-4c00-a56a-8cf7e85a476d,1,,,,,56458,,,,,,,,,,,,,,,,,,,,,,
S14,3,2030-03-19T08:00:26.526Z,explanation_visibility,1ab083d8-7625-465d-8926-52bb381742e7,,,,11194,0,,,,,,,,,,,,,,,,,,,,,,,
S20,3,2030-03-19T08:00:45.804Z,explanation_visibility,c791a0d2-e0f7-432f-a2d3-134f696f1cc2,,,,10717,1,,,,,,,,,,,,,,,,,,,,,,,
S02,3,2030-03-19T08:00:50.476Z,level_reached,d9326f9c-051b-4247-a895-e7a4d50d1870,2,1,18639,,,,,,,,,,,,,,,,,,,,,,,,,
S13,3,2030-03-19T08:01:00.000Z,file_cleared,,,,,,,,,,,,,,lab3_loops.py,458261,13,3,1,,,,,,,,,,,
S02,3,2030-03-19T08:01:34.625Z,returned_to_code,d9326f9c-051b-4247-a895-e7a4d50d1870,2,,,,,44149,,,,,,,,,,,,,,,,,,,,,,
S23,3,2030-03-19T08:02:00.000Z,file_cleared,,,,,,,,,,,,,,lab3_loops.py,136245,11,3,2,,,,,,,,,,,
S06,3,2030-03-19T08:02:46.892Z,explanation_visibility,392d9dc6-faa8-4c00-a56a-8cf7e85a476d,,,,32002,1,,,,,,,,,,,,,,,,,,,,,,,
S13,3,2030-03-19T08:03:00.000Z,file_cleared,,,,,,,,,,,,,,lab3_loops.py,368724,12,3,1,,,,,,,,,,,
S12,3,2030-03-19T08:03:00.000Z,file_cleared,,,,,,,,,,,,,,lab3_loops.py,929968,14,2,0,,,,,,,,,,,
S02,3,2030-03-19T08:03:49.593Z,explanation_visibility,d9326f9c-051b-4247-a895-e7a4d50d1870,,,,70242,1,,,,,,,,,,,,,,,,,,,,,,,
S07,3,2030-03-19T08:04:34.462Z,explanation_visibility,2fb70128-c4c4-41f6-a415-32c0625838df,,,,20835,1,,,,,,,,,,,,,,,,,,,,,,,
S06,3,2030-03-19T08:05:00.000Z,file_cleared,,,,,,,,,,,,,,lab3_loops.py,966449,10,2,1,,,,,,,,,,,
S14,3,2030-03-19T08:05:01.184Z,level_reached,4d807a84-c7c8-4bff-b1a2-1027105de026,2,1,22288,,,,,,,,,,,,,,,,,,,,,,,,,
S14,3,2030-03-19T08:05:09.784Z,level_reached,4d807a84-c7c8-4bff-b1a2-1027105de026,3,1,30888,,,,,,,,,,,,,,,,,,,,,,,,,
S14,3,2030-03-19T08:05:41.079Z,returned_to_code,4d807a84-c7c8-4bff-b1a2-1027105de026,3,,,,,31295,,,,,,,,,,,,,,,,,,,,,,
S17,3,2030-03-19T08:06:00.000Z,file_cleared,,,,,,,,,,,,,,lab3_loops.py,604478,20,5,1,,,,,,,,,,,
S09,3,2030-03-19T08:08:00.000Z,file_cleared,,,,,,,,,,,,,,lab3_loops.py,120714,5,2,2,,,,,,,,,,,
S14,3,2030-03-19T08:08:00.000Z,question_picker_abandoned,,,,,,,,,,,,,,,,,,,,,preset,selection_lightbulb,16,624,,,,,
S05,3,2030-03-19T08:09:00.000Z,file_cleared,,,,,,,,,,,,,,lab3_loops.py,639801,19,3,3,,,,,,,,,,,
S14,3,2030-03-19T08:09:23.032Z,level_reached,321e06f1-6c55-4630-a009-7c5b92516f8f,2,1,44028,,,,,,,,,,,,,,,,,,,,,,,,,
S14,3,2030-03-19T08:09:30.730Z,level_reached,321e06f1-6c55-4630-a009-7c5b92516f8f,3,1,51726,,,,,,,,,,,,,,,,,,,,,,,,,
S14,3,2030-03-19T08:09:32.082Z,feedback_abandoned,1ab083d8-7625-465d-8926-52bb381742e7,3,,,,,,timeout,,,,,,,,,,,,,,,,,,,,,
S14,3,2030-03-19T08:09:45.774Z,diagnostic_resolved,321e06f1-6c55-4630-a009-7c5b92516f8f,,,,,,,,,,66770,98855,2,,,,,,,,,,,,,,,,
S14,3,2030-03-19T08:09:49.667Z,post_feedback_edit,321e06f1-6c55-4630-a009-7c5b92516f8f,,,,,,,,0.681,5,,,,,,,,,,,,,,,,,,,
S20,3,2030-03-19T08:09:55.788Z,feedback_abandoned,c791a0d2-e0f7-432f-a2d3-134f696f1cc2,1,,,,,,timeout,,,,,,,,,,,,,,,,,,,,,
S07,3,2030-03-19T08:09:56.721Z,diagnostic_resolved,2fb70128-c4c4-41f6-a415-32c0625838df,,,,,,,,,,428964,454914,6,,,,,,,,,,,,,,,,
S21,3,2030-03-19T08:10:21.651Z,returned_to_code,2f8ab4cd-4778-4e5c-8d77-a8919f3fb24f,1,,,,,13970,,,,,,,,,,,,,,,,,,,,,,
S14,3,2030-03-19T08:10:25.625Z,explanation_visibility,321e06f1-6c55-4630-a009-7c5b92516f8f,,,,36314,1,,,,,,,,,,,,,,,,,,,,,,,
S21,3,2030-03-19T08:10:31.024Z,diagnostic_resolved,2f8ab4cd-4778-4e5c-8d77-a8919f3fb24f,,,,,,,,,,23343,214627,2,,,,,,,,,,,,,,,,
S22,3,2030-03-19T08:11:52.958Z,diagnostic_resolved,a3002354-251c-4a06-b070-93277c060d16,,,,,,,,,,33087,82149,2,,,,,,,,,,,,,,,,
S22,3,2030-03-19T08:11:53.454Z,level_reached,a3002354-251c-4a06-b070-93277c060d16,2,1,33583,,,,,,,,,,,,,,,,,,,,,,,,,
S10,3,2030-03-19T08:12:00.000Z,file_cleared,,,,,,,,,,,,,,lab3_loops.py,620749,23,5,0,,,,,,,,,,,
S22,3,2030-03-19T08:12:01.692Z,level_reached,a3002354-251c-4a06-b070-93277c060d16,3,1,41821,,,,,,,,,,,,,,,,,,,,,,,,,
S21,3,2030-03-19T08:12:23.749Z,explanation_visibility,2f8ab4cd-4778-4e5c-8d77-a8919f3fb24f,,,,54522,1,,,,,,,,,,,,,,,,,,,,,,,
S22,3,2030-03-19T08:12:29.339Z,returned_to_code,a3002354-251c-4a06-b070-93277c060d16,3,,,,,27647,,,,,,,,,,,,,,,,,,,,,,
S22,3,2030-03-19T08:12:44.112Z,post_feedback_edit,a3002354-251c-4a06-b070-93277c060d16,,,,,,,,0.666,10,,,,,,,,,,,,,,,,,,,
S07,3,2030-03-19T08:12:47.757Z,feedback_abandoned,2fb70128-c4c4-41f6-a415-32c0625838df,1,,,,,,timeout,,,,,,,,,,,,,,,,,,,,,
S09,3,2030-03-19T08:13:00.000Z,file_cleared,,,,,,,,,,,,,,lab3_loops.py,1154012,11,2,1,,,,,,,,,,,
S22,3,2030-03-19T08:13:18.036Z,explanation_visibility,a3002354-251c-4a06-b070-93277c060d16,,,,61038,0,,,,,,,,,,,,,,,,,,,,,,,
S06,3,2030-03-19T08:13:31.540Z,level_reached,66d5fa5c-5a1a-4a92-b936-f93f81389ecf,2,1,7021,,,,,,,,,,,,,,,,,,,,,,,,,
S06,3,2030-03-19T08:13:49.911Z,level_reached,66d5fa5c-5a1a-4a92-b936-f93f81389ecf,3,1,25392,,,,,,,,,,,,,,,,,,,,,,,,,
S06,3,2030-03-19T08:13:58.198Z,returned_to_code,66d5fa5c-5a1a-4a92-b936-f93f81389ecf,3,,,,,8287,,,,,,,,,,,,,,,,,,,,,,
S25,3,2030-03-19T08:14:00.000Z,file_cleared,,,,,,,,,,,,,,lab3_loops.py,262616,9,2,1,,,,,,,,,,,
S06,3,2030-03-19T08:14:23.923Z,post_feedback_edit,66d5fa5c-5a1a-4a92-b936-f93f81389ecf,,,,,,,,0.576,0,,,,,,,,,,,,,,,,,,,
S06,3,2030-03-19T08:14:40.655Z,explanation_copied,66d5fa5c-5a1a-4a92-b936-f93f81389ecf,L3,,,,,,,,,,,,,,,,,,,,,,,,,,,
S24,3,2030-03-19T08:15:00.000Z,file_cleared,,,,,,,,,,,,,,lab3_loops.py,115118,23,3,0,,,,,,,,,,,
S06,3,2030-03-19T08:15:14.528Z,explanation_visibility,66d5fa5c-5a1a-4a92-b936-f93f81389ecf,,,,87572,0,,,,,,,,,,,,,,,,,,,,,,,
S24,3,2030-03-19T08:17:00.000Z,run_finished,,,,,,,,,,,,,,,,,,,0,1,,,,,,,,,
S15,3,2030-03-19T08:17:08.330Z,returned_to_code,dcb5d676-3830-4d4a-b9c3-e933efecc83a,1,,,,,6875,,,,,,,,,,,,,,,,,,,,,,
S17,3,2030-03-19T08:17:43.426Z,returned_to_code,a478aa12-4e71-4e5e-aba7-30f63c7e9895,1,,,,,7563,,,,,,,,,,,,,,,,,,,,,,
S15,3,2030-03-19T08:17:43.762Z,diagnostic_resolved,dcb5d676-3830-4d4a-b9c3-e933efecc83a,,,,,,,,,,42307,99064,1,,,,,,,,,,,,,,,,
S22,3,2030-03-19T08:17:44.908Z,returned_to_code,bea13374-5b47-4987-90cb-dd28d4297ec9,1,,,,,2675,,,,,,,,,,,,,,,,,,,,,,
S20,3,2030-03-19T08:17:56.639Z,returned_to_code,3fe60d88-fb1f-4cbf-bfef-61e19e723e90,1,,,,,50171,,,,,,,,,,,,,,,,,,,,,,
S12,3,2030-03-19T08:18:00.000Z,file_cleared,,,,,,,,,,,,,,lab3_loops.py,145976,13,2,0,,,,,,,,,,,
S15,3,2030-03-19T08:18:06.493Z,explanation_visibility,dcb5d676-3830-4d4a-b9c3-e933efecc83a,,,,16694,0,,,,,,,,,,,,,,,,,,,,,,,
S17,3,2030-03-19T08:18:55.857Z,diagnostic_resolved,a478aa12-4e71-4e5e-aba7-30f63c7e9895,,,,,,,,,,79994,108727,6,,,,,,,,,,,,,,,,
S22,3,2030-03-19T08:19:21.543Z,returned_to_code,321f8ff6-1ac8-4ac2-9a1d-52aea505a94c,1,,,,,14361,,,,,,,,,,,,,,,,,,,,,,
S05,3,2030-03-19T08:19:24.877Z,level_reached,394a2ec6-4d35-4ad1-a8f6-4d91b21e0e98,2,1,9458,,,,,,,,,,,,,,,,,,,,,,,,,
S14,3,2030-03-19T08:19:30.730Z,feedback_abandoned,321e06f1-6c55-4630-a009-7c5b92516f8f,3,,,,,,timeout,,,,,,,,,,,,,,,,,,,,,
S22,3,2030-03-19T08:19:30.972Z,explanation_visibility,bea13374-5b47-4987-90cb-dd28d4297ec9,,,,89393,1,,,,,,,,,,,,,,,,,,,,,,,
S20,3,2030-03-19T08:19:32.825Z,explanation_visibility,3fe60d88-fb1f-4cbf-bfef-61e19e723e90,,,,59767,1,,,,,,,,,,,,,,,,,,,,,,,
S10,3,2030-03-19T08:19:36.783Z,returned_to_code,81e54f7c-3f17-42a7-b750-42c893ad9129,1,,,,,21580,,,,,,,,,,,,,,,,,,,,,,
S05,3,2030-03-19T08:19:42.829Z,level_reached,394a2ec6-4d35-4ad1-a8f6-4d91b21e0e98,3,1,27410,,,,,,,,,,,,,,,,,,,,,,,,,
S05,3,2030-03-19T08:19:47.294Z,returned_to_code,394a2ec6-4d35-4ad1-a8f6-4d91b21e0e98,3,,,,,4465,,,,,,,,,,,,,,,,,,,,,,
S17,3,2030-03-19T08:19:48.702Z,explanation_visibility,a478aa12-4e71-4e5e-aba7-30f63c7e9895,,,,47155,1,,,,,,,,,,,,,,,,,,,,,,,
S11,3,2030-03-19T08:20:00.000Z,file_cleared,,,,,,,,,,,,,,lab3_loops.py,226440,16,2,1,,,,,,,,,,,
S10,3,2030-03-19T08:20:08.203Z,diagnostic_resolved,81e54f7c-3f17-42a7-b750-42c893ad9129,,,,,,,,,,53000,143375,9,,,,,,,,,,,,,,,,
S22,3,2030-03-19T08:20:12.826Z,diagnostic_resolved,bea13374-5b47-4987-90cb-dd28d4297ec9,,,,,,,,,,150593,158797,3,,,,,,,,,,,,,,,,
S13,3,2030-03-19T08:20:17.644Z,returned_to_code,38f1b583-4085-40ea-968f-d828e4f94e6d,1,,,,,13618,,,,,,,,,,,,,,,,,,,,,,
S10,3,2030-03-19T08:20:26.478Z,explanation_visibility,81e54f7c-3f17-42a7-b750-42c893ad9129,,,,42056,1,,,,,,,,,,,,,,,,,,,,,,,
S22,3,2030-03-19T08:20:26.948Z,diagnostic_resolved,321f8ff6-1ac8-4ac2-9a1d-52aea505a94c,,,,,,,,,,79766,83264,3,,,,,,,,,,,,,,,,
S05,3,2030-03-19T08:20:37.531Z,explanation_visibility,394a2ec6-4d35-4ad1-a8f6-4d91b21e0e98,,,,43591,0,,,,,,,,,,,,,,,,,,,,,,,
S03,3,2030-03-19T08:21:00.000Z,file_cleared,,,,,,,,,,,,,,lab3_loops.py,147748,22,3,1,,,,,,,,,,,
S13,3,2030-03-19T08:21:09.351Z,diagnostic_resolved,38f1b583-4085-40ea-968f-d828e4f94e6d,,,,,,,,,,65325,88307,4,,,,,,,,,,,,,,,,
S13,3,2030-03-19T08:21:21.370Z,explanation_visibility,38f1b583-4085-40ea-968f-d828e4f94e6d,,,,38171,1,,,,,,,,,,,,,,,,,,,,,,,
S05,3,2030-03-19T08:21:26.567Z,post_feedback_edit,394a2ec6-4d35-4ad1-a8f6-4d91b21e0e98,,,,,,,,0.579,6,,,,,,,,,,,,,,,,,,,
S20,3,2030-03-19T08:22:02.301Z,diagnostic_resolved,3fe60d88-fb1f-4cbf-bfef-61e19e723e90,,,,,,,,,,295833,310454,8,,,,,,,,,,,,,,,,
S02,3,2030-03-19T08:23:49.284Z,returned_to_code,91fee9a1-1693-4d27-bda5-f0a22ef8e25f,1,,,,,12537,,,,,,,,,,,,,,,,,,,,,,
S22,3,2030-03-19T08:24:00.000Z,file_cleared,,,,,,,,,,,,,,lab3_loops.py,474382,17,3,0,,,,,,,,,,,
S10,3,2030-03-19T08:24:00.000Z,file_cleared,,,,,,,,,,,,,,lab3_loops.py,477610,13,2,0,,,,,,,,,,,
S20,3,2030-03-19T08:24:49.969Z,level_reached,fe7dd231-ec5b-4e66-9062-4f42564ee7e1,2,1,32464,,,,,,,,,,,,,,,,,,,,,,,,,
S20,3,2030-03-19T08:25:01.811Z,level_reached,fe7dd231-ec5b-4e66-9062-4f42564ee7e1,3,1,44306,,,,,,,,,,,,,,,,,,,,,,,,,
S02,3,2030-03-19T08:25:13.472Z,explanation_visibility,91fee9a1-1693-4d27-bda5-f0a22ef8e25f,,,,40163,1,,,,,,,,,,,,,,,,,,,,,,,
S20,3,2030-03-19T08:25:19.276Z,returned_to_code,fe7dd231-ec5b-4e66-9062-4f42564ee7e1,3,,,,,17465,,,,,,,,,,,,,,,,,,,,,,
S10,3,2030-03-19T08:25:24.338Z,returned_to_code,70d90472-cd66-49d6-99e8-820a6f88ac8f,1,,,,,43378,,,,,,,,,,,,,,,,,,,,,,
S22,3,2030-03-19T08:25:26.094Z,level_reached,470b5bcf-42b9-46a9-a22c-654bedb76371,2,1,17943,,,,,,,,,,,,,,,,,,,,,,,,,
S10,3,2030-03-19T08:25:28.847Z,level_reached,7ea3b4c7-0a09-45c6-9f70-993d71d8921c,2,1,13621,,,,,,,,,,,,,,,,,,,,,,,,,
S22,3,2030-03-19T08:25:40.009Z,level_reached,470b5bcf-42b9-46a9-a22c-654bedb76371,3,1,31858,,,,,,,,,,,,,,,,,,,,,,,,,
S10,3,2030-03-19T08:25:44.341Z,explanation_visibility,70d90472-cd66-49d6-99e8-820a6f88ac8f,,,,17503,1,,,,,,,,,,,,,,,,,,,,,,,
S20,3,2030-03-19T08:25:51.420Z,diagnostic_resolved,fe7dd231-ec5b-4e66-9062-4f42564ee7e1,,,,,,,,,,93915,163022,4,,,,,,,,,,,,,,,,
S10,3,2030-03-19T08:25:55.294Z,level_reached,7ea3b4c7-0a09-45c6-9f70-993d71d8921c,3,1,40068,,,,,,,,,,,,,,,,,,,,,,,,,
S20,3,2030-03-19T08:25:58.217Z,explanation_visibility,fe7dd231-ec5b-4e66-9062-4f42564ee7e1,,,,79681,1,,,,,,,,,,,,,,,,,,,,,,,
S22,3,2030-03-19T08:26:00.227Z,returned_to_code,470b5bcf-42b9-46a9-a22c-654bedb76371,3,,,,,20218,,,,,,,,,,,,,,,,,,,,,,
S10,3,2030-03-19T08:26:06.564Z,returned_to_code,7ea3b4c7-0a09-45c6-9f70-993d71d8921c,3,,,,,11270,,,,,,,,,,,,,,,,,,,,,,
S22,3,2030-03-19T08:26:07.525Z,post_feedback_edit,470b5bcf-42b9-46a9-a22c-654bedb76371,,,,,,,,0.38,1,,,,,,,,,,,,,,,,,,,
S22,3,2030-03-19T08:26:12.820Z,explanation_visibility,470b5bcf-42b9-46a9-a22c-654bedb76371,,,,24203,1,,,,,,,,,,,,,,,,,,,,,,,
S10,3,2030-03-19T08:26:18.132Z,post_feedback_edit,7ea3b4c7-0a09-45c6-9f70-993d71d8921c,,,,,,,,0.45,2,,,,,,,,,,,,,,,,,,,
S10,3,2030-03-19T08:26:21.878Z,diagnostic_resolved,70d90472-cd66-49d6-99e8-820a6f88ac8f,,,,,,,,,,100918,174868,4,,,,,,,,,,,,,,,,
S10,3,2030-03-19T08:26:29.614Z,explanation_visibility,7ea3b4c7-0a09-45c6-9f70-993d71d8921c,,,,14047,1,,,,,,,,,,,,,,,,,,,,,,,
S20,3,2030-03-19T08:26:50.952Z,post_feedback_edit,fe7dd231-ec5b-4e66-9062-4f42564ee7e1,,,,,,,,0.41,0,,,,,,,,,,,,,,,,,,,
S25,3,2030-03-19T08:27:00.000Z,file_cleared,,,,,,,,,,,,,,lab3_loops.py,531004,16,3,1,,,,,,,,,,,
S13,3,2030-03-19T08:28:00.000Z,file_cleared,,,,,,,,,,,,,,lab3_loops.py,535294,11,3,0,,,,,,,,,,,
S21,3,2030-03-19T08:29:00.000Z,file_cleared,,,,,,,,,,,,,,lab3_loops.py,219873,27,5,3,,,,,,,,,,,
S14,3,2030-03-19T08:29:52.176Z,level_reached,b89f1f8d-401f-4634-9080-993ecdecb88a,2,1,5541,,,,,,,,,,,,,,,,,,,,,,,,,
S07,3,2030-03-19T08:30:00.000Z,file_cleared,,,,,,,,,,,,,,lab3_loops.py,250207,22,3,0,,,,,,,,,,,
S14,3,2030-03-19T08:30:19.212Z,level_reached,b89f1f8d-401f-4634-9080-993ecdecb88a,3,1,32577,,,,,,,,,,,,,,,,,,,,,,,,,
S18,3,2030-03-19T08:30:21.985Z,explanation_visibility,95e87148-6268-4281-a84c-98592dff6e35,,,,40815,1,,,,,,,,,,,,,,,,,,,,,,,
S22,3,2030-03-19T08:30:25.634Z,level_reached,6d8f0614-d0b5-4a91-bb17-b2241e66617f,2,1,28764,,,,,,,,,,,,,,,,,,,,,,,,,
S18,3,2030-03-19T08:30:37.296Z,returned_to_code,95e87148-6268-4281-a84c-98592dff6e35,1,,,,,86553,,,,,,,,,,,,,,,,,,,,,,
S22,3,2030-03-19T08:30:37.533Z,level_reached,6d8f0614-d0b5-4a91-bb17-b2241e66617f,3,1,40663,,,,,,,,,,,,,,,,,,,,,,,,,
S08,3,2030-03-19T08:30:39.253Z,level_reached,cf03e8e7-3f6c-4476-8f7c-5477fdcaa09f,2,1,20495,,,,,,,,,,,,,,,,,,,,,,,,,
S14,3,2030-03-19T08:30:42.071Z,returned_to_code,b89f1f8d-401f-4634-9080-993ecdecb88a,3,,,,,22859,,,,,,,,,,,,,,,,,,,,,,
S22,3,2030-03-19T08:30:50.492Z,returned_to_code,6d8f0614-d0b5-4a91-bb17-b2241e66617f,3,,,,,12959,,,,,,,,,,,,,,,,,,,,,,
S14,3,2030-03-19T08:30:52.463Z,post_feedback_edit,b89f1f8d-401f-4634-9080-993ecdecb88a,,,,,,,,0.613,0,,,,,,,,,,,,,,,,,,,
S11,3,2030-03-19T08:31:00.000Z,file_cleared,,,,,,,,,,,,,,lab3_loops.py,247385,8,1,0,,,,,,,,,,,
S08,3,2030-03-19T08:31:03.461Z,level_reached,cf03e8e7-3f6c-4476-8f7c-5477fdcaa09f,3,1,44703,,,,,,,,,,,,,,,,,,,,,,,,,
S08,3,2030-03-19T08:31:07.598Z,diagnostic_resolved,cf03e8e7-3f6c-4476-8f7c-5477fdcaa09f,,,,,,,,,,48840,80634,11,,,,,,,,,,,,,,,,
S08,3,2030-03-19T08:31:09.919Z,post_feedback_edit,cf03e8e7-3f6c-4476-8f7c-5477fdcaa09f,,,,,,,,0.232,13,,,,,,,,,,,,,,,,,,,
S22,3,2030-03-19T08:31:10.128Z,explanation_visibility,6d8f0614-d0b5-4a91-bb17-b2241e66617f,,,,23063,1,,,,,,,,,,,,,,,,,,,,,,,
S08,3,2030-03-19T08:31:21.905Z,returned_to_code,cf03e8e7-3f6c-4476-8f7c-5477fdcaa09f,3,,,,,18444,,,,,,,,,,,,,,,,,,,,,,
S22,3,2030-03-19T08:31:23.238Z,post_feedback_edit,6d8f0614-d0b5-4a91-bb17-b2241e66617f,,,,,,,,0.877,1,,,,,,,,,,,,,,,,,,,
S08,3,2030-03-19T08:31:29.952Z,explanation_visibility,cf03e8e7-3f6c-4476-8f7c-5477fdcaa09f,,,,16981,0,,,,,,,,,,,,,,,,,,,,,,,
S14,3,2030-03-19T08:31:44.408Z,diagnostic_resolved,b89f1f8d-401f-4634-9080-993ecdecb88a,,,,,,,,,,117773,179161,3,,,,,,,,,,,,,,,,
S02,3,2030-03-19T08:32:00.000Z,file_cleared,,,,,,,,,,,,,,lab3_loops.py,127024,20,3,2,,,,,,,,,,,
S22,3,2030-03-19T08:32:04.099Z,diagnostic_resolved,6d8f0614-d0b5-4a91-bb17-b2241e66617f,,,,,,,,,,127229,248442,1,,,,,,,,,,,,,,,,
S22,3,2030-03-19T08:32:06.677Z,fix_undone,6d8f0614-d0b5-4a91-bb17-b2241e66617f,,,,,,,,,,,,,,,,,,,,,,,,,,,,
S18,3,2030-03-19T08:32:38.215Z,diagnostic_resolved,95e87148-6268-4281-a84c-98592dff6e35,,,,,,,,,,207472,289641,2,,,,,,,,,,,,,,,,
S20,3,2030-03-19T08:32:45.161Z,level_reached,76e0df71-9006-40b6-82da-175fcb7a8923,2,1,34934,,,,,,,,,,,,,,,,,,,,,,,,,
S20,3,2030-03-19T08:32:56.545Z,explanation_visibility,76e0df71-9006-40b6-82da-175fcb7a8923,,,,9819,1,,,,,,,,,,,,,,,,,,,,,,,
S20,3,2030-03-19T08:32:59.035Z,level_reached,76e0df71-9006-40b6-82da-175fcb7a8923,3,1,48808,,,,,,,,,,,,,,,,,,,,,,,,,
S20,3,2030-03-19T08:33:07.857Z,diagnostic_resolved,76e0df71-9006-40b6-82da-175fcb7a8923,,,,,,,,,,57630,94164,3,,,,,,,,,,,,,,,,
S20,3,2030-03-19T08:33:13.471Z,returned_to_code,76e0df71-9006-40b6-82da-175fcb7a8923,3,,,,,14436,,,,,,,,,,,,,,,,,,,,,,
S20,3,2030-03-19T08:33:35.206Z,post_feedback_edit,76e0df71-9006-40b6-82da-175fcb7a8923,,,,,,,,0,1,,,,,,,,,,,,,,,,,,,
S11,3,2030-03-19T08:34:10.789Z,returned_to_code,7e57597e-07d0-4131-b6d1-2fb06cb3dfc0,1,,,,,11936,,,,,,,,,,,,,,,,,,,,,,
S21,3,2030-03-19T08:35:00.000Z,file_cleared,,,,,,,,,,,,,,lab3_loops.py,179873,8,1,0,,,,,,,,,,,
S14,3,2030-03-19T08:35:04.929Z,level_reached,74ca5506-0476-47ad-a281-0617851e87a2,2,1,88728,,,,,,,,,,,,,,,,,,,,,,,,,
S14,3,2030-03-19T08:35:08.370Z,explanation_visibility,b89f1f8d-401f-4634-9080-993ecdecb88a,,,,113129,1,,,,,,,,,,,,,,,,,,,,,,,
S14,3,2030-03-19T08:35:21.993Z,returned_to_code,74ca5506-0476-47ad-a281-0617851e87a2,2,,,,,17064,,,,,,,,,,,,,,,,,,,,,,
S22,3,2030-03-19T08:35:24.510Z,level_reached,d6455993-0262-4297-8238-4d704f52bdd1,2,1,22947,,,,,,,,,,,,,,,,,,,,,,,,,
S11,3,2030-03-19T08:35:29.735Z,explanation_visibility,7e57597e-07d0-4131-b6d1-2fb06cb3dfc0,,,,29608,1,,,,,,,,,,,,,,,,,,,,,,,
S22,3,2030-03-19T08:35:40.224Z,level_reached,d6455993-0262-4297-8238-4d704f52bdd1,3,1,38661,,,,,,,,,,,,,,,,,,,,,,,,,
S22,3,2030-03-19T08:35:50.302Z,returned_to_code,d6455993-0262-4297-8238-4d704f52bdd1,3,,,,,10078,,,,,,,,,,,,,,,,,,,,,,
S07,3,2030-03-19T08:36:01.568Z,level_reached,1a584239-3598-45d4-9e6a-97ec0ba59a8d,2,1,22360,,,,,,,,,,,,,,,,,,,,,,,,,
S07,3,2030-03-19T08:36:03.303Z,diagnostic_resolved,1a584239-3598-45d4-9e6a-97ec0ba59a8d,,,,,,,,,,24095,82264,9,,,,,,,,,,,,,,,,
S14,3,2030-03-19T08:36:05.177Z,level_reached,3aabf1d5-35c4-4b9e-825d-ec0251cd1e6e,2,1,8737,,,,,,,,,,,,,,,,,,,,,,,,,
S07,3,2030-03-19T08:36:05.403Z,level_reached,1a584239-3598-45d4-9e6a-97ec0ba59a8d,3,1,26195,,,,,,,,,,,,,,,,,,,,,,,,,
S22,3,2030-03-19T08:36:07.198Z,post_feedback_edit,d6455993-0262-4297-8238-4d704f52bdd1,,,,,,,,0.753,0,,,,,,,,,,,,,,,,,,,
S07,3,2030-03-19T08:36:13.763Z,post_feedback_edit,1a584239-3598-45d4-9e6a-97ec0ba59a8d,,,,,,,,0.704,0,,,,,,,,,,,,,,,,,,,
S07,3,2030-03-19T08:36:16.618Z,returned_to_code,1a584239-3598-45d4-9e6a-97ec0ba59a8d,3,,,,,11215,,,,,,,,,,,,,,,,,,,,,,
S14,3,2030-03-19T08:36:21.639Z,explanation_visibility,74ca5506-0476-47ad-a281-0617851e87a2,,,,65214,1,,,,,,,,,,,,,,,,,,,,,,,
S22,3,2030-03-19T08:36:31.044Z,diagnostic_resolved,d6455993-0262-4297-8238-4d704f52bdd1,,,,,,,,,,89481,112410,6,,,,,,,,,,,,,,,,
S14,3,2030-03-19T08:36:35.470Z,returned_to_code,3aabf1d5-35c4-4b9e-825d-ec0251cd1e6e,2,,,,,30293,,,,,,,,,,,,,,,,,,,,,,
S14,3,2030-03-19T08:37:13.250Z,explanation_visibility,3aabf1d5-35c4-4b9e-825d-ec0251cd1e6e,,,,13110,0,,,,,,,,,,,,,,,,,,,,,,,
S07,3,2030-03-19T08:37:19.772Z,explanation_visibility,1a584239-3598-45d4-9e6a-97ec0ba59a8d,,,,65724,1,,,,,,,,,,,,,,,,,,,,,,,
S21,3,2030-03-19T08:37:48.193Z,returned_to_code,f0de1ce3-288c-4c81-ae3e-3790e6eb35ed,1,,,,,8274,,,,,,,,,,,,,,,,,,,,,,
S10,3,2030-03-19T08:38:10.071Z,returned_to_code,6f0b7c91-495f-4ec0-bf3a-695286a34854,1,,,,,32751,,,,,,,,,,,,,,,,,,,,,,
S25,3,2030-03-19T08:39:11.864Z,diagnostic_resolved,1b2bbd32-024b-43bb-9d9a-fd01cc3461ee,,,,,,,,,,31553,49107,2,,,,,,,,,,,,,,,,
S23,3,2030-03-19T08:39:14.184Z,level_reached,be7a3d8e-6711-4239-b7c2-7c1257ba4dfd,2,1,9192,,,,,,,,,,,,,,,,,,,,,,,,,
S21,3,2030-03-19T08:39:15.749Z,explanation_visibility,f0de1ce3-288c-4c81-ae3e-3790e6eb35ed,,,,26850,1,,,,,,,,,,,,,,,,,,,,,,,
S14,3,2030-03-19T08:39:17.020Z,diagnostic_resolved,74ca5506-0476-47ad-a281-0617851e87a2,,,,,,,,,,340819,346416,6,,,,,,,,,,,,,,,,
S24,3,2030-03-19T08:39:19.904Z,explanation_visibility,b564daf8-cf58-4bf3-bfbf-b579b0353d5b,,,,76967,1,,,,,,,,,,,,,,,,,,,,,,,
S25,3,2030-03-19T08:40:33.031Z,returned_to_code,1b2bbd32-024b-43bb-9d9a-fd01cc3461ee,1,,,,,112720,,,,,,,,,,,,,,,,,,,,,,
S25,3,2030-03-19T08:41:00.000Z,file_cleared,,,,,,,,,,,,,,lab3_loops.py,271610,8,2,1,,,,,,,,,,,
S21,3,2030-03-19T08:41:29.174Z,returned_to_code,761f048a-fba3-4a57-99ec-90eed4cbee60,1,,,,,30935,,,,,,,,,,,,,,,,,,,,,,
S23,3,2030-03-19T08:41:37.874Z,explanation_visibility,be7a3d8e-6711-4239-b7c2-7c1257ba4dfd,,,,55275,1,,,,,,,,,,,,,,,,,,,,,,,
S20,3,2030-03-19T08:42:20.897Z,level_reached,cf9bff0b-a62d-4c6d-b9c5-89c42e5c60f2,2,1,20774,,,,,,,,,,,,,,,,,,,,,,,,,
S25,3,2030-03-19T08:42:23.107Z,explanation_visibility,1b2bbd32-024b-43bb-9d9a-fd01cc3461ee,,,,101826,1,,,,,,,,,,,,,,,,,,,,,,,
S20,3,2030-03-19T08:42:40.660Z,returned_to_code,cf9bff0b-a62d-4c6d-b9c5-89c42e5c60f2,2,,,,,19763,,,,,,,,,,,,,,,,,,,,,,
S07,3,2030-03-19T08:42:43.179Z,returned_to_code,ff2864e0-b3d3-42c2-a7ff-de4aca0c3f82,1,,,,,82559,,,,,,,,,,,,,,,,,,,,,,
S23,3,2030-03-19T08:42:50.847Z,level_reached,be7a3d8e-6711-4239-b7c2-7c1257ba4dfd,3,1,225855,,,,,,,,,,,,,,,,,,,,,,,,,
S21,3,2030-03-19T08:43:00.000Z,file_cleared,,,,,,,,,,,,,,lab3_loops.py,267267,7,1,0,,,,,,,,,,,
S23,3,2030-03-19T08:43:10.893Z,returned_to_code,be7a3d8e-6711-4239-b7c2-7c1257ba4dfd,3,,,,,20046,,,,,,,,,,,,,,,,,,,,,,
S22,3,2030-03-19T08:43:27.818Z,level_reached,06bea066-c41f-4201-9531-dd389e8d63a6,2,1,22419,,,,,,,,,,,,,,,,,,,,,,,,,
S22,3,2030-03-19T08:43:39.230Z,level_reached,06bea066-c41f-4201-9531-dd389e8d63a6,3,1,33831,,,,,,,,,,,,,,,,,,,,,,,,,
S22,3,2030-03-19T08:43:45.923Z,returned_to_code,06bea066-c41f-4201-9531-dd389e8d63a6,3,,,,,6693,,,,,,,,,,,,,,,,,,,,,,
S07,3,2030-03-19T08:43:57.997Z,explanation_visibility,ff2864e0-b3d3-42c2-a7ff-de4aca0c3f82,,,,78185,1,,,,,,,,,,,,,,,,,,,,,,,
S22,3,2030-03-19T08:44:04.133Z,post_feedback_edit,06bea066-c41f-4201-9531-dd389e8d63a6,,,,,,,,0.49,2,,,,,,,,,,,,,,,,,,,
S20,3,2030-03-19T08:44:49.295Z,explanation_visibility,cf9bff0b-a62d-4c6d-b9c5-89c42e5c60f2,,,,56169,1,,,,,,,,,,,,,,,,,,,,,,,
S24,3,2030-03-19T08:45:12.388Z,diagnostic_resolved,b564daf8-cf58-4bf3-bfbf-b579b0353d5b,,,,,,,,,,502411,533724,4,,,,,,,,,,,,,,,,
S24,3,2030-03-19T08:46:07.072Z,explanation_visibility,0369208c-b7ee-4eb8-a5fe-16465f241463,,,,126633,1,,,,,,,,,,,,,,,,,,,,,,,
S24,3,2030-03-19T08:46:49.977Z,feedback_abandoned,b564daf8-cf58-4bf3-bfbf-b579b0353d5b,1,,,,,,timeout,,,,,,,,,,,,,,,,,,,,,
S24,3,2030-03-19T08:47:00.000Z,feedback_abandoned,0369208c-b7ee-4eb8-a5fe-16465f241463,1,,,,,,session_end,,,,,,,,,,,,,,,,,,,,,
S07,3,2030-03-19T08:47:14.471Z,diagnostic_resolved,ff2864e0-b3d3-42c2-a7ff-de4aca0c3f82,,,,,,,,,,353851,378083,2,,,,,,,,,,,,,,,,
S22,3,2030-03-19T08:47:56.151Z,explanation_visibility,06bea066-c41f-4201-9531-dd389e8d63a6,,,,42496,1,,,,,,,,,,,,,,,,,,,,,,,
S14,3,2030-03-20T19:25:00.000Z,explanation_reopened,1ab083d8-7625-465d-8926-52bb381742e7,,,,,,,,,,,,,,,,,,,,,,,,,,,,
S14,3,2030-03-20T19:29:00.000Z,file_cleared,,,,,,,,,,,,,,hw3.py,172620,16,1,0,,,,,,,,,,,
S14,3,2030-03-20T19:33:11.728Z,level_reached,f1c77fde-8a82-4dd1-8723-2fbb7ecdf3ae,2,1,31857,,,,,,,,,,,,,,,,,,,,,,,,,
S14,3,2030-03-20T19:33:19.767Z,level_reached,f1c77fde-8a82-4dd1-8723-2fbb7ecdf3ae,3,1,39896,,,,,,,,,,,,,,,,,,,,,,,,,
S14,3,2030-03-20T19:33:25.995Z,returned_to_code,f1c77fde-8a82-4dd1-8723-2fbb7ecdf3ae,3,,,,,6228,,,,,,,,,,,,,,,,,,,,,,
S14,3,2030-03-20T19:34:03.048Z,explanation_visibility,f1c77fde-8a82-4dd1-8723-2fbb7ecdf3ae,,,,31974,1,,,,,,,,,,,,,,,,,,,,,,,
S14,3,2030-03-20T19:34:27.859Z,post_feedback_edit,f1c77fde-8a82-4dd1-8723-2fbb7ecdf3ae,,,,,,,,0.596,7,,,,,,,,,,,,,,,,,,,
S14,3,2030-03-20T19:37:49.574Z,explanation_visibility,4606faf1-44bf-4deb-9f5e-69d8618b5f05,,,,64291,1,,,,,,,,,,,,,,,,,,,,,,,
S14,3,2030-03-20T19:38:00.000Z,file_cleared,,,,,,,,,,,,,,hw3.py,84257,6,1,1,,,,,,,,,,,
S14,3,2030-03-20T19:39:57.727Z,diagnostic_resolved,ff748a26-a96d-464b-a245-d815787bf3ee,,,,,,,,,,69046,85582,3,,,,,,,,,,,,,,,,
S14,3,2030-03-20T19:40:11.111Z,returned_to_code,ff748a26-a96d-464b-a245-d815787bf3ee,1,,,,,82430,,,,,,,,,,,,,,,,,,,,,,
S14,3,2030-03-20T19:43:00.000Z,file_cleared,,,,,,,,,,,,,,hw3.py,173105,13,3,0,,,,,,,,,,,
S14,3,2030-03-20T19:45:31.345Z,explanation_visibility,9163dc39-c059-4632-8b70-a514176be3e6,,,,22960,1,,,,,,,,,,,,,,,,,,,,,,,
S14,3,2030-03-20T19:45:46.506Z,level_reached,9163dc39-c059-4632-8b70-a514176be3e6,2,1,53362,,,,,,,,,,,,,,,,,,,,,,,,,
S14,3,2030-03-20T19:45:52.190Z,returned_to_code,9163dc39-c059-4632-8b70-a514176be3e6,2,,,,,5684,,,,,,,,,,,,,,,,,,,,,,
S14,3,2030-03-20T19:46:04.449Z,feedback_abandoned,4606faf1-44bf-4deb-9f5e-69d8618b5f05,1,,,,,,timeout,,,,,,,,,,,,,,,,,,,,,
S14,3,2030-03-20T19:46:48.301Z,diagnostic_resolved,9163dc39-c059-4632-8b70-a514176be3e6,,,,,,,,,,115157,234570,6,,,,,,,,,,,,,,,,
S14,3,2030-03-20T19:47:00.519Z,returned_to_code,bead48c6-7071-4d44-988e-047e6ec69dd5,1,,,,,3034,,,,,,,,,,,,,,,,,,,,,,
S14,3,2030-03-20T19:47:41.436Z,explanation_copied,9163dc39-c059-4632-8b70-a514176be3e6,,,,,,,,,,,,,,,,,,,,,,,,,,,,
S14,3,2030-03-20T19:48:39.823Z,diagnostic_resolved,bead48c6-7071-4d44-988e-047e6ec69dd5,,,,,,,,,,102338,110472,4,,,,,,,,,,,,,,,,
S14,3,2030-03-20T19:50:51.097Z,explanation_visibility,bead48c6-7071-4d44-988e-047e6ec69dd5,,,,118122,1,,,,,,,,,,,,,,,,,,,,,,,
S14,3,2030-03-20T19:57:27.259Z,explanation_visibility,dab62be2-0abb-4904-a6a8-8e944c8c089b,,,,27344,1,,,,,,,,,,,,,,,,,,,,,,,
S14,3,2030-03-20T19:57:56.827Z,level_reached,dab62be2-0abb-4904-a6a8-8e944c8c089b,2,1,73110,,,,,,,,,,,,,,,,,,,,,,,,,
S14,3,2030-03-20T19:58:23.646Z,explanation_copied,dab62be2-0abb-4904-a6a8-8e944c8c089b,,,,,,,,,,,,,,,,,,,,,,,,,,,,
S14,3,2030-03-20T19:58:33.159Z,level_reached,dab62be2-0abb-4904-a6a8-8e944c8c089b,3,1,109442,,,,,,,,,,,,,,,,,,,,,,,,,
S14,3,2030-03-20T20:08:33.159Z,feedback_abandoned,dab62be2-0abb-4904-a6a8-8e944c8c089b,3,,,,,,timeout,,,,,,,,,,,,,,,,,,,,,
S14,3,2030-03-20T20:11:00.000Z,file_cleared,,,,,,,,,,,,,,hw3.py,109704,21,3,0,,,,,,,,,,,
S15,3,2030-03-21T19:02:26.071Z,level_reached,6e76d595-26eb-4d3e-80e3-ec9380e003c2,2,1,34281,,,,,,,,,,,,,,,,,,,,,,,,,
S15,3,2030-03-21T19:02:33.748Z,level_reached,6e76d595-26eb-4d3e-80e3-ec9380e003c2,3,1,41958,,,,,,,,,,,,,,,,,,,,,,,,,
S15,3,2030-03-21T19:02:51.011Z,returned_to_code,6e76d595-26eb-4d3e-80e3-ec9380e003c2,3,,,,,17263,,,,,,,,,,,,,,,,,,,,,,
S15,3,2030-03-21T19:03:50.933Z,explanation_copied,6e76d595-26eb-4d3e-80e3-ec9380e003c2,L0,,,,,,,,,,,,,,,,,,,,,,,,,,,
S15,3,2030-03-21T19:05:34.341Z,level_reached,152609ef-249d-436d-a1ae-bfa20a24ccdc,2,1,8322,,,,,,,,,,,,,,,,,,,,,,,,,
S15,3,2030-03-21T19:06:04.596Z,returned_to_code,152609ef-249d-436d-a1ae-bfa20a24ccdc,2,,,,,30255,,,,,,,,,,,,,,,,,,,,,,
S15,3,2030-03-21T19:06:09.660Z,explanation_visibility,6e76d595-26eb-4d3e-80e3-ec9380e003c2,,,,9353,0,,,,,,,,,,,,,,,,,,,,,,,
S15,3,2030-03-21T19:06:34.413Z,diagnostic_resolved,6e76d595-26eb-4d3e-80e3-ec9380e003c2,,,,,,,,,,282623,302304,5,,,,,,,,,,,,,,,,
S15,3,2030-03-21T19:06:38.379Z,diagnostic_resolved,152609ef-249d-436d-a1ae-bfa20a24ccdc,,,,,,,,,,72360,105431,3,,,,,,,,,,,,,,,,
S15,3,2030-03-21T19:07:43.277Z,explanation_visibility,152609ef-249d-436d-a1ae-bfa20a24ccdc,,,,24363,1,,,,,,,,,,,,,,,,,,,,,,,
S21,3,2030-03-21T19:13:43.116Z,diagnostic_resolved,b7e4e4b3-f60b-4c73-ae9d-cc74a3c7ed4a,,,,,,,,,,5627,34503,5,,,,,,,,,,,,,,,,
S21,3,2030-03-21T19:14:00.000Z,explanation_reopened,f0de1ce3-288c-4c81-ae3e-3790e6eb35ed,,,,,,,,,,,,,,,,,,,,,,,,,,,,
S15,3,2030-03-21T19:15:42.469Z,request_failed,,,,,,,,,,,,,,,,,,,,,,,,,backend,provider_error,,,
S21,3,2030-03-21T19:15:44.105Z,level_reached,b7e4e4b3-f60b-4c73-ae9d-cc74a3c7ed4a,2,1,126616,,,,,,,,,,,,,,,,,,,,,,,,,
S21,3,2030-03-21T19:16:04.652Z,level_reached,b7e4e4b3-f60b-4c73-ae9d-cc74a3c7ed4a,3,1,147163,,,,,,,,,,,,,,,,,,,,,,,,,
S21,3,2030-03-21T19:16:14.743Z,post_feedback_edit,b7e4e4b3-f60b-4c73-ae9d-cc74a3c7ed4a,,,,,,,,0.585,0,,,,,,,,,,,,,,,,,,,
S21,3,2030-03-21T19:16:19.794Z,returned_to_code,b7e4e4b3-f60b-4c73-ae9d-cc74a3c7ed4a,3,,,,,15142,,,,,,,,,,,,,,,,,,,,,,
S15,3,2030-03-21T19:21:32.949Z,returned_to_code,644e4762-1010-446a-a5c4-59612b06c7e6,1,,,,,18972,,,,,,,,,,,,,,,,,,,,,,
S15,3,2030-03-21T19:24:13.031Z,diagnostic_resolved,644e4762-1010-446a-a5c4-59612b06c7e6,,,,,,,,,,179054,207988,3,,,,,,,,,,,,,,,,
S05,3,2030-03-22T14:26:00.000Z,file_cleared,,,,,,,,,,,,,,hw3.py,482152,13,2,2,,,,,,,,,,,
S05,3,2030-03-22T14:27:45.659Z,level_reached,d9660434-b33d-4819-8cc1-147faf462157,2,1,21129,,,,,,,,,,,,,,,,,,,,,,,,,
S05,3,2030-03-22T14:27:57.602Z,level_reached,d9660434-b33d-4819-8cc1-147faf462157,3,1,33072,,,,,,,,,,,,,,,,,,,,,,,,,
S05,3,2030-03-22T14:28:07.324Z,returned_to_code,d9660434-b33d-4819-8cc1-147faf462157,3,,,,,9722,,,,,,,,,,,,,,,,,,,,,,
S05,3,2030-03-22T14:28:25.617Z,post_feedback_edit,d9660434-b33d-4819-8cc1-147faf462157,,,,,,,,0.629,0,,,,,,,,,,,,,,,,,,,
S05,3,2030-03-22T14:29:08.104Z,returned_to_code,3e34f485-1624-46a7-af0e-b4b5ef96fd23,1,,,,,12889,,,,,,,,,,,,,,,,,,,,,,
S05,3,2030-03-22T14:29:22.317Z,explanation_visibility,3e34f485-1624-46a7-af0e-b4b5ef96fd23,,,,3456,0,,,,,,,,,,,,,,,,,,,,,,,
S05,3,2030-03-22T14:29:33.142Z,diagnostic_resolved,3e34f485-1624-46a7-af0e-b4b5ef96fd23,,,,,,,,,,37927,65073,5,,,,,,,,,,,,,,,,
S05,3,2030-03-22T14:30:36.583Z,explanation_visibility,d9660434-b33d-4819-8cc1-147faf462157,,,,36134,1,,,,,,,,,,,,,,,,,,,,,,,
S05,3,2030-03-22T14:33:04.978Z,level_reached,6c605319-9acb-4fb3-b1d0-accefbccdf2e,2,1,36534,,,,,,,,,,,,,,,,,,,,,,,,,
S05,3,2030-03-22T14:33:18.635Z,level_reached,6c605319-9acb-4fb3-b1d0-accefbccdf2e,3,1,50191,,,,,,,,,,,,,,,,,,,,,,,,,
S05,3,2030-03-22T14:33:28.075Z,returned_to_code,6c605319-9acb-4fb3-b1d0-accefbccdf2e,3,,,,,9440,,,,,,,,,,,,,,,,,,,,,,
S05,3,2030-03-22T14:33:37.997Z,explanation_copied,6c605319-9acb-4fb3-b1d0-accefbccdf2e,,,,,,,,,,,,,,,,,,,,,,,,,,,,
S05,3,2030-03-22T14:33:48.139Z,returned_to_code,68cc9a1c-2754-4e6e-ae96-c5c1e98f864d,1,,,,,16631,,,,,,,,,,,,,,,,,,,,,,
S05,3,2030-03-22T14:34:20.053Z,diagnostic_resolved,68cc9a1c-2754-4e6e-ae96-c5c1e98f864d,,,,,,,,,,48545,79958,2,,,,,,,,,,,,,,,,
S05,3,2030-03-22T14:35:00.000Z,file_cleared,,,,,,,,,,,,,,hw3.py,1233967,12,2,0,,,,,,,,,,,
S05,3,2030-03-22T14:35:21.463Z,level_reached,60a8e6fe-e64e-45b1-9dcd-69f4075e411c,2,1,36011,,,,,,,,,,,,,,,,,,,,,,,,,
S05,3,2030-03-22T14:35:23.092Z,explanation_visibility,68cc9a1c-2754-4e6e-ae96-c5c1e98f864d,,,,47281,1,,,,,,,,,,,,,,,,,,,,,,,
S05,3,2030-03-22T14:35:43.618Z,returned_to_code,60a8e6fe-e64e-45b1-9dcd-69f4075e411c,2,,,,,22155,,,,,,,,,,,,,,,,,,,,,,
S05,3,2030-03-22T14:36:46.306Z,diagnostic_resolved,6c605319-9acb-4fb3-b1d0-accefbccdf2e,,,,,,,,,,257862,444651,5,,,,,,,,,,,,,,,,
S05,3,2030-03-22T14:37:13.131Z,level_reached,8552ede6-ad90-4380-9366-624ea993fce6,2,1,15405,,,,,,,,,,,,,,,,,,,,,,,,,
S05,3,2030-03-22T14:37:20.931Z,level_reached,8552ede6-ad90-4380-9366-624ea993fce6,3,1,23205,,,,,,,,,,,,,,,,,,,,,,,,,
S05,3,2030-03-22T14:37:36.326Z,post_feedback_edit,8552ede6-ad90-4380-9366-624ea993fce6,,,,,,,,0.522,0,,,,,,,,,,,,,,,,,,,
S05,3,2030-03-22T14:37:44.337Z,returned_to_code,8552ede6-ad90-4380-9366-624ea993fce6,3,,,,,23406,,,,,,,,,,,,,,,,,,,,,,
S05,3,2030-03-22T14:37:50.105Z,explanation_visibility,8552ede6-ad90-4380-9366-624ea993fce6,,,,14092,1,,,,,,,,,,,,,,,,,,,,,,,
S05,3,2030-03-22T14:38:17.516Z,explanation_visibility,60a8e6fe-e64e-45b1-9dcd-69f4075e411c,,,,17034,0,,,,,,,,,,,,,,,,,,,,,,,
S05,3,2030-03-22T14:38:18.593Z,explanation_visibility,6c605319-9acb-4fb3-b1d0-accefbccdf2e,,,,258233,1,,,,,,,,,,,,,,,,,,,,,,,
S05,3,2030-03-22T14:38:23.540Z,diagnostic_resolved,60a8e6fe-e64e-45b1-9dcd-69f4075e411c,,,,,,,,,,218088,223593,4,,,,,,,,,,,,,,,,
S05,3,2030-03-22T14:45:41.764Z,level_reached,9136faec-8067-469f-af8a-78ec3e0249d8,2,1,25921,,,,,,,,,,,,,,,,,,,,,,,,,
S05,3,2030-03-22T14:45:54.962Z,level_reached,9136faec-8067-469f-af8a-78ec3e0249d8,3,1,39119,,,,,,,,,,,,,,,,,,,,,,,,,
S05,3,2030-03-22T14:45:55.256Z,diagnostic_resolved,9136faec-8067-469f-af8a-78ec3e0249d8,,,,,,,,,,39413,80268,4,,,,,,,,,,,,,,,,
S05,3,2030-03-22T14:46:08.107Z,returned_to_code,9136faec-8067-469f-af8a-78ec3e0249d8,3,,,,,13145,,,,,,,,,,,,,,,,,,,,,,
S05,3,2030-03-22T14:46:53.351Z,post_feedback_edit,9136faec-8067-469f-af8a-78ec3e0249d8,,,,,,,,0.451,0,,,,,,,,,,,,,,,,,,,
S05,3,2030-03-22T14:47:22.686Z,diagnostic_resolved,f762a026-bd14-43d5-b924-21cfeab581d0,,,,,,,,,,33238,79230,3,,,,,,,,,,,,,,,,
S05,3,2030-03-22T14:47:41.052Z,level_reached,f762a026-bd14-43d5-b924-21cfeab581d0,2,1,51604,,,,,,,,,,,,,,,,,,,,,,,,,
S05,3,2030-03-22T14:47:52.740Z,level_reached,f762a026-bd14-43d5-b924-21cfeab581d0,3,1,63292,,,,,,,,,,,,,,,,,,,,,,,,,
S05,3,2030-03-22T14:48:25.560Z,returned_to_code,f762a026-bd14-43d5-b924-21cfeab581d0,3,,,,,32820,,,,,,,,,,,,,,,,,,,,,,
S05,3,2030-03-22T14:48:53.176Z,post_feedback_edit,f762a026-bd14-43d5-b924-21cfeab581d0,,,,,,,,0.494,0,,,,,,,,,,,,,,,,,,,
S05,3,2030-03-22T14:50:26.783Z,explanation_visibility,9136faec-8067-469f-af8a-78ec3e0249d8,,,,180384,1,,,,,,,,,,,,,,,,,,,,,,,
S05,3,2030-03-22T14:51:50.332Z,diagnostic_resolved,8552ede6-ad90-4380-9366-624ea993fce6,,,,,,,,,,892606,923135,2,,,,,,,,,,,,,,,,
S05,3,2030-03-22T14:54:00.000Z,run_finished,,,,,,,,,,,,,,,,,,,1,0,,,,,,,,,
S05,3,2030-03-22T14:58:53.441Z,returned_to_code,1fd97141-9932-474b-9652-b4f4e3c24200,1,,,,,15719,,,,,,,,,,,,,,,,,,,,,,
S05,3,2030-03-22T15:01:26.090Z,explanation_visibility,1fd97141-9932-474b-9652-b4f4e3c24200,,,,13041,1,,,,,,,,,,,,,,,,,,,,,,,
S13,3,2030-03-22T17:30:55.412Z,explanation_visibility,46f3a1f6-49a0-42ce-93f7-aa0e7f9ba10c,,,,15613,0,,,,,,,,,,,,,,,,,,,,,,,
S13,3,2030-03-22T17:31:26.742Z,returned_to_code,46f3a1f6-49a0-42ce-93f7-aa0e7f9ba10c,1,,,,,66721,,,,,,,,,,,,,,,,,,,,,,
S13,3,2030-03-22T17:41:00.000Z,question_picker_abandoned,,,,,,,,,,,,,,,,,,,,,preset,selection_codelens,7,182,,,,,
S13,3,2030-03-22T17:45:00.000Z,file_cleared,,,,,,,,,,,,,,hw3.py,348125,10,1,0,,,,,,,,,,,
S14,3,2030-03-22T18:01:29.362Z,diagnostic_resolved,6faa6017-cb8e-4555-83e4-0c6985b0e9e6,,,,,,,,,,13828,31211,7,,,,,,,,,,,,,,,,
S14,3,2030-03-22T18:02:23.973Z,level_reached,6faa6017-cb8e-4555-83e4-0c6985b0e9e6,2,1,68439,,,,,,,,,,,,,,,,,,,,,,,,,
S14,3,2030-03-22T18:02:46.815Z,level_reached,6faa6017-cb8e-4555-83e4-0c6985b0e9e6,3,1,91281,,,,,,,,,,,,,,,,,,,,,,,,,
S14,3,2030-03-22T18:02:55.882Z,post_feedback_edit,6faa6017-cb8e-4555-83e4-0c6985b0e9e6,,,,,,,,0.712,0,,,,,,,,,,,,,,,,,,,
S14,3,2030-03-22T18:03:02.794Z,returned_to_code,6faa6017-cb8e-4555-83e4-0c6985b0e9e6,3,,,,,15979,,,,,,,,,,,,,,,,,,,,,,
S14,3,2030-03-22T18:03:29.231Z,explanation_visibility,6faa6017-cb8e-4555-83e4-0c6985b0e9e6,,,,94551,1,,,,,,,,,,,,,,,,,,,,,,,
S14,3,2030-03-22T18:13:00.000Z,file_cleared,,,,,,,,,,,,,,hw3.py,213461,12,3,3,,,,,,,,,,,
S14,3,2030-03-22T18:16:26.038Z,level_reached,79497be9-49ee-4585-b41f-71cdf03c5cd5,2,1,10725,,,,,,,,,,,,,,,,,,,,,,,,,
S14,3,2030-03-22T18:17:21.781Z,level_reached,79497be9-49ee-4585-b41f-71cdf03c5cd5,3,1,66468,,,,,,,,,,,,,,,,,,,,,,,,,
S14,3,2030-03-22T18:17:55.239Z,returned_to_code,79497be9-49ee-4585-b41f-71cdf03c5cd5,3,,,,,33458,,,,,,,,,,,,,,,,,,,,,,
S14,3,2030-03-22T18:18:07.755Z,post_feedback_edit,79497be9-49ee-4585-b41f-71cdf03c5cd5,,,,,,,,0.696,7,,,,,,,,,,,,,,,,,,,
S14,3,2030-03-22T18:19:10.405Z,diagnostic_resolved,79497be9-49ee-4585-b41f-71cdf03c5cd5,,,,,,,,,,175092,213565,1,,,,,,,,,,,,,,,,
S14,3,2030-03-22T18:19:13.662Z,level_reached,3fb65cf3-cc36-48a0-8c52-86089015f9f8,2,1,27662,,,,,,,,,,,,,,,,,,,,,,,,,
S14,3,2030-03-22T18:19:39.595Z,level_reached,3fb65cf3-cc36-48a0-8c52-86089015f9f8,3,1,53595,,,,,,,,,,,,,,,,,,,,,,,,,
S14,3,2030-03-22T18:19:43.823Z,returned_to_code,3fb65cf3-cc36-48a0-8c52-86089015f9f8,3,,,,,4228,,,,,,,,,,,,,,,,,,,,,,
S14,3,2030-03-22T18:20:08.785Z,explanation_visibility,3fb65cf3-cc36-48a0-8c52-86089015f9f8,,,,69572,1,,,,,,,,,,,,,,,,,,,,,,,
S14,3,2030-03-22T18:20:29.280Z,post_feedback_edit,3fb65cf3-cc36-48a0-8c52-86089015f9f8,,,,,,,,0.324,0,,,,,,,,,,,,,,,,,,,
S14,3,2030-03-22T18:22:00.000Z,file_cleared,,,,,,,,,,,,,,hw3.py,370928,9,2,0,,,,,,,,,,,
S14,3,2030-03-22T18:26:30.981Z,level_reached,32dcb526-a39e-4264-9148-2c9657fd785e,2,1,12154,,,,,,,,,,,,,,,,,,,,,,,,,
S14,3,2030-03-22T18:26:39.468Z,level_reached,32dcb526-a39e-4264-9148-2c9657fd785e,3,1,20641,,,,,,,,,,,,,,,,,,,,,,,,,
S14,3,2030-03-22T18:26:52.267Z,returned_to_code,32dcb526-a39e-4264-9148-2c9657fd785e,3,,,,,12799,,,,,,,,,,,,,,,,,,,,,,
S14,3,2030-03-22T18:27:22.733Z,diagnostic_resolved,32dcb526-a39e-4264-9148-2c9657fd785e,,,,,,,,,,63906,78058,4,,,,,,,,,,,,,,,,
S14,3,2030-03-22T18:29:58.646Z,explanation_visibility,32dcb526-a39e-4264-9148-2c9657fd785e,,,,26654,1,,,,,,,,,,,,,,,,,,,,,,,
S14,3,2030-03-22T18:34:10.320Z,level_reached,8d19d649-c247-4489-813d-081b361b3320,2,1,18415,,,,,,,,,,,,,,,,,,,,,,,,,
S14,3,2030-03-22T18:34:31.042Z,explanation_visibility,8d19d649-c247-4489-813d-081b361b3320,,,,22912,1,,,,,,,,,,,,,,,,,,,,,,,
S14,3,2030-03-22T18:34:39.311Z,request_failed,,,,,,,,,,,,,,,,,,,,,,,,,backend,provider_error,,,
S14,3,2030-03-22T18:35:00.169Z,returned_to_code,8d19d649-c247-4489-813d-081b361b3320,2,,,,,49849,,,,,,,,,,,,,,,,,,,,,,
S14,3,2030-03-22T18:38:00.000Z,file_cleared,,,,,,,,,,,,,,hw3.py,657117,26,4,4,,,,,,,,,,,
S14,3,2030-03-22T18:40:00.000Z,file_cleared,,,,,,,,,,,,,,hw3.py,321087,15,3,3,,,,,,,,,,,
S05,3,2030-03-22T19:43:00.000Z,file_cleared,,,,,,,,,,,,,,hw3.py,1554479,8,2,0,,,,,,,,,,,
S05,3,2030-03-22T19:48:00.000Z,file_cleared,,,,,,,,,,,,,,hw3.py,525645,12,2,1,,,,,,,,,,,
S05,3,2030-03-22T19:54:23.124Z,returned_to_code,c6eb93b3-55a4-4984-b3d1-b9827d184982,1,,,,,5236,,,,,,,,,,,,,,,,,,,,,,
S05,3,2030-03-22T19:55:11.743Z,level_reached,d613163e-dbad-4f10-aa15-2f6b51b2f855,2,1,9995,,,,,,,,,,,,,,,,,,,,,,,,,
S05,3,2030-03-22T19:55:57.095Z,explanation_visibility,c6eb93b3-55a4-4984-b3d1-b9827d184982,,,,38253,0,,,,,,,,,,,,,,,,,,,,,,,
S05,3,2030-03-22T19:55:57.822Z,returned_to_code,d613163e-dbad-4f10-aa15-2f6b51b2f855,2,,,,,46079,,,,,,,,,,,,,,,,,,,,,,
S05,3,2030-03-22T19:57:19.632Z,returned_to_code,fae8c36c-cbaf-426c-9797-80c8c444e6bd,1,,,,,4929,,,,,,,,,,,,,,,,,,,,,,
S05,3,2030-03-22T19:57:20.575Z,explanation_visibility,d613163e-dbad-4f10-aa15-2f6b51b2f855,,,,20739,1,,,,,,,,,,,,,,,,,,,,,,,
S05,3,2030-03-22T19:58:07.788Z,returned_to_code,766f385d-6dab-410f-a716-816036fff0c3,1,,,,,12886,,,,,,,,,,,,,,,,,,,,,,
S05,3,2030-03-22T19:59:01.601Z,diagnostic_resolved,766f385d-6dab-410f-a716-816036fff0c3,,,,,,,,,,66699,72985,2,,,,,,,,,,,,,,,,
S05,3,2030-03-22T20:00:09.144Z,explanation_visibility,766f385d-6dab-410f-a716-816036fff0c3,,,,81565,1,,,,,,,,,,,,,,,,,,,,,,,
S05,3,2030-03-22T20:00:18.068Z,diagnostic_resolved,d613163e-dbad-4f10-aa15-2f6b51b2f855,,,,,,,,,,316320,320634,3,,,,,,,,,,,,,,,,
S19,3,2030-03-23T16:44:01.483Z,level_reached,8010a014-46c9-4618-93e4-9e3395c6d235,2,1,8285,,,,,,,,,,,,,,,,,,,,,,,,,
S19,3,2030-03-23T16:44:18.093Z,level_reached,156052e0-7999-433d-8e00-0b4ca0315947,2,1,15263,,,,,,,,,,,,,,,,,,,,,,,,,
S19,3,2030-03-23T16:44:21.900Z,diagnostic_resolved,8010a014-46c9-4618-93e4-9e3395c6d235,,,,,,,,,,28702,44094,4,,,,,,,,,,,,,,,,
S19,3,2030-03-23T16:44:33.995Z,explanation_visibility,156052e0-7999-433d-8e00-0b4ca0315947,,,,8071,0,,,,,,,,,,,,,,,,,,,,,,,
S19,3,2030-03-23T16:44:41.744Z,returned_to_code,156052e0-7999-433d-8e00-0b4ca0315947,2,,,,,23651,,,,,,,,,,,,,,,,,,,,,,
S19,3,2030-03-23T16:44:53.698Z,returned_to_code,8010a014-46c9-4618-93e4-9e3395c6d235,2,,,,,52215,,,,,,,,,,,,,,,,,,,,,,
S19,3,2030-03-23T16:45:21.254Z,diagnostic_resolved,156052e0-7999-433d-8e00-0b4ca0315947,,,,,,,,,,78424,114966,5,,,,,,,,,,,,,,,,
S19,3,2030-03-23T16:45:28.711Z,explanation_visibility,8010a014-46c9-4618-93e4-9e3395c6d235,,,,12935,1,,,,,,,,,,,,,,,,,,,,,,,
S19,3,2030-03-23T16:56:01.645Z,level_reached,f5bb0c63-8ef5-4f5a-a5d6-16c2cbce58a6,2,1,30979,,,,,,,,,,,,,,,,,,,,,,,,,
S19,3,2030-03-23T16:56:11.299Z,returned_to_code,f5bb0c63-8ef5-4f5a-a5d6-16c2cbce58a6,2,,,,,9654,,,,,,,,,,,,,,,,,,,,,,
S19,3,2030-03-23T16:56:56.182Z,diagnostic_resolved,f5bb0c63-8ef5-4f5a-a5d6-16c2cbce58a6,,,,,,,,,,85516,159308,6,,,,,,,,,,,,,,,,
S19,3,2030-03-23T17:00:37.052Z,returned_to_code,81584777-6065-4e40-ab1f-5109da6a880d,1,,,,,7572,,,,,,,,,,,,,,,,,,,,,,
S19,3,2030-03-23T17:01:06.626Z,diagnostic_resolved,81584777-6065-4e40-ab1f-5109da6a880d,,,,,,,,,,37146,160169,3,,,,,,,,,,,,,,,,
S19,3,2030-03-23T17:01:46.113Z,explanation_visibility,81584777-6065-4e40-ab1f-5109da6a880d,,,,34565,1,,,,,,,,,,,,,,,,,,,,,,,
S22,3,2030-03-23T17:16:26.558Z,explanation_visibility,9cffceb9-9d76-481f-a782-4ecefa54f69c,,,,21879,1,,,,,,,,,,,,,,,,,,,,,,,
S22,3,2030-03-23T17:17:11.129Z,level_reached,0f5d1bff-cbdc-468d-aa07-a1129f5741a5,2,1,23268,,,,,,,,,,,,,,,,,,,,,,,,,
S22,3,2030-03-23T17:17:13.350Z,diagnostic_resolved,9cffceb9-9d76-481f-a782-4ecefa54f69c,,,,,,,,,,78404,105148,4,,,,,,,,,,,,,,,,
S22,3,2030-03-23T17:17:25.314Z,returned_to_code,0f5d1bff-cbdc-468d-aa07-a1129f5741a5,2,,,,,14185,,,,,,,,,,,,,,,,,,,,,,
S22,3,2030-03-23T17:18:00.529Z,level_reached,9cffceb9-9d76-481f-a782-4ecefa54f69c,2,1,125583,,,,,,,,,,,,,,,,,,,,,,,,,
S22,3,2030-03-23T17:18:07.793Z,explanation_visibility,0f5d1bff-cbdc-468d-aa07-a1129f5741a5,,,,37798,1,,,,,,,,,,,,,,,,,,,,,,,
S22,3,2030-03-23T17:18:13.515Z,level_reached,9cffceb9-9d76-481f-a782-4ecefa54f69c,3,1,138569,,,,,,,,,,,,,,,,,,,,,,,,,
S22,3,2030-03-23T17:18:16.218Z,post_feedback_edit,9cffceb9-9d76-481f-a782-4ecefa54f69c,,,,,,,,0.067,0,,,,,,,,,,,,,,,,,,,
S22,3,2030-03-23T17:18:20.898Z,returned_to_code,9cffceb9-9d76-481f-a782-4ecefa54f69c,3,,,,,7383,,,,,,,,,,,,,,,,,,,,,,
S22,3,2030-03-23T17:18:55.550Z,level_reached,906ad682-aaca-45d9-b40c-ad844ff8eb6d,2,1,29038,,,,,,,,,,,,,,,,,,,,,,,,,
S22,3,2030-03-23T17:19:17.751Z,diagnostic_resolved,0f5d1bff-cbdc-468d-aa07-a1129f5741a5,,,,,,,,,,149890,160661,3,,,,,,,,,,,,,,,,
S22,3,2030-03-23T17:21:00.235Z,explanation_visibility,906ad682-aaca-45d9-b40c-ad844ff8eb6d,,,,54816,1,,,,,,,,,,,,,,,,,,,,,,,
S22,3,2030-03-23T17:21:01.434Z,level_reached,bfdb82f1-7d96-41ac-85c0-7135ba1a8c8c,2,1,20420,,,,,,,,,,,,,,,,,,,,,,,,,
S22,3,2030-03-23T17:21:09.394Z,returned_to_code,906ad682-aaca-45d9-b40c-ad844ff8eb6d,2,,,,,133844,,,,,,,,,,,,,,,,,,,,,,
S22,3,2030-03-23T17:21:12.759Z,diagnostic_resolved,bfdb82f1-7d96-41ac-85c0-7135ba1a8c8c,,,,,,,,,,31745,48986,4,,,,,,,,,,,,,,,,
S22,3,2030-03-23T17:21:42.344Z,level_reached,bfdb82f1-7d96-41ac-85c0-7135ba1a8c8c,3,1,61330,,,,,,,,,,,,,,,,,,,,,,,,,
S22,3,2030-03-23T17:21:45.217Z,returned_to_code,bfdb82f1-7d96-41ac-85c0-7135ba1a8c8c,3,,,,,2873,,,,,,,,,,,,,,,,,,,,,,
S22,3,2030-03-23T17:21:53.864Z,post_feedback_edit,bfdb82f1-7d96-41ac-85c0-7135ba1a8c8c,,,,,,,,0.585,2,,,,,,,,,,,,,,,,,,,
S22,3,2030-03-23T17:22:01.872Z,explanation_visibility,bfdb82f1-7d96-41ac-85c0-7135ba1a8c8c,,,,47502,1,,,,,,,,,,,,,,,,,,,,,,,
S22,3,2030-03-23T17:24:00.000Z,explanation_reopened,a3002354-251c-4a06-b070-93277c060d16,,,,,,,,,,,,,,,,,,,,,,,,,,,,
S22,3,2030-03-23T17:35:12.705Z,returned_to_code,1db4cf4f-74fe-4032-b55b-2452970f0d67,1,,,,,80469,,,,,,,,,,,,,,,,,,,,,,
S22,3,2030-03-23T17:36:05.650Z,explanation_visibility,1db4cf4f-74fe-4032-b55b-2452970f0d67,,,,82830,1,,,,,,,,,,,,,,,,,,,,,,,
S22,3,2030-03-23T17:37:40.210Z,level_reached,fe101d48-2c97-4d83-944b-517ea20d8083,2,1,16707,,,,,,,,,,,,,,,,,,,,,,,,,
S22,3,2030-03-23T17:37:56.334Z,level_reached,fe101d48-2c97-4d83-944b-517ea20d8083,3,1,32831,,,,,,,,,,,,,,,,,,,,,,,,,
S22,3,2030-03-23T17:38:06.769Z,post_feedback_edit,fe101d48-2c97-4d83-944b-517ea20d8083,,,,,,,,0.756,2,,,,,,,,,,,,,,,,,,,
S22,3,2030-03-23T17:38:12.295Z,returned_to_code,fe101d48-2c97-4d83-944b-517ea20d8083,3,,,,,15961,,,,,,,,,,,,,,,,,,,,,,
S22,3,2030-03-23T17:38:45.249Z,diagnostic_resolved,fe101d48-2c97-4d83-944b-517ea20d8083,,,,,,,,,,81746,98476,3,,,,,,,,,,,,,,,,
S22,3,2030-03-23T17:38:59.625Z,explanation_visibility,fe101d48-2c97-4d83-944b-517ea20d8083,,,,10817,0,,,,,,,,,,,,,,,,,,,,,,,
S22,3,2030-03-23T17:40:19.351Z,level_reached,34634d0f-a9ff-47c8-975d-16d6c0b274fa,2,1,21371,,,,,,,,,,,,,,,,,,,,,,,,,
S22,3,2030-03-23T17:40:59.384Z,diagnostic_resolved,34634d0f-a9ff-47c8-975d-16d6c0b274fa,,,,,,,,,,61404,77407,3,,,,,,,,,,,,,,,,
S22,3,2030-03-23T17:41:40.430Z,returned_to_code,34634d0f-a9ff-47c8-975d-16d6c0b274fa,2,,,,,81079,,,,,,,,,,,,,,,,,,,,,,
S22,3,2030-03-23T17:42:01.503Z,explanation_visibility,34634d0f-a9ff-47c8-975d-16d6c0b274fa,,,,64806,1,,,,,,,,,,,,,,,,,,,,,,,
S22,3,2030-03-23T17:48:04.227Z,level_reached,7207f6a1-bd4e-4230-ada2-06a863301514,2,1,6714,,,,,,,,,,,,,,,,,,,,,,,,,
S22,3,2030-03-23T17:48:39.985Z,level_reached,7207f6a1-bd4e-4230-ada2-06a863301514,3,1,42472,,,,,,,,,,,,,,,,,,,,,,,,,
S22,3,2030-03-23T17:48:54.044Z,returned_to_code,7207f6a1-bd4e-4230-ada2-06a863301514,3,,,,,14059,,,,,,,,,,,,,,,,,,,,,,
S22,3,2030-03-23T17:48:55.473Z,post_feedback_edit,7207f6a1-bd4e-4230-ada2-06a863301514,,,,,,,,0.407,0,,,,,,,,,,,,,,,,,,,
S16,3,2030-03-23T17:49:00.000Z,file_cleared,,,,,,,,,,,,,,hw3.py,333663,16,4,0,,,,,,,,,,,
S22,3,2030-03-23T17:49:20.060Z,explanation_visibility,7207f6a1-bd4e-4230-ada2-06a863301514,,,,28398,1,,,,,,,,,,,,,,,,,,,,,,,
S17,3,2030-03-24T14:15:36.146Z,level_reached,463b844e-ae2e-45e5-ab1b-f08f85212c42,2,1,14831,,,,,,,,,,,,,,,,,,,,,,,,,
S17,3,2030-03-24T14:16:11.096Z,explanation_visibility,463b844e-ae2e-45e5-ab1b-f08f85212c42,,,,31467,1,,,,,,,,,,,,,,,,,,,,,,,
S17,3,2030-03-24T14:16:16.429Z,level_reached,463b844e-ae2e-45e5-ab1b-f08f85212c42,3,1,55114,,,,,,,,,,,,,,,,,,,,,,,,,
S17,3,2030-03-24T14:16:28.730Z,post_feedback_edit,463b844e-ae2e-45e5-ab1b-f08f85212c42,,,,,,,,0.438,1,,,,,,,,,,,,,,,,,,,
S17,3,2030-03-24T14:16:37.989Z,returned_to_code,463b844e-ae2e-45e5-ab1b-f08f85212c42,3,,,,,21560,,,,,,,,,,,,,,,,,,,,,,
S17,3,2030-03-24T14:17:21.119Z,diagnostic_resolved,463b844e-ae2e-45e5-ab1b-f08f85212c42,,,,,,,,,,119804,203312,2,,,,,,,,,,,,,,,,
S17,3,2030-03-24T14:20:00.000Z,file_cleared,,,,,,,,,,,,,,hw3.py,467126,12,2,1,,,,,,,,,,,
S13,3,2030-03-24T15:23:48.072Z,returned_to_code,44a96d40-6376-4ea1-855f-8f1ca28bad0d,1,,,,,35900,,,,,,,,,,,,,,,,,,,,,,
S13,3,2030-03-24T15:24:29.353Z,explanation_visibility,44a96d40-6376-4ea1-855f-8f1ca28bad0d,,,,30293,0,,,,,,,,,,,,,,,,,,,,,,,
S13,3,2030-03-24T15:25:24.970Z,diagnostic_resolved,44a96d40-6376-4ea1-855f-8f1ca28bad0d,,,,,,,,,,132798,210969,4,,,,,,,,,,,,,,,,
S13,3,2030-03-24T15:39:09.106Z,level_reached,456c9cbb-efa6-4d95-b148-ad96d621ced1,2,1,64103,,,,,,,,,,,,,,,,,,,,,,,,,
S13,3,2030-03-24T15:39:28.284Z,returned_to_code,456c9cbb-efa6-4d95-b148-ad96d621ced1,2,,,,,19178,,,,,,,,,,,,,,,,,,,,,,
S13,3,2030-03-24T15:40:25.113Z,diagnostic_resolved,456c9cbb-efa6-4d95-b148-ad96d621ced1,,,,,,,,,,140110,182646,7,,,,,,,,,,,,,,,,
S13,3,2030-03-24T15:41:15.015Z,explanation_visibility,456c9cbb-efa6-4d95-b148-ad96d621ced1,,,,96012,1,,,,,,,,,,,,,,,,,,,,,,,
S13,3,2030-03-24T15:42:00.000Z,file_cleared,,,,,,,,,,,,,,hw3.py,136299,11,2,0,,,,,,,,,,,
S13,3,2030-03-24T15:51:36.733Z,returned_to_code,3ccff56a-d2e8-49f1-8380-8d0de6ec2cbf,1,,,,,4951,,,,,,,,,,,,,,,,,,,,,,
S13,3,2030-03-24T15:53:49.503Z,explanation_visibility,3ccff56a-d2e8-49f1-8380-8d0de6ec2cbf,,,,51392,1,,,,,,,,,,,,,,,,,,,,,,,
S13,3,2030-03-24T15:55:31.262Z,diagnostic_resolved,3ccff56a-d2e8-49f1-8380-8d0de6ec2cbf,,,,,,,,,,239480,262997,4,,,,,,,,,,,,,,,,
S13,3,2030-03-24T15:58:11.847Z,diagnostic_resolved,046409d3-e963-4288-bd8a-f7bb65d40134,,,,,,,,,,37712,101147,3,,,,,,,,,,,,,,,,
S13,3,2030-03-24T15:58:34.804Z,explanation_visibility,046409d3-e963-4288-bd8a-f7bb65d40134,,,,15195,0,,,,,,,,,,,,,,,,,,,,,,,
S13,3,2030-03-24T15:58:42.235Z,returned_to_code,58a08d0e-224c-462c-91d2-b95cf8e7df23,1,,,,,13799,,,,,,,,,,,,,,,,,,,,,,
S13,3,2030-03-24T15:59:02.917Z,explanation_copied,58a08d0e-224c-462c-91d2-b95cf8e7df23,L2,,,,,,,,,,,,,,,,,,,,,,,,,,,
S13,3,2030-03-24T15:59:30.293Z,diagnostic_resolved,58a08d0e-224c-462c-91d2-b95cf8e7df23,,,,,,,,,,61857,96479,7,,,,,,,,,,,,,,,,
S13,3,2030-03-24T16:00:16.366Z,explanation_visibility,58a08d0e-224c-462c-91d2-b95cf8e7df23,,,,34137,1,,,,,,,,,,,,,,,,,,,,,,,
S13,3,2030-03-24T16:07:12.108Z,returned_to_code,16a435bb-1018-4418-88ec-6f511c9921ec,1,,,,,4060,,,,,,,,,,,,,,,,,,,,,,
S13,3,2030-03-24T16:07:34.135Z,feedback_abandoned,046409d3-e963-4288-bd8a-f7bb65d40134,1,,,,,,timeout,,,,,,,,,,,,,,,,,,,,,
S13,3,2030-03-24T16:09:32.056Z,returned_to_code,7a26cd7b-b0a4-48b2-9a5b-f21af214ddc8,1,,,,,3703,,,,,,,,,,,,,,,,,,,,,,
S13,3,2030-03-24T16:10:26.936Z,explanation_visibility,7a26cd7b-b0a4-48b2-9a5b-f21af214ddc8,,,,42979,1,,,,,,,,,,,,,,,,,,,,,,,
S13,3,2030-03-24T16:11:53.848Z,explanation_visibility,16a435bb-1018-4418-88ec-6f511c9921ec,,,,192838,1,,,,,,,,,,,,,,,,,,,,,,,
S12,3,2030-03-24T18:14:21.414Z,diagnostic_resolved,18ffd159-66dd-49a7-9a92-be220152b8f2,,,,,,,,,,32566,59139,3,,,,,,,,,,,,,,,,
S12,3,2030-03-24T18:14:38.719Z,level_reached,18ffd159-66dd-49a7-9a92-be220152b8f2,2,1,49871,,,,,,,,,,,,,,,,,,,,,,,,,
S12,3,2030-03-24T18:14:53.076Z,returned_to_code,18ffd159-66dd-49a7-9a92-be220152b8f2,2,,,,,14357,,,,,,,,,,,,,,,,,,,,,,
S12,3,2030-03-24T18:16:27.527Z,explanation_visibility,18ffd159-66dd-49a7-9a92-be220152b8f2,,,,35969,1,,,,,,,,,,,,,,,,,,,,,,,
S12,3,2030-03-24T18:34:00.000Z,file_cleared,,,,,,,,,,,,,,hw3.py,649433,8,1,1,,,,,,,,,,,
S12,3,2030-03-24T18:45:32.878Z,level_reached,f3c54c88-80fc-4c13-bc3f-10c11d7c6b75,2,1,15818,,,,,,,,,,,,,,,,,,,,,,,,,
S03,3,2030-03-24T18:47:00.000Z,file_cleared,,,,,,,,,,,,,,hw3.py,428280,8,1,0,,,,,,,,,,,
S12,3,2030-03-24T18:47:05.040Z,explanation_visibility,f3c54c88-80fc-4c13-bc3f-10c11d7c6b75,,,,33362,1,,,,,,,,,,,,,,,,,,,,,,,
S12,3,2030-03-24T18:47:13.382Z,returned_to_code,f3c54c88-80fc-4c13-bc3f-10c11d7c6b75,2,,,,,100504,,,,,,,,,,,,,,,,,,,,,,
S12,3,2030-03-24T19:00:00.000Z,file_cleared,,,,,,,,,,,,,,hw3.py,2401070,12,4,1,,,,,,,,,,,
S03,3,2030-03-24T19:10:40.640Z,level_reached,1cbeee1f-8786-4b0a-bd76-12a37db2cc36,2,1,13072,,,,,,,,,,,,,,,,,,,,,,,,,
S03,3,2030-03-24T19:11:25.840Z,level_reached,1cbeee1f-8786-4b0a-bd76-12a37db2cc36,3,1,58272,,,,,,,,,,,,,,,,,,,,,,,,,
S03,3,2030-03-24T19:11:54.948Z,returned_to_code,1cbeee1f-8786-4b0a-bd76-12a37db2cc36,3,,,,,29108,,,,,,,,,,,,,,,,,,,,,,
S03,3,2030-03-24T19:12:02.020Z,post_feedback_edit,1cbeee1f-8786-4b0a-bd76-12a37db2cc36,,,,,,,,0.161,4,,,,,,,,,,,,,,,,,,,
S03,3,2030-03-24T19:12:43.832Z,explanation_visibility,1cbeee1f-8786-4b0a-bd76-12a37db2cc36,,,,14258,1,,,,,,,,,,,,,,,,,,,,,,,
S03,3,2030-03-24T19:13:08.103Z,diagnostic_resolved,1cbeee1f-8786-4b0a-bd76-12a37db2cc36,,,,,,,,,,160535,713857,2,,,,,,,,,,,,,,,,
S18,4,2030-03-26T07:05:00.000Z,feedback_language_changed,,,,,,,,,,,,,,,,,,,,,,,,,,,,en,tr
S04,4,2030-03-26T07:08:08.522Z,level_reached,b94890ab-27d7-4e96-b232-2ac5e5cd1893,2,1,71325,,,,,,,,,,,,,,,,,,,,,,,,,
S04,4,2030-03-26T07:08:28.430Z,level_reached,b94890ab-27d7-4e96-b232-2ac5e5cd1893,3,1,91233,,,,,,,,,,,,,,,,,,,,,,,,,
S04,4,2030-03-26T07:08:34.542Z,returned_to_code,b94890ab-27d7-4e96-b232-2ac5e5cd1893,3,,,,,6112,,,,,,,,,,,,,,,,,,,,,,
S04,4,2030-03-26T07:08:52.578Z,explanation_visibility,b94890ab-27d7-4e96-b232-2ac5e5cd1893,,,,56340,1,,,,,,,,,,,,,,,,,,,,,,,
S11,4,2030-03-26T07:09:00.000Z,run_finished,,,,,,,,,,,,,,,,,,,1,0,,,,,,,,,
S07,4,2030-03-26T07:11:05.339Z,returned_to_code,2422aa57-9ecb-469f-aca1-28c7b80a59fc,1,,,,,43330,,,,,,,,,,,,,,,,,,,,,,
S02,4,2030-03-26T07:11:17.671Z,returned_to_code,73465f74-64c8-4943-8864-8c9d44a5c6da,1,,,,,14674,,,,,,,,,,,,,,,,,,,,,,
S03,4,2030-03-26T07:11:55.770Z,returned_to_code,25c9a936-1b03-4ab1-ab0b-b7b56ab4ff40,1,,,,,3887,,,,,,,,,,,,,,,,,,,,,,
S22,4,2030-03-26T07:12:00.000Z,file_cleared,,,,,,,,,,,,,,lab4_lists.py,613117,8,2,1,,,,,,,,,,,
S23,4,2030-03-26T07:13:00.000Z,explanation_reopened,96d3a3e5-26c9-42b4-9e75-c8b25d61ecc3,,,,,,,,,,,,,,,,,,,,,,,,,,,,
S02,4,2030-03-26T07:13:33.682Z,diagnostic_resolved,73465f74-64c8-4943-8864-8c9d44a5c6da,,,,,,,,,,150685,165098,5,,,,,,,,,,,,,,,,
S02,4,2030-03-26T07:13:35.150Z,explanation_visibility,73465f74-64c8-4943-8864-8c9d44a5c6da,,,,20032,1,,,,,,,,,,,,,,,,,,,,,,,
S07,4,2030-03-26T07:13:55.608Z,explanation_visibility,2422aa57-9ecb-469f-aca1-28c7b80a59fc,,,,80246,1,,,,,,,,,,,,,,,,,,,,,,,
S08,4,2030-03-26T07:14:00.000Z,explanation_reopened,cf03e8e7-3f6c-4476-8f7c-5477fdcaa09f,,,,,,,,,,,,,,,,,,,,,,,,,,,,
S03,4,2030-03-26T07:14:11.023Z,diagnostic_resolved,25c9a936-1b03-4ab1-ab0b-b7b56ab4ff40,,,,,,,,,,139140,446592,6,,,,,,,,,,,,,,,,
S17,4,2030-03-26T07:15:00.000Z,run_finished,,,,,,,,,,,,,,,,,,,1,0,,,,,,,,,
S14,4,2030-03-26T07:15:01.622Z,level_reached,360e6a1a-b7b9-4670-a80e-1b8234659cb5,2,1,7169,,,,,,,,,,,,,,,,,,,,,,,,,
S14,4,2030-03-26T07:15:21.391Z,level_reached,360e6a1a-b7b9-4670-a80e-1b8234659cb5,3,1,26938,,,,,,,,,,,,,,,,,,,,,,,,,
S03,4,2030-03-26T07:15:33.851Z,explanation_visibility,25c9a936-1b03-4ab1-ab0b-b7b56ab4ff40,,,,156687,1,,,,,,,,,,,,,,,,,,,,,,,
S14,4,2030-03-26T07:15:45.663Z,post_feedback_edit,360e6a1a-b7b9-4670-a80e-1b8234659cb5,,,,,,,,0.616,0,,,,,,,,,,,,,,,,,,,
S14,4,2030-03-26T07:15:51.702Z,explanation_visibility,360e6a1a-b7b9-4670-a80e-1b8234659cb5,,,,15974,1,,,,,,,,,,,,,,,,,,,,,,,
S14,4,2030-03-26T07:16:00.212Z,diagnostic_resolved,360e6a1a-b7b9-4670-a80e-1b8234659cb5,,,,,,,,,,65759,73080,7,,,,,,,,,,,,,,,,
S14,4,2030-03-26T07:16:30.279Z,explanation_visibility,72d7e9d1-b219-44d0-98c5-df368213c101,,,,61708,1,,,,,,,,,,,,,,,,,,,,,,,
S14,4,2030-03-26T07:16:31.101Z,returned_to_code,360e6a1a-b7b9-4670-a80e-1b8234659cb5,3,,,,,69710,,,,,,,,,,,,,,,,,,,,,,
S14,4,2030-03-26T07:16:50.930Z,diagnostic_resolved,72d7e9d1-b219-44d0-98c5-df368213c101,,,,,,,,,,134548,164412,5,,,,,,,,,,,,,,,,
S07,4,2030-03-26T07:17:00.000Z,file_cleared,,,,,,,,,,,,,,lab4_lists.py,667648,25,6,0,,,,,,,,,,,
S14,4,2030-03-26T07:17:13.366Z,level_reached,72d7e9d1-b219-44d0-98c5-df368213c101,2,1,156984,,,,,,,,,,,,,,,,,,,,,,,,,
S14,4,2030-03-26T07:17:14.237Z,level_reached,96e09e72-046a-463c-aa65-00a51c5a5673,2,1,24095,,,,,,,,,,,,,,,,,,,,,,,,,
S14,4,2030-03-26T07:17:23.124Z,level_reached,72d7e9d1-b219-44d0-98c5-df368213c101,3,1,166742,,,,,,,,,,,,,,,,,,,,,,,,,
S09,4,2030-03-26T07:17:25.512Z,returned_to_code,3b992c71-1bdf-40dd-9149-f3e7676d66d4,1,,,,,16331,,,,,,,,,,,,,,,,,,,,,,
S14,4,2030-03-26T07:17:31.640Z,post_feedback_edit,72d7e9d1-b219-44d0-98c5-df368213c101,,,,,,,,0.943,1,,,,,,,,,,,,,,,,,,,
S14,4,2030-03-26T07:17:35.447Z,level_reached,96e09e72-046a-463c-aa65-00a51c5a5673,3,1,45305,,,,,,,,,,,,,,,,,,,,,,,,,
S14,4,2030-03-26T07:17:37.740Z,returned_to_code,96e09e72-046a-463c-aa65-00a51c5a5673,3,,,,,2293,,,,,,,,,,,,,,,,,,,,,,
S14,4,2030-03-26T07:18:08.838Z,returned_to_code,72d7e9d1-b219-44d0-98c5-df368213c101,3,,,,,45714,,,,,,,,,,,,,,,,,,,,,,
S01,4,2030-03-26T07:18:17.579Z,returned_to_code,2dfbee09-42d5-47df-8a54-b6701e789c91,1,,,,,16181,,,,,,,,,,,,,,,,,,,,,,
S01,4,2030-03-26T07:18:28.998Z,diagnostic_resolved,2dfbee09-42d5-47df-8a54-b6701e789c91,,,,,,,,,,27600,40126,4,,,,,,,,,,,,,,,,
S09,4,2030-03-26T07:18:38.653Z,explanation_visibility,3b992c71-1bdf-40dd-9149-f3e7676d66d4,,,,50934,1,,,,,,,,,,,,,,,,,,,,,,,
S10,4,2030-03-26T07:18:45.177Z,level_reached,6472d088-bf10-4417-8539-78d63481d68c,2,1,7958,,,,,,,,,,,,,,,,,,,,,,,,,
S10,4,2030-03-26T07:18:50.207Z,returned_to_code,6472d088-bf10-4417-8539-78d63481d68c,2,,,,,5030,,,,,,,,,,,,,,,,,,,,,,
S24,4,2030-03-26T07:19:00.000Z,explanation_reopened,0369208c-b7ee-4eb8-a5fe-16465f241463,,,,,,,,,,,,,,,,,,,,,,,,,,,,
S05,4,2030-03-26T07:19:00.000Z,explanation_reopened,c6eb93b3-55a4-4984-b3d1-b9827d184982,,,,,,,,,,,,,,,,,,,,,,,,,,,,
S03,4,2030-03-26T07:19:00.000Z,run_finished,,,,,,,,,,,,,,,,,,,1,0,,,,,,,,,
S10,4,2030-03-26T07:19:12.864Z,diagnostic_resolved,6472d088-bf10-4417-8539-78d63481d68c,,,,,,,,,,35645,52149,4,,,,,,,,,,,,,,,,
S02,4,2030-03-26T07:19:20.745Z,diagnostic_resolved,c7421395-bf21-4f7d-a12a-525f2ab728ea,,,,,,,,,,19472,50583,6,,,,,,,,,,,,,,,,
S07,4,2030-03-26T07:19:22.262Z,returned_to_code,1935a611-e81c-468c-951c-94419b696023,1,,,,,29500,,,,,,,,,,,,,,,,,,,,,,
S07,4,2030-03-26T07:19:37.700Z,diagnostic_resolved,1935a611-e81c-468c-951c-94419b696023,,,,,,,,,,44938,52857,5,,,,,,,,,,,,,,,,
S02,4,2030-03-26T07:19:42.728Z,level_reached,c7421395-bf21-4f7d-a12a-525f2ab728ea,2,1,41455,,,,,,,,,,,,,,,,,,,,,,,,,
S10,4,2030-03-26T07:19:53.457Z,explanation_visibility,6472d088-bf10-4417-8539-78d63481d68c,,,,30150,1,,,,,,,,,,,,,,,,,,,,,,,
S23,4,2030-03-26T07:19:54.864Z,level_reached,3a056fa5-f5bd-4237-b34c-0711b05ef5cd,2,1,8500,,,,,,,,,,,,,,,,,,,,,,,,,
S14,4,2030-03-26T07:19:58.879Z,explanation_visibility,96e09e72-046a-463c-aa65-00a51c5a5673,,,,61720,1,,,,,,,,,,,,,,,,,,,,,,,
S23,4,2030-03-26T07:20:01.111Z,diagnostic_resolved,3a056fa5-f5bd-4237-b34c-0711b05ef5cd,,,,,,,,,,14747,37132,1,,,,,,,,,,,,,,,,
S02,4,2030-03-26T07:20:03.318Z,level_reached,c7421395-bf21-4f7d-a12a-525f2ab728ea,3,1,62045,,,,,,,,,,,,,,,,,,,,,,,,,
S01,4,2030-03-26T07:20:03.823Z,explanation_visibility,2dfbee09-42d5-47df-8a54-b6701e789c91,,,,23688,1,,,,,,,,,,,,,,,,,,,,,,,
S09,4,2030-03-26T07:20:05.930Z,diagnostic_resolved,3b992c71-1bdf-40dd-9149-f3e7676d66d4,,,,,,,,,,176749,216929,4,,,,,,,,,,,,,,,,
S07,4,2030-03-26T07:20:30.286Z,explanation_visibility,1935a611-e81c-468c-951c-94419b696023,,,,48789,1,,,,,,,,,,,,,,,,,,,,,,,
S02,4,2030-03-26T07:20:43.977Z,explanation_copied,c7421395-bf21-4f7d-a12a-525f2ab728ea,L3,,,,,,,,,,,,,,,,,,,,,,,,,,,
S23,4,2030-03-26T07:20:53.468Z,level_reached,3a056fa5-f5bd-4237-b34c-0711b05ef5cd,3,1,67104,,,,,,,,,,,,,,,,,,,,,,,,,
S05,4,2030-03-26T07:21:00.000Z,explanation_reopened,fae8c36c-cbaf-426c-9797-80c8c444e6bd,,,,,,,,,,,,,,,,,,,,,,,,,,,,
S02,4,2030-03-26T07:21:00.000Z,run_finished,,,,,,,,,,,,,,,,,,,0,1,,,,,,,,,
S02,4,2030-03-26T07:21:33.869Z,explanation_visibility,c7421395-bf21-4f7d-a12a-525f2ab728ea,,,,66970,1,,,,,,,,,,,,,,,,,,,,,,,
S23,4,2030-03-26T07:21:59.885Z,returned_to_code,3a056fa5-f5bd-4237-b34c-0711b05ef5cd,3,,,,,66417,,,,,,,,,,,,,,,,,,,,,,
S05,4,2030-03-26T07:22:00.000Z,file_cleared,,,,,,,,,,,,,,lab4_lists.py,199156,12,2,1,,,,,,,,,,,
S20,4,2030-03-26T07:22:00.000Z,file_cleared,,,,,,,,,,,,,,lab4_lists.py,389929,12,3,2,,,,,,,,,,,
S23,4,2030-03-26T07:22:31.967Z,post_feedback_edit,3a056fa5-f5bd-4237-b34c-0711b05ef5cd,,,,,,,,0.386,6,,,,,,,,,,,,,,,,,,,
S15,4,2030-03-26T07:22:53.019Z,diagnostic_resolved,056b41ae-0804-4eee-8eb3-70fdbc5558e6,,,,,,,,,,23735,42766,4,,,,,,,,,,,,,,,,
S03,4,2030-03-26T07:23:00.000Z,file_cleared,,,,,,,,,,,,,,lab4_lists.py,576441,24,3,1,,,,,,,,,,,
S02,4,2030-03-26T07:23:00.000Z,file_cleared,,,,,,,,,,,,,,lab4_lists.py,233370,19,4,0,,,,,,,,,,,
S15,4,2030-03-26T07:23:01.285Z,explanation_visibility,056b41ae-0804-4eee-8eb3-70fdbc5558e6,,,,4366,1,,,,,,,,,,,,,,,,,,,,,,,
S23,4,2030-03-26T07:23:09.477Z,explanation_visibility,3a056fa5-f5bd-4237-b34c-0711b05ef5cd,,,,155858,1,,,,,,,,,,,,,,,,,,,,,,,
S23,4,2030-03-26T07:23:44.416Z,fix_undone,3a056fa5-f5bd-4237-b34c-0711b05ef5cd,,,,,,,,,,,,,,,,,,,,,,,,,,,,
S13,4,2030-03-26T07:24:00.000Z,file_cleared,,,,,,,,,,,,,,lab4_lists.py,162730,15,1,1,,,,,,,,,,,
S20,4,2030-03-26T07:25:00.000Z,file_cleared,,,,,,,,,,,,,,lab4_lists.py,402901,19,2,0,,,,,,,,,,,
S25,4,2030-03-26T07:25:04.591Z,level_reached,60dd5424-5402-4c5b-aada-8210b27996b4,2,1,12743,,,,,,,,,,,,,,,,,,,,,,,,,
S23,4,2030-03-26T07:25:11.218Z,level_reached,75281235-bd95-4547-9917-fedaebc35883,2,1,32032,,,,,,,,,,,,,,,,,,,,,,,,,
S23,4,2030-03-26T07:25:36.798Z,level_reached,75281235-bd95-4547-9917-fedaebc35883,3,1,57612,,,,,,,,,,,,,,,,,,,,,,,,,
S25,4,2030-03-26T07:25:39.534Z,returned_to_code,60dd5424-5402-4c5b-aada-8210b27996b4,2,,,,,34943,,,,,,,,,,,,,,,,,,,,,,
S23,4,2030-03-26T07:25:42.881Z,returned_to_code,75281235-bd95-4547-9917-fedaebc35883,3,,,,,6083,,,,,,,,,,,,,,,,,,,,,,
S02,4,2030-03-26T07:26:00.000Z,file_cleared,,,,,,,,,,,,,,lab4_lists.py,519699,20,4,3,,,,,,,,,,,
S08,4,2030-03-26T07:26:00.000Z,file_cleared,,,,,,,,,,,,,,lab4_lists.py,575101,25,4,1,,,,,,,,,,,
S06,4,2030-03-26T07:26:00.000Z,question_picker_abandoned,,,,,,,,,,,,,,,,,,,,,preset,selection_codelens,18,450,,,,,
S25,4,2030-03-26T07:26:22.898Z,diagnostic_resolved,60dd5424-5402-4c5b-aada-8210b27996b4,,,,,,,,,,91050,357622,12,,,,,,,,,,,,,,,,
S25,4,2030-03-26T07:26:37.720Z,explanation_visibility,60dd5424-5402-4c5b-aada-8210b27996b4,,,,11128,1,,,,,,,,,,,,,,,,,,,,,,,
S23,4,2030-03-26T07:27:07.905Z,diagnostic_resolved,75281235-bd95-4547-9917-fedaebc35883,,,,,,,,,,148719,155598,4,,,,,,,,,,,,,,,,
S14,4,2030-03-26T07:27:32.287Z,request_failed,,,,,,,,,,,,,,,,,,,,,,,,,backend,provider_error,,,
S24,4,2030-03-26T07:28:13.134Z,returned_to_code,049b0d9c-b346-4867-8aa9-67e861f048fb,1,,,,,16797,,,,,,,,,,,,,,,,,,,,,,
S06,4,2030-03-26T07:28:33.542Z,level_reached,fe7ea4de-d4fb-450e-954f-54cb40e55bf9,2,1,8260,,,,,,,,,,,,,,,,,,,,,,,,,
S06,4,2030-03-26T07:28:47.724Z,level_reached,fe7ea4de-d4fb-450e-954f-54cb40e55bf9,3,1,22442,,,,,,,,,,,,,,,,,,,,,,,,,
S06,4,2030-03-26T07:29:00.399Z,post_feedback_edit,fe7ea4de-d4fb-450e-954f-54cb40e55bf9,,,,,,,,0.472,1,,,,,,,,,,,,,,,,,,,
S01,4,2030-03-26T07:29:11.322Z,returned_to_code,56a76399-db6e-4547-ac07-7622a802de83,1,,,,,13255,,,,,,,,,,,,,,,,,,,,,,
S06,4,2030-03-26T07:29:16.901Z,explanation_copied,fe7ea4de-d4fb-450e-954f-54cb40e55bf9,L0,,,,,,,,,,,,,,,,,,,,,,,,,,,
S06,4,2030-03-26T07:29:22.182Z,returned_to_code,fe7ea4de-d4fb-450e-954f-54cb40e55bf9,3,,,,,34458,,,,,,,,,,,,,,,,,,,,,,
S06,4,2030-03-26T07:29:43.094Z,diagnostic_resolved,fe7ea4de-d4fb-450e-954f-54cb40e55bf9,,,,,,,,,,77812,150336,8,,,,,,,,,,,,,,,,
S24,4,2030-03-26T07:29:53.722Z,explanation_visibility,049b0d9c-b346-4867-8aa9-67e861f048fb,,,,81667,1,,,,,,,,,,,,,,,,,,,,,,,
S02,4,2030-03-26T07:30:03.318Z,feedback_abandoned,c7421395-bf21-4f7d-a12a-525f2ab728ea,3,,,,,,timeout,,,,,,,,,,,,,,,,,,,,,
S06,4,2030-03-26T07:30:06.961Z,returned_to_code,f691c3b8-e533-466d-8ed0-c371c03e3428,1,,,,,18389,,,,,,,,,,,,,,,,,,,,,,
S06,4,2030-03-26T07:30:19.966Z,fix_undone,fe7ea4de-d4fb-450e-954f-54cb40e55bf9,,,,,,,,,,,,,,,,,,,,,,,,,,,,
S23,4,2030-03-26T07:30:28.364Z,explanation_visibility,75281235-bd95-4547-9917-fedaebc35883,,,,48482,1,,,,,,,,,,,,,,,,,,,,,,,
S14,4,2030-03-26T07:30:34.253Z,level_reached,0ad8ef4d-ad5c-4175-8ae5-139bfdf495cc,2,1,8774,,,,,,,,,,,,,,,,,,,,,,,,,
S06,4,2030-03-26T07:30:54.857Z,explanation_visibility,fe7ea4de-d4fb-450e-954f-54cb40e55bf9,,,,76969,1,,,,,,,,,,,,,,,,,,,,,,,
S14,4,2030-03-26T07:30:56.131Z,level_reached,0ad8ef4d-ad5c-4175-8ae5-139bfdf495cc,3,1,30652,,,,,,,,,,,,,,,,,,,,,,,,,
S06,4,2030-03-26T07:31:00.000Z,file_cleared,,,,,,,,,,,,,,lab4_lists.py,577023,11,2,2,,,,,,,,,,,
S14,4,2030-03-26T07:31:24.173Z,returned_to_code,0ad8ef4d-ad5c-4175-8ae5-139bfdf495cc,3,,,,,28042,,,,,,,,,,,,,,,,,,,,,,
S14,4,2030-03-26T07:31:59.597Z,post_feedback_edit,0ad8ef4d-ad5c-4175-8ae5-139bfdf495cc,,,,,,,,0.821,0,,,,,,,,,,,,,,,,,,,
S09,4,2030-03-26T07:32:00.000Z,file_cleared,,,,,,,,,,,,,,lab4_lists.py,194465,9,3,0,,,,,,,,,,,
S14,4,2030-03-26T07:32:16.854Z,explanation_visibility,0ad8ef4d-ad5c-4175-8ae5-139bfdf495cc,,,,61590,1,,,,,,,,,,,,,,,,,,,,,,,
S15,4,2030-03-26T07:32:29.284Z,feedback_abandoned,056b41ae-0804-4eee-8eb3-70fdbc5558e6,1,,,,,,timeout,,,,,,,,,,,,,,,,,,,,,
S03,4,2030-03-26T07:33:00.000Z,file_cleared,,,,,,,,,,,,,,lab4_lists.py,718359,12,1,0,,,,,,,,,,,
S01,4,2030-03-26T07:33:34.744Z,diagnostic_resolved,56a76399-db6e-4547-ac07-7622a802de83,,,,,,,,,,276677,362240,7,,,,,,,,,,,,,,,,
S08,4,2030-03-26T07:36:16.956Z,explanation_visibility,7f1c47ec-cbdc-455f-a7b0-ef5b68462fbd,,,,67275,1,,,,,,,,,,,,,,,,,,,,,,,
S19,4,2030-03-26T07:36:37.731Z,level_reached,6c11d0ef-4fc0-4ac7-b3c9-6e3bb54fd4f1,2,1,8828,,,,,,,,,,,,,,,,,,,,,,,,,
S15,4,2030-03-26T07:36:46.036Z,returned_to_code,2c1d7b82-b371-4d21-86a4-871b41696fdf,1,,,,,3562,,,,,,,,,,,,,,,,,,,,,,
S19,4,2030-03-26T07:36:59.215Z,returned_to_code,6c11d0ef-4fc0-4ac7-b3c9-6e3bb54fd4f1,2,,,,,21484,,,,,,,,,,,,,,,,,,,,,,
S08,4,2030-03-26T07:37:10.093Z,returned_to_code,7f1c47ec-cbdc-455f-a7b0-ef5b68462fbd,1,,,,,184237,,,,,,,,,,,,,,,,,,,,,,
S19,4,2030-03-26T07:37:54.996Z,diagnostic_resolved,6c11d0ef-4fc0-4ac7-b3c9-6e3bb54fd4f1,,,,,,,,,,86093,111399,8,,,,,,,,,,,,,,,,
S15,4,2030-03-26T07:38:21.827Z,explanation_visibility,2c1d7b82-b371-4d21-86a4-871b41696fdf,,,,24680,1,,,,,,,,,,,,,,,,,,,,,,,
S25,4,2030-03-26T07:39:00.000Z,file_cleared,,,,,,,,,,,,,,lab4_lists.py,727625,5,1,1,,,,,,,,,,,
S21,4,2030-03-26T07:39:00.000Z,file_cleared,,,,,,,,,,,,,,lab4_lists.py,98987,8,3,0,,,,,,,,,,,
S07,4,2030-03-26T07:39:00.000Z,file_cleared,,,,,,,,,,,,,,lab4_lists.py,465566,9,4,2,,,,,,,,,,,
S08,4,2030-03-26T07:40:00.697Z,diagnostic_resolved,7f1c47ec-cbdc-455f-a7b0-ef5b68462fbd,,,,,,,,,,354841,375222,2,,,,,,,,,,,,,,,,
S03,4,2030-03-26T07:40:25.644Z,level_reached,a6167679-60e7-4dfb-8bbe-fa2fa283a10c,2,1,23730,,,,,,,,,,,,,,,,,,,,,,,,,
S23,4,2030-03-26T07:40:46.375Z,explanation_copied,5852f3d4-aab4-41f8-9f96-e12e14e89f9e,L2,,,,,,,,,,,,,,,,,,,,,,,,,,,
S23,4,2030-03-26T07:40:54.756Z,level_reached,5852f3d4-aab4-41f8-9f96-e12e14e89f9e,2,1,60051,,,,,,,,,,,,,,,,,,,,,,,,,
S23,4,2030-03-26T07:41:05.290Z,level_reached,5852f3d4-aab4-41f8-9f96-e12e14e89f9e,3,1,70585,,,,,,,,,,,,,,,,,,,,,,,,,
S22,4,2030-03-26T07:41:09.742Z,level_reached,4a50b30e-202d-40af-9920-6ebca6c2c025,2,1,25361,,,,,,,,,,,,,,,,,,,,,,,,,
S23,4,2030-03-26T07:41:29.391Z,returned_to_code,5852f3d4-aab4-41f8-9f96-e12e14e89f9e,3,,,,,24101,,,,,,,,,,,,,,,,,,,,,,
S03,4,2030-03-26T07:41:39.619Z,explanation_visibility,a6167679-60e7-4dfb-8bbe-fa2fa283a10c,,,,57293,1,,,,,,,,,,,,,,,,,,,,,,,
S23,4,2030-03-26T07:41:51.701Z,post_feedback_edit,5852f3d4-aab4-41f8-9f96-e12e14e89f9e,,,,,,,,0.404,12,,,,,,,,,,,,,,,,,,,
S10,4,2030-03-26T07:42:00.000Z,file_cleared,,,,,,,,,,,,,,lab4_lists.py,163155,24,2,1,,,,,,,,,,,
S22,4,2030-03-26T07:42:03.710Z,returned_to_code,4a50b30e-202d-40af-9920-6ebca6c2c025,2,,,,,53968,,,,,,,,,,,,,,,,,,,,,,
S15,4,2030-03-26T07:42:09.177Z,returned_to_code,2f960add-7ac7-43a8-b56f-46a2d6fe4284,1,,,,,12154,,,,,,,,,,,,,,,,,,,,,,
S14,4,2030-03-26T07:42:13.159Z,level_reached,f13a4bed-7404-430a-93d5-913e31b8ef8d,2,1,11909,,,,,,,,,,,,,,,,,,,,,,,,,
S14,4,2030-03-26T07:42:42.412Z,level_reached,f13a4bed-7404-430a-93d5-913e31b8ef8d,3,1,41162,,,,,,,,,,,,,,,,,,,,,,,,,
S24,4,2030-03-26T07:42:45.886Z,level_reached,9e641d26-9070-4bc9-bab6-1ed0600c7b60,2,1,12294,,,,,,,,,,,,,,,,,,,,,,,,,
S03,4,2030-03-26T07:42:46.399Z,returned_to_code,a6167679-60e7-4dfb-8bbe-fa2fa283a10c,2,,,,,140755,,,,,,,,,,,,,,,,,,,,,,
S23,4,2030-03-26T07:42:58.603Z,diagnostic_resolved,5852f3d4-aab4-41f8-9f96-e12e14e89f9e,,,,,,,,,,183898,207127,4,,,,,,,,,,,,,,,,
S25,4,2030-03-26T07:43:00.000Z,file_cleared,,,,,,,,,,,,,,lab4_lists.py,231596,18,3,0,,,,,,,,,,,
S14,4,2030-03-26T07:43:06.315Z,post_feedback_edit,f13a4bed-7404-430a-93d5-913e31b8ef8d,,,,,,,,0.387,0,,,,,,,,,,,,,,,,,,,
S15,4,2030-03-26T07:43:24.288Z,diagnostic_resolved,2f960add-7ac7-43a8-b56f-46a2d6fe4284,,,,,,,,,,87265,166236,3,,,,,,,,,,,,,,,,
S24,4,2030-03-26T07:43:35.711Z,returned_to_code,9e641d26-9070-4bc9-bab6-1ed0600c7b60,2,,,,,49825,,,,,,,,,,,,,,,,,,,,,,
S14,4,2030-03-26T07:44:26.627Z,explanation_visibility,f13a4bed-7404-430a-93d5-913e31b8ef8d,,,,49383,1,,,,,,,,,,,,,,,,,,,,,,,
S22,4,2030-03-26T07:44:26.676Z,diagnostic_resolved,4a50b30e-202d-40af-9920-6ebca6c2c025,,,,,,,,,,222295,243333,3,,,,,,,,,,,,,,,,
S24,4,2030-03-26T07:44:29.758Z,returned_to_code,b4719a63-4d20-4266-b4db-62639136ac84,1,,,,,7651,,,,,,,,,,,,,,,,,,,,,,
S15,4,2030-03-26T07:44:45.193Z,explanation_visibility,2f960add-7ac7-43a8-b56f-46a2d6fe4284,,,,1842,0,,,,,,,,,,,,,,,,,,,,,,,
S23,4,2030-03-26T07:45:00.071Z,explanation_visibility,5852f3d4-aab4-41f8-9f96-e12e14e89f9e,,,,216845,1,,,,,,,,,,,,,,,,,,,,,,,
S14,4,2030-03-26T07:45:29.241Z,diagnostic_resolved,f13a4bed-7404-430a-93d5-913e31b8ef8d,,,,,,,,,,207991,219499,5,,,,,,,,,,,,,,,,
S14,4,2030-03-26T07:45:43.912Z,level_reached,3db85157-7bef-4dc9-92de-2da4eb5055c3,2,1,26312,,,,,,,,,,,,,,,,,,,,,,,,,
S13,4,2030-03-26T07:46:00.000Z,file_cleared,,,,,,,,,,,,,,lab4_lists.py,29905,21,3,0,,,,,,,,,,,
S19,4,2030-03-26T07:46:00.000Z,run_finished,,,,,,,,,,,,,,,,,,,1,0,,,,,,,,,
S14,4,2030-03-26T07:46:09.159Z,explanation_visibility,3db85157-7bef-4dc9-92de-2da4eb5055c3,,,,23305,0,,,,,,,,,,,,,,,,,,,,,,,
S20,4,2030-03-26T07:46:16.423Z,level_reached,beed6542-35de-496c-8fa1-8dfb1d245139,2,1,42186,,,,,,,,,,,,,,,,,,,,,,,,,
S14,4,2030-03-26T07:46:24.356Z,returned_to_code,3db85157-7bef-4dc9-92de-2da4eb5055c3,2,,,,,40444,,,,,,,,,,,,,,,,,,,,,,
S15,4,2030-03-26T07:46:28.510Z,diagnostic_resolved,40f8e193-d498-4bde-bdef-27e6c6c07a37,,,,,,,,,,25331,71660,2,,,,,,,,,,,,,,,,
S20,4,2030-03-26T07:46:29.340Z,level_reached,beed6542-35de-496c-8fa1-8dfb1d245139,3,1,55103,,,,,,,,,,,,,,,,,,,,,,,,,
S24,4,2030-03-26T07:46:40.567Z,explanation_visibility,b4719a63-4d20-4266-b4db-62639136ac84,,,,12624,1,,,,,,,,,,,,,,,,,,,,,,,
S20,4,2030-03-26T07:46:45.951Z,returned_to_code,beed6542-35de-496c-8fa1-8dfb1d245139,3,,,,,16611,,,,,,,,,,,,,,,,,,,,,,
S20,4,2030-03-26T07:46:50.280Z,post_feedback_edit,beed6542-35de-496c-8fa1-8dfb1d245139,,,,,,,,0.475,0,,,,,,,,,,,,,,,,,,,
S24,4,2030-03-26T07:46:56.106Z,diagnostic_resolved,b4719a63-4d20-4266-b4db-62639136ac84,,,,,,,,,,153999,185304,7,,,,,,,,,,,,,,,,
S14,4,2030-03-26T07:46:57.982Z,level_reached,f9bece33-8ad1-455d-9c1a-5bf400a1185c,2,1,8113,,,,,,,,,,,,,,,,,,,,,,,,,
S14,4,2030-03-26T07:47:04.686Z,level_reached,f9bece33-8ad1-455d-9c1a-5bf400a1185c,3,1,14817,,,,,,,,,,,,,,,,,,,,,,,,,
S14,4,2030-03-26T07:47:11.656Z,returned_to_code,f9bece33-8ad1-455d-9c1a-5bf400a1185c,3,,,,,6970,,,,,,,,,,,,,,,,,,,,,,
S07,4,2030-03-26T07:47:13.880Z,level_reached,45a1ee77-aa56-4d82-8cc2-cba524966780,2,1,8123,,,,,,,,,,,,,,,,,,,,,,,,,
S15,4,2030-03-26T07:47:16.649Z,level_reached,40f8e193-d498-4bde-bdef-27e6c6c07a37,2,1,73470,,,,,,,,,,,,,,,,,,,,,,,,,
S14,4,2030-03-26T07:47:19.360Z,post_feedback_edit,f9bece33-8ad1-455d-9c1a-5bf400a1185c,,,,,,,,0.552,8,,,,,,,,,,,,,,,,,,,
S07,4,2030-03-26T07:47:34.565Z,level_reached,45a1ee77-aa56-4d82-8cc2-cba524966780,3,1,28808,,,,,,,,,,,,,,,,,,,,,,,,,
S07,4,2030-03-26T07:47:40.772Z,returned_to_code,45a1ee77-aa56-4d82-8cc2-cba524966780,3,,,,,6207,,,,,,,,,,,,,,,,,,,,,,
S01,4,2030-03-26T07:47:43.640Z,returned_to_code,b6a488f0-9b5d-465f-8f7c-734ffebca723,1,,,,,30537,,,,,,,,,,,,,,,,,,,,,,
S07,4,2030-03-26T07:47:57.291Z,post_feedback_edit,45a1ee77-aa56-4d82-8cc2-cba524966780,,,,,,,,0.684,0,,,,,,,,,,,,,,,,,,,
S08,4,2030-03-26T07:48:00.000Z,run_finished,,,,,,,,,,,,,,,,,,,0,1,,,,,,,,,
S07,4,2030-03-26T07:48:05.495Z,diagnostic_resolved,45a1ee77-aa56-4d82-8cc2-cba524966780,,,,,,,,,,59738,119154,4,,,,,,,,,,,,,,,,
S14,4,2030-03-26T07:48:30.109Z,diagnostic_resolved,f9bece33-8ad1-455d-9c1a-5bf400a1185c,,,,,,,,,,100240,129244,4,,,,,,,,,,,,,,,,
S14,4,2030-03-26T07:48:31.917Z,diagnostic_resolved,cc4165bd-40f1-4b7d-a811-3edae623fdca,,,,,,,,,,16925,19397,4,,,,,,,,,,,,,,,,
S14,4,2030-03-26T07:48:37.831Z,level_reached,92e13f25-4f40-4452-b5dc-64d1689243d0,2,1,37596,,,,,,,,,,,,,,,,,,,,,,,,,
S14,4,2030-03-26T07:48:41.146Z,level_reached,cc4165bd-40f1-4b7d-a811-3edae623fdca,2,1,26154,,,,,,,,,,,,,,,,,,,,,,,,,
S01,4,2030-03-26T07:48:47.038Z,explanation_visibility,b6a488f0-9b5d-465f-8f7c-734ffebca723,,,,50858,1,,,,,,,,,,,,,,,,,,,,,,,
S14,4,2030-03-26T07:48:50.893Z,level_reached,92e13f25-4f40-4452-b5dc-64d1689243d0,3,1,50658,,,,,,,,,,,,,,,,,,,,,,,,,
S14,4,2030-03-26T07:48:56.607Z,explanation_visibility,92e13f25-4f40-4452-b5dc-64d1689243d0,,,,33264,0,,,,,,,,,,,,,,,,,,,,,,,
S14,4,2030-03-26T07:49:06.792Z,level_reached,cc4165bd-40f1-4b7d-a811-3edae623fdca,3,1,51800,,,,,,,,,,,,,,,,,,,,,,,,,
S14,4,2030-03-26T07:49:17.713Z,returned_to_code,cc4165bd-40f1-4b7d-a811-3edae623fdca,3,,,,,10921,,,,,,,,,,,,,,,,,,,,,,
S14,4,2030-03-26T07:49:18.118Z,returned_to_code,92e13f25-4f40-4452-b5dc-64d1689243d0,3,,,,,27225,,,,,,,,,,,,,,,,,,,,,,
S14,4,2030-03-26T07:49:22.212Z,explanation_visibility,cc4165bd-40f1-4b7d-a811-3edae623fdca,,,,34611,1,,,,,,,,,,,,,,,,,,,,,,,
S14,4,2030-03-26T07:49:23.509Z,post_feedback_edit,cc4165bd-40f1-4b7d-a811-3edae623fdca,,,,,,,,0.777,1,,,,,,,,,,,,,,,,,,,
S24,4,2030-03-26T07:50:00.000Z,file_cleared,,,,,,,,,,,,,,lab4_lists.py,243205,12,1,0,,,,,,,,,,,
S14,4,2030-03-26T07:50:05.214Z,explanation_visibility,f9bece33-8ad1-455d-9c1a-5bf400a1185c,,,,117728,1,,,,,,,,,,,,,,,,,,,,,,,
S14,4,2030-03-26T07:50:29.601Z,post_feedback_edit,92e13f25-4f40-4452-b5dc-64d1689243d0,,,,,,,,0.768,9,,,,,,,,,,,,,,,,,,,
S21,4,2030-03-26T07:50:42.583Z,level_reached,f7166237-15cf-4c83-8b7a-23b1b7f009c3,2,1,7260,,,,,,,,,,,,,,,,,,,,,,,,,
S21,4,2030-03-26T07:50:47.399Z,level_reached,f7166237-15cf-4c83-8b7a-23b1b7f009c3,3,1,12076,,,,,,,,,,,,,,,,,,,,,,,,,
S21,4,2030-03-26T07:51:11.606Z,diagnostic_resolved,f7166237-15cf-4c83-8b7a-23b1b7f009c3,,,,,,,,,,36283,49200,1,,,,,,,,,,,,,,,,
S21,4,2030-03-26T07:51:26.839Z,explanation_copied,f7166237-15cf-4c83-8b7a-23b1b7f009c3,L3,,,,,,,,,,,,,,,,,,,,,,,,,,,
S10,4,2030-03-26T07:51:27.598Z,diagnostic_resolved,df69016e-af75-467b-8b69-398a5217a305,,,,,,,,,,18948,50806,3,,,,,,,,,,,,,,,,
S15,4,2030-03-26T07:51:50.337Z,explanation_visibility,40f8e193-d498-4bde-bdef-27e6c6c07a37,,,,114300,1,,,,,,,,,,,,,,,,,,,,,,,
S04,4,2030-03-26T07:52:00.000Z,file_cleared,,,,,,,,,,,,,,lab4_lists.py,451243,17,3,0,,,,,,,,,,,
S17,4,2030-03-26T07:52:00.990Z,returned_to_code,b985c967-7cf9-426e-9c40-cefc160229fc,1,,,,,8781,,,,,,,,,,,,,,,,,,,,,,
S17,4,2030-03-26T07:52:37.263Z,diagnostic_resolved,b985c967-7cf9-426e-9c40-cefc160229fc,,,,,,,,,,45054,88150,2,,,,,,,,,,,,,,,,
S14,4,2030-03-26T07:52:42.412Z,feedback_abandoned,f13a4bed-7404-430a-93d5-913e31b8ef8d,3,,,,,,timeout,,,,,,,,,,,,,,,,,,,,,
S17,4,2030-03-26T07:52:53.044Z,explanation_visibility,b985c967-7cf9-426e-9c40-cefc160229fc,,,,24434,1,,,,,,,,,,,,,,,,,,,,,,,
S07,4,2030-03-26T07:52:55.231Z,explanation_visibility,45a1ee77-aa56-4d82-8cc2-cba524966780,,,,298614,0,,,,,,,,,,,,,,,,,,,,,,,
S10,4,2030-03-26T07:52:57.529Z,explanation_visibility,df69016e-af75-467b-8b69-398a5217a305,,,,23990,1,,,,,,,,,,,,,,,,,,,,,,,
S20,4,2030-03-26T07:53:07.554Z,request_failed,,,,,,,,,,,,,,,,,,,,,,,,,backend,provider_error,,,
S21,4,2030-03-26T07:53:10.915Z,explanation_visibility,f7166237-15cf-4c83-8b7a-23b1b7f009c3,,,,6615,1,,,,,,,,,,,,,,,,,,,,,,,
S18,4,2030-03-26T07:54:00.000Z,file_cleared,,,,,,,,,,,,,,lab4_lists.py,611210,11,2,0,,,,,,,,,,,
S16,4,2030-03-26T07:56:00.000Z,file_cleared,,,,,,,,,,,,,,lab4_lists.py,3027882,18,4,0,,,,,,,,,,,
S06,4,2030-03-26T07:57:05.873Z,level_reached,f1e8173a-c039-4985-aca7-7141405286f5,2,1,22779,,,,,,,,,,,,,,,,,,,,,,,,,
S15,4,2030-03-26T07:57:16.649Z,feedback_abandoned,40f8e193-d498-4bde-bdef-27e6c6c07a37,2,,,,,,timeout,,,,,,,,,,,,,,,,,,,,,
S06,4,2030-03-26T07:57:27.386Z,returned_to_code,f1e8173a-c039-4985-aca7-7141405286f5,2,,,,,21513,,,,,,,,,,,,,,,,,,,,,,
S21,4,2030-03-26T07:57:27.735Z,level_reached,1f7881da-5115-4852-8600-766403c69571,2,1,52373,,,,,,,,,,,,,,,,,,,,,,,,,
S21,4,2030-03-26T07:57:44.336Z,level_reached,1f7881da-5115-4852-8600-766403c69571,3,1,68974,,,,,,,,,,,,,,,,,,,,,,,,,
S23,4,2030-03-26T07:57:52.364Z,returned_to_code,59af36ba-9d3c-4f9b-93e5-4a11c7a0da56,1,,,,,42042,,,,,,,,,,,,,,,,,,,,,,
S14,4,2030-03-26T07:58:00.000Z,run_finished,,,,,,,,,,,,,,,,,,,1,0,,,,,,,,,
S21,4,2030-03-26T07:58:14.411Z,returned_to_code,1f7881da-5115-4852-8600-766403c69571,3,,,,,30075,,,,,,,,,,,,,,,,,,,,,,
S21,4,2030-03-26T07:58:20.920Z,post_feedback_edit,1f7881da-5115-4852-8600-766403c69571,,,,,,,,0.372,0,,,,,,,,,,,,,,,,,,,
S21,4,2030-03-26T07:58:57.097Z,explanation_visibility,1f7881da-5115-4852-8600-766403c69571,,,,74947,1,,,,,,,,,,,,,,,,,,,,,,,
S23,4,2030-03-26T07:59:13.786Z,returned_to_code,43d1380c-8f5c-4ac6-baca-85a86fe217ed,1,,,,,58036,,,,,,,,,,,,,,,,,,,,,,
S06,4,2030-03-26T07:59:28.466Z,explanation_visibility,f1e8173a-c039-4985-aca7-7141405286f5,,,,14452,1,,,,,,,,,,,,,,,,,,,,,,,
S23,4,2030-03-26T07:59:39.525Z,explanation_visibility,43d1380c-8f5c-4ac6-baca-85a86fe217ed,,,,32875,1,,,,,,,,,,,,,,,,,,,,,,,
S20,4,2030-03-26T07:59:40.262Z,returned_to_code,9a7c81c6-2b04-404c-8d37-304b984c4b7b,1,,,,,14161,,,,,,,,,,,,,,,,,,,,,,
S07,4,2030-03-26T07:59:49.002Z,level_reached,b615e4af-d2a7-44a5-9a27-83a245a7e833,2,1,75452,,,,,,,,,,,,,,,,,,,,,,,,,
S13,4,2030-03-26T08:00:00.000Z,file_cleared,,,,,,,,,,,,,,lab4_lists.py,494237,10,2,0,,,,,,,,,,,
S07,4,2030-03-26T08:00:09.612Z,level_reached,b615e4af-d2a7-44a5-9a27-83a245a7e833,3,1,96062,,,,,,,,,,,,,,,,,,,,,,,,,
S07,4,2030-03-26T08:00:22.499Z,returned_to_code,b615e4af-d2a7-44a5-9a27-83a245a7e833,3,,,,,12887,,,,,,,,,,,,,,,,,,,,,,
S21,4,2030-03-26T08:00:47.399Z,feedback_abandoned,f7166237-15cf-4c83-8b7a-23b1b7f009c3,3,,,,,,timeout,,,,,,,,,,,,,,,,,,,,,
S10,4,2030-03-26T08:00:50.839Z,level_reached,d79c3100-d905-4d96-8dc8-3058d3c5cccf,2,1,9382,,,,,,,,,,,,,,,,,,,,,,,,,
S02,4,2030-03-26T08:00:58.229Z,returned_to_code,8db1176d-1d3a-4c35-a5c7-bddb6f4bbac0,1,,,,,7121,,,,,,,,,,,,,,,,,,,,,,
S07,4,2030-03-26T08:01:00.942Z,explanation_copied,b615e4af-d2a7-44a5-9a27-83a245a7e833,L3,,,,,,,,,,,,,,,,,,,,,,,,,,,
S10,4,2030-03-26T08:01:02.350Z,level_reached,d79c3100-d905-4d96-8dc8-3058d3c5cccf,3,1,20893,,,,,,,,,,,,,,,,,,,,,,,,,
S10,4,2030-03-26T08:01:08.650Z,feedback_abandoned,df69016e-af75-467b-8b69-398a5217a305,1,,,,,,timeout,,,,,,,,,,,,,,,,,,,,,
S02,4,2030-03-26T08:01:09.739Z,diagnostic_resolved,8db1176d-1d3a-4c35-a5c7-bddb6f4bbac0,,,,,,,,,,18631,33056,7,,,,,,,,,,,,,,,,
S05,4,2030-03-26T08:01:13.200Z,returned_to_code,899eac67-c096-4392-ac6a-9119d7ba71f4,1,,,,,4360,,,,,,,,,,,,,,,,,,,,,,
S07,4,2030-03-26T08:01:45.654Z,post_feedback_edit,b615e4af-d2a7-44a5-9a27-83a245a7e833,,,,,,,,0.824,1,,,,,,,,,,,,,,,,,,,
S02,4,2030-03-26T08:01:50.421Z,explanation_visibility,8db1176d-1d3a-4c35-a5c7-bddb6f4bbac0,,,,23782,1,,,,,,,,,,,,,,,,,,,,,,,
S07,4,2030-03-26T08:01:55.042Z,explanation_visibility,b615e4af-d2a7-44a5-9a27-83a245a7e833,,,,21999,1,,,,,,,,,,,,,,,,,,,,,,,
S05,4,2030-03-26T08:02:40.554Z,explanation_visibility,899eac67-c096-4392-ac6a-9119d7ba71f4,,,,66535,1,,,,,,,,,,,,,,,,,,,,,,,
S20,4,2030-03-26T08:03:39.611Z,explanation_visibility,9a7c81c6-2b04-404c-8d37-304b984c4b7b,,,,37804,1,,,,,,,,,,,,,,,,,,,,,,,
S03,4,2030-03-26T08:04:00.000Z,file_cleared,,,,,,,,,,,,,,lab4_lists.py,580938,12,3,1,,,,,,,,,,,
S15,4,2030-03-26T08:04:19.869Z,level_reached,8cc6e402-a363-410d-9f57-318f58bff6ba,2,1,14658,,,,,,,,,,,,,,,,,,,,,,,,,
S15,4,2030-03-26T08:04:42.718Z,level_reached,8cc6e402-a363-410d-9f57-318f58bff6ba,3,1,37507,,,,,,,,,,,,,,,,,,,,,,,,,
S15,4,2030-03-26T08:04:53.251Z,post_feedback_edit,8cc6e402-a363-410d-9f57-318f58bff6ba,,,,,,,,0.449,0,,,,,,,,,,,,,,,,,,,
S15,4,2030-03-26T08:04:57.164Z,returned_to_code,8cc6e402-a363-410d-9f57-318f58bff6ba,3,,,,,14446,,,,,,,,,,,,,,,,,,,,,,
S18,4,2030-03-26T08:05:00.000Z,file_cleared,,,,,,,,,,,,,,lab4_lists.py,241996,9,2,0,,,,,,,,,,,
S05,4,2030-03-26T08:05:00.000Z,run_finished,,,,,,,,,,,,,,,,,,,1,0,,,,,,,,,
S23,4,2030-03-26T08:05:05.878Z,diagnostic_resolved,59af36ba-9d3c-4f9b-93e5-4a11c7a0da56,,,,,,,,,,475556,567995,2,,,,,,,,,,,,,,,,
S10,4,2030-03-26T08:05:38.338Z,returned_to_code,0ab73205-dab1-4dfd-9acd-dba11450763b,1,,,,,6499,,,,,,,,,,,,,,,,,,,,,,
S10,4,2030-03-26T08:06:00.000Z,file_cleared,,,,,,,,,,,,,,lab4_lists.py,128311,12,2,2,,,,,,,,,,,
S25,4,2030-03-26T08:06:00.000Z,file_cleared,,,,,,,,,,,,,,lab4_lists.py,1578183,5,3,1,,,,,,,,,,,
S24,4,2030-03-26T08:06:00.000Z,file_cleared,,,,,,,,,,,,,,lab4_lists.py,733694,14,1,0,,,,,,,,,,,
S05,4,2030-03-26T08:06:00.407Z,returned_to_code,7e2a83ec-1f7d-49dd-8e91-a6e589a884d9,1,,,,,9822,,,,,,,,,,,,,,,,,,,,,,
S10,4,2030-03-26T08:06:06.692Z,explanation_visibility,d79c3100-d905-4d96-8dc8-3058d3c5cccf,,,,289772,1,,,,,,,,,,,,,,,,,,,,,,,
S10,4,2030-03-26T08:06:24.059Z,diagnostic_resolved,0ab73205-dab1-4dfd-9acd-dba11450763b,,,,,,,,,,52220,69412,6,,,,,,,,,,,,,,,,
S15,4,2030-03-26T08:06:24.400Z,diagnostic_resolved,8cc6e402-a363-410d-9f57-318f58bff6ba,,,,,,,,,,139189,144105,3,,,,,,,,,,,,,,,,
S24,4,2030-03-26T08:06:26.234Z,feedback_abandoned,b96a40e3-17d6-4188-96e3-f523f81c8929,1,,,,,,timeout,,,,,,,,,,,,,,,,,,,,,
S22,4,2030-03-26T08:06:49.892Z,returned_to_code,dd3e4716-3436-4e4f-aa25-0f31795fdb44,1,,,,,8312,,,,,,,,,,,,,,,,,,,,,,
S15,4,2030-03-26T08:06:55.877Z,explanation_visibility,8cc6e402-a363-410d-9f57-318f58bff6ba,,,,127417,1,,,,,,,,,,,,,,,,,,,,,,,
S14,4,2030-03-26T08:07:00.000Z,file_cleared,,,,,,,,,,,,,,lab4_lists.py,3202087,13,3,1,,,,,,,,,,,
S21,4,2030-03-26T08:07:00.000Z,file_cleared,,,,,,,,,,,,,,lab4_lists.py,93222,14,3,2,,,,,,,,,,,
S22,4,2030-03-26T08:07:20.997Z,returned_to_code,5c1860e1-d29d-46ae-9792-982ed43aff28,1,,,,,15660,,,,,,,,,,,,,,,,,,,,,,
S08,4,2030-03-26T08:07:22.822Z,level_reached,722f0ff3-afb6-4b5f-835d-c9d6506b4cb6,2,1,24151,,,,,,,,,,,,,,,,,,,,,,,,,
S14,4,2030-03-26T08:07:26.470Z,level_reached,3e47c9c5-9463-4a84-a651-aec7edcb61bb,2,1,16162,,,,,,,,,,,,,,,,,,,,,,,,,
S10,4,2030-03-26T08:07:37.853Z,explanation_visibility,0ab73205-dab1-4dfd-9acd-dba11450763b,,,,101702,1,,,,,,,,,,,,,,,,,,,,,,,
S14,4,2030-03-26T08:07:38.594Z,returned_to_code,3e47c9c5-9463-4a84-a651-aec7edcb61bb,2,,,,,12124,,,,,,,,,,,,,,,,,,,,,,
S22,4,2030-03-26T08:07:42.436Z,diagnostic_resolved,dd3e4716-3436-4e4f-aa25-0f31795fdb44,,,,,,,,,,60856,69200,4,,,,,,,,,,,,,,,,
S24,4,2030-03-26T08:07:49.476Z,returned_to_code,f717f007-3f39-4529-a9de-6495cca3af67,1,,,,,5992,,,,,,,,,,,,,,,,,,,,,,
S08,4,2030-03-26T08:08:00.000Z,file_cleared,,,,,,,,,,,,,,lab4_lists.py,494337,11,3,1,,,,,,,,,,,
S22,4,2030-03-26T08:08:16.679Z,diagnostic_resolved,5c1860e1-d29d-46ae-9792-982ed43aff28,,,,,,,,,,71342,217663,3,,,,,,,,,,,,,,,,
S24,4,2030-03-26T08:08:53.463Z,explanation_visibility,f717f007-3f39-4529-a9de-6495cca3af67,,,,36720,1,,,,,,,,,,,,,,,,,,,,,,,
S14,4,2030-03-26T08:08:53.490Z,explanation_visibility,3e47c9c5-9463-4a84-a651-aec7edcb61bb,,,,33466,1,,,,,,,,,,,,,,,,,,,,,,,
S05,4,2030-03-26T08:09:00.000Z,file_cleared,,,,,,,,,,,,,,lab4_lists.py,274923,6,1,0,,,,,,,,,,,
S16,4,2030-03-26T08:09:00.000Z,file_cleared,,,,,,,,,,,,,,lab4_lists.py,1571853,12,2,0,,,,,,,,,,,
S10,4,2030-03-26T08:09:07.726Z,returned_to_code,a5dbc4f0-cc3c-473a-adfa-1fa4efa9d26c,1,,,,,5851,,,,,,,,,,,,,,,,,,,,,,
S07,4,2030-03-26T08:09:16.836Z,explanation_visibility,fb64ace4-b3a9-4bb3-8a23-9898aecd12fa,,,,28827,0,,,,,,,,,,,,,,,,,,,,,,,
S24,4,2030-03-26T08:09:50.294Z,diagnostic_resolved,f717f007-3f39-4529-a9de-6495cca3af67,,,,,,,,,,126810,165298,6,,,,,,,,,,,,,,,,
S05,4,2030-03-26T08:10:00.000Z,file_cleared,,,,,,,,,,,,,,lab4_lists.py,751504,5,1,0,,,,,,,,,,,
S22,4,2030-03-26T08:10:00.000Z,file_cleared,,,,,,,,,,,,,,lab4_lists.py,507839,14,3,1,,,,,,,,,,,
S10,4,2030-03-26T08:10:05.842Z,explanation_visibility,a5dbc4f0-cc3c-473a-adfa-1fa4efa9d26c,,,,16031,1,,,,,,,,,,,,,,,,,,,,,,,
S07,4,2030-03-26T08:10:14.414Z,returned_to_code,fb64ace4-b3a9-4bb3-8a23-9898aecd12fa,1,,,,,131070,,,,,,,,,,,,,,,,,,,,,,
S07,4,2030-03-26T08:10:37.562Z,explanation_copied,fb64ace4-b3a9-4bb3-8a23-9898aecd12fa,L2,,,,,,,,,,,,,,,,,,,,,,,,,,,
S14,4,2030-03-26T08:10:40.391Z,level_reached,9c9c364e-5b5e-481a-9ae8-b8f6fe88e847,2,1,16641,,,,,,,,,,,,,,,,,,,,,,,,,
S22,4,2030-03-26T08:10:52.725Z,explanation_visibility,5c1860e1-d29d-46ae-9792-982ed43aff28,,,,149730,1,,,,,,,,,,,,,,,,,,,,,,,
S14,4,2030-03-26T08:10:55.581Z,level_reached,9c9c364e-5b5e-481a-9ae8-b8f6fe88e847,3,1,31831,,,,,,,,,,,,,,,,,,,,,,,,,
S10,4,2030-03-26T08:11:02.350Z,feedback_abandoned,d79c3100-d905-4d96-8dc8-3058d3c5cccf,3,,,,,,timeout,,,,,,,,,,,,,,,,,,,,,
S14,4,2030-03-26T08:11:07.191Z,returned_to_code,9c9c364e-5b5e-481a-9ae8-b8f6fe88e847,3,,,,,11610,,,,,,,,,,,,,,,,,,,,,,
S08,4,2030-03-26T08:11:26.626Z,explanation_visibility,722f0ff3-afb6-4b5f-835d-c9d6506b4cb6,,,,67977,0,,,,,,,,,,,,,,,,,,,,,,,
S14,4,2030-03-26T08:11:50.096Z,post_feedback_edit,9c9c364e-5b5e-481a-9ae8-b8f6fe88e847,,,,,,,,0.795,0,,,,,,,,,,,,,,,,,,,
S22,4,2030-03-26T08:12:18.135Z,explanation_visibility,dd3e4716-3436-4e4f-aa25-0f31795fdb44,,,,256466,1,,,,,,,,,,,,,,,,,,,,,,,
S10,4,2030-03-26T08:12:21.555Z,diagnostic_resolved,a5dbc4f0-cc3c-473a-adfa-1fa4efa9d26c,,,,,,,,,,199680,,,,,,,,,,,,,,,,,,
S02,4,2030-03-26T08:13:00.000Z,file_cleared,,,,,,,,,,,,,,lab4_lists.py,475956,24,4,0,,,,,,,,,,,
S21,4,2030-03-26T08:13:00.000Z,run_finished,,,,,,,,,,,,,,,,,,,1,0,,,,,,,,,
S02,4,2030-03-26T08:13:02.119Z,returned_to_code,235e399f-4f20-4398-a1e6-c4f8e3aa32bb,1,,,,,10645,,,,,,,,,,,,,,,,,,,,,,
S24,4,2030-03-26T08:13:45.216Z,returned_to_code,e741eaef-84a4-4996-971b-35423a654207,1,,,,,49594,,,,,,,,,,,,,,,,,,,,,,
S15,4,2030-03-26T08:14:00.000Z,file_cleared,,,,,,,,,,,,,,lab4_lists.py,1102961,13,2,1,,,,,,,,,,,
S14,4,2030-03-26T08:14:35.718Z,explanation_visibility,9c9c364e-5b5e-481a-9ae8-b8f6fe88e847,,,,185633,1,,,,,,,,,,,,,,,,,,,,,,,
S02,4,2030-03-26T08:14:42.074Z,explanation_visibility,235e399f-4f20-4398-a1e6-c4f8e3aa32bb,,,,70357,1,,,,,,,,,,,,,,,,,,,,,,,
S09,4,2030-03-26T08:15:20.731Z,request_failed,,,,,,,,,,,,,,,,,,,,,,,,,backend,provider_error,,,
S02,4,2030-03-26T08:15:47.160Z,diagnostic_resolved,235e399f-4f20-4398-a1e6-c4f8e3aa32bb,,,,,,,,,,175686,340370,3,,,,,,,,,,,,,,,,
S14,4,2030-03-26T08:16:03.032Z,request_failed,,,,,,,,,,,,,,,,,,,,,,,,,timeout,,,,
S06,4,2030-03-26T08:16:43.360Z,request_failed,,,,,,,,,,,,,,,,,,,,,,,,,backend,provider_error,,,
S21,4,2030-03-26T08:17:00.000Z,file_cleared,,,,,,,,,,,,,,lab4_lists.py,102704,7,1,0,,,,,,,,,,,
S24,4,2030-03-26T08:17:00.527Z,explanation_visibility,e741eaef-84a4-4996-971b-35423a654207,,,,168640,1,,,,,,,,,,,,,,,,,,,,,,,
S05,4,2030-03-26T08:17:02.407Z,diagnostic_resolved,4da76b65-825c-41fc-b799-3fc82ace5b0f,,,,,,,,,,67024,75122,9,,,,,,,,,,,,,,,,
S08,4,2030-03-26T08:17:22.822Z,feedback_abandoned,722f0ff3-afb6-4b5f-835d-c9d6506b4cb6,2,,,,,,timeout,,,,,,,,,,,,,,,,,,,,,
S05,4,2030-03-26T08:18:02.028Z,explanation_copied,4da76b65-825c-41fc-b799-3fc82ace5b0f,L3,,,,,,,,,,,,,,,,,,,,,,,,,,,
S13,4,2030-03-26T08:18:04.046Z,explanation_visibility,32cd262c-542e-461b-9415-cad7d4ed10c8,,,,32087,1,,,,,,,,,,,,,,,,,,,,,,,
S13,4,2030-03-26T08:18:11.002Z,diagnostic_resolved,32cd262c-542e-461b-9415-cad7d4ed10c8,,,,,,,,,,63998,82372,3,,,,,,,,,,,,,,,,
S13,4,2030-03-26T08:18:11.898Z,level_reached,32cd262c-542e-461b-9415-cad7d4ed10c8,2,1,64894,,,,,,,,,,,,,,,,,,,,,,,,,
S06,4,2030-03-26T08:18:12.637Z,level_reached,69e72200-5918-4fcd-b325-56ce0ee9b66d,2,1,66721,,,,,,,,,,,,,,,,,,,,,,,,,
S23,4,2030-03-26T08:18:42.023Z,returned_to_code,9c22b9d4-8222-4e76-8a21-2dbcb3a112fc,1,,,,,43558,,,,,,,,,,,,,,,,,,,,,,
S23,4,2030-03-26T08:18:48.499Z,diagnostic_resolved,9c22b9d4-8222-4e76-8a21-2dbcb3a112fc,,,,,,,,,,50034,93689,6,,,,,,,,,,,,,,,,
S10,4,2030-03-26T08:19:00.000Z,file_cleared,,,,,,,,,,,,,,lab4_lists.py,218950,13,3,2,,,,,,,,,,,
S13,4,2030-03-26T08:19:02.073Z,returned_to_code,32cd262c-542e-461b-9415-cad7d4ed10c8,2,,,,,50175,,,,,,,,,,,,,,,,,,,,,,
S05,4,2030-03-26T08:19:13.549Z,level_reached,4da76b65-825c-41fc-b799-3fc82ace5b0f,2,1,198166,,,,,,,,,,,,,,,,,,,,,,,,,
S19,4,2030-03-26T08:19:31.222Z,returned_to_code,124987fb-eaf7-4315-9392-40882f04ee76,1,,,,,9187,,,,,,,,,,,,,,,,,,,,,,
S05,4,2030-03-26T08:19:42.091Z,level_reached,4da76b65-825c-41fc-b799-3fc82ace5b0f,3,1,226708,,,,,,,,,,,,,,,,,,,,,,,,,
S14,4,2030-03-26T08:19:43.669Z,diagnostic_resolved,8efe357f-7de4-49f1-b45a-1d66b633c496,,,,,,,,,,7278,35382,3,,,,,,,,,,,,,,,,
S05,4,2030-03-26T08:19:46.919Z,returned_to_code,4da76b65-825c-41fc-b799-3fc82ace5b0f,3,,,,,4828,,,,,,,,,,,,,,,,,,,,,,
S14,4,2030-03-26T08:19:59.010Z,returned_to_code,8efe357f-7de4-49f1-b45a-1d66b633c496,1,,,,,22619,,,,,,,,,,,,,,,,,,,,,,
S23,4,2030-03-26T08:20:12.421Z,explanation_visibility,9c22b9d4-8222-4e76-8a21-2dbcb3a112fc,,,,59295,1,,,,,,,,,,,,,,,,,,,,,,,
S05,4,2030-03-26T08:20:45.728Z,explanation_visibility,4da76b65-825c-41fc-b799-3fc82ace5b0f,,,,259313,1,,,,,,,,,,,,,,,,,,,,,,,
S21,4,2030-03-26T08:20:51.435Z,level_reached,323a6a16-13fc-4d8f-a63a-c36b8464294f,2,1,56287,,,,,,,,,,,,,,,,,,,,,,,,,
S21,4,2030-03-26T08:20:58.513Z,level_reached,fc6cdf86-4e9f-4232-a411-ead7def78b04,2,1,19967,,,,,,,,,,,,,,,,,,,,,,,,,
S21,4,2030-03-26T08:21:03.499Z,level_reached,323a6a16-13fc-4d8f-a63a-c36b8464294f,3,1,68351,,,,,,,,,,,,,,,,,,,,,,,,,
S21,4,2030-03-26T08:21:05.818Z,level_reached,fc6cdf86-4e9f-4232-a411-ead7def78b04,3,1,27272,,,,,,,,,,,,,,,,,,,,,,,,,
S21,4,2030-03-26T08:21:08.761Z,diagnostic_resolved,323a6a16-13fc-4d8f-a63a-c36b8464294f,,,,,,,,,,73613,137503,4,,,,,,,,,,,,,,,,
S21,4,2030-03-26T08:21:13.111Z,returned_to_code,323a6a16-13fc-4d8f-a63a-c36b8464294f,3,,,,,9612,,,,,,,,,,,,,,,,,,,,,,
S07,4,2030-03-26T08:21:17.904Z,level_reached,5e62f3d9-6642-41c4-b7b5-07685b2a249c,2,1,45089,,,,,,,,,,,,,,,,,,,,,,,,,
S14,4,2030-03-26T08:21:21.316Z,explanation_visibility,8efe357f-7de4-49f1-b45a-1d66b633c496,,,,7597,0,,,,,,,,,,,,,,,,,,,,,,,
S07,4,2030-03-26T08:21:24.484Z,returned_to_code,5e62f3d9-6642-41c4-b7b5-07685b2a249c,2,,,,,6580,,,,,,,,,,,,,,,,,,,,,,
S21,4,2030-03-26T08:21:43.950Z,explanation_visibility,323a6a16-13fc-4d8f-a63a-c36b8464294f,,,,87352,0,,,,,,,,,,,,,,,,,,,,,,,
S13,4,2030-03-26T08:21:58.791Z,returned_to_code,9a37cd2e-bdb5-46bc-b357-053d7807cfcc,1,,,,,14262,,,,,,,,,,,,,,,,,,,,,,
S13,4,2030-03-26T08:22:00.000Z,run_finished,,,,,,,,,,,,,,,,,,,1,0,,,,,,,,,
S07,4,2030-03-26T08:22:06.943Z,explanation_visibility,5e62f3d9-6642-41c4-b7b5-07685b2a249c,,,,74870,0,,,,,,,,,,,,,,,,,,,,,,,
S17,4,2030-03-26T08:22:13.772Z,returned_to_code,5a507eb0-2dd0-40c8-a5d0-4b741eb06669,1,,,,,60861,,,,,,,,,,,,,,,,,,,,,,
S17,4,2030-03-26T08:22:33.190Z,explanation_visibility,5a507eb0-2dd0-40c8-a5d0-4b741eb06669,,,,19660,0,,,,,,,,,,,,,,,,,,,,,,,
S11,4,2030-03-26T08:23:00.000Z,file_cleared,,,,,,,,,,,,,,lab4_lists.py,255492,25,5,0,,,,,,,,,,,
S21,4,2030-03-26T08:23:01.863Z,explanation_visibility,fc6cdf86-4e9f-4232-a411-ead7def78b04,,,,38080,0,,,,,,,,,,,,,,,,,,,,,,,
S13,4,2030-03-26T08:23:03.124Z,explanation_visibility,9a37cd2e-bdb5-46bc-b357-053d7807cfcc,,,,60202,1,,,,,,,,,,,,,,,,,,,,,,,
S20,4,2030-03-26T08:24:01.777Z,returned_to_code,ca027d09-7818-4995-96a5-749a930f48ce,1,,,,,6401,,,,,,,,,,,,,,,,,,,,,,
S19,4,2030-03-26T08:24:02.107Z,explanation_visibility,124987fb-eaf7-4315-9392-40882f04ee76,,,,242253,1,,,,,,,,,,,,,,,,,,,,,,,
S10,4,2030-03-26T08:24:05.143Z,returned_to_code,9c380974-2fa3-4bfd-bc5c-2f643d34a780,1,,,,,3210,,,,,,,,,,,,,,,,,,,,,,
S21,4,2030-03-26T08:24:19.581Z,post_feedback_edit,fc6cdf86-4e9f-4232-a411-ead7def78b04,,,,,,,,0.291,10,,,,,,,,,,,,,,,,,,,
S10,4,2030-03-26T08:25:23.436Z,explanation_visibility,9c380974-2fa3-4bfd-bc5c-2f643d34a780,,,,69731,0,,,,,,,,,,,,,,,,,,,,,,,
S20,4,2030-03-26T08:25:29.201Z,explanation_visibility,ca027d09-7818-4995-96a5-749a930f48ce,,,,18023,1,,,,,,,,,,,,,,,,,,,,,,,
S09,4,2030-03-26T08:26:00.000Z,file_cleared,,,,,,,,,,,,,,lab4_lists.py,180843,12,2,0,,,,,,,,,,,
S06,4,2030-03-26T08:26:05.912Z,returned_to_code,1cc981fd-0c20-4be6-b146-12e3ca37b569,1,,,,,22498,,,,,,,,,,,,,,,,,,,,,,
S14,4,2030-03-26T08:26:20.370Z,diagnostic_resolved,c92eab4d-6ebc-48f2-befe-d180e4927b2f,,,,,,,,,,51680,56319,3,,,,,,,,,,,,,,,,
S06,4,2030-03-26T08:26:58.243Z,explanation_visibility,1cc981fd-0c20-4be6-b146-12e3ca37b569,,,,28607,1,,,,,,,,,,,,,,,,,,,,,,,
S07,4,2030-03-26T08:27:00.000Z,file_cleared,,,,,,,,,,,,,,lab4_lists.py,369842,8,1,0,,,,,,,,,,,
S19,4,2030-03-26T08:27:00.000Z,file_cleared,,,,,,,,,,,,,,lab4_lists.py,381004,13,3,1,,,,,,,,,,,
S21,4,2030-03-26T08:27:00.000Z,run_finished,,,,,,,,,,,,,,,,,,,0,1,,,,,,,,,
S02,4,2030-03-26T08:27:03.938Z,request_failed,,,,,,,,,,,,,,,,,,,,,,,,,backend,provider_error,,,
S14,4,2030-03-26T08:27:11.169Z,level_reached,c92eab4d-6ebc-48f2-befe-d180e4927b2f,2,1,102479,,,,,,,,,,,,,,,,,,,,,,,,,
S14,4,2030-03-26T08:27:32.353Z,level_reached,c92eab4d-6ebc-48f2-befe-d180e4927b2f,3,1,123663,,,,,,,,,,,,,,,,,,,,,,,,,
S14,4,2030-03-26T08:27:34.580Z,returned_to_code,c92eab4d-6ebc-48f2-befe-d180e4927b2f,3,,,,,2227,,,,,,,,,,,,,,,,,,,,,,
S14,4,2030-03-26T08:27:47.900Z,post_feedback_edit,c92eab4d-6ebc-48f2-befe-d180e4927b2f,,,,,,,,0.669,0,,,,,,,,,,,,,,,,,,,
S14,4,2030-03-26T08:27:52.425Z,explanation_visibility,c92eab4d-6ebc-48f2-befe-d180e4927b2f,,,,87683,1,,,,,,,,,,,,,,,,,,,,,,,
S20,4,2030-03-26T08:28:07.753Z,returned_to_code,7d090b02-2fd5-4c02-9391-4ae929e1d509,1,,,,,29446,,,,,,,,,,,,,,,,,,,,,,
S06,4,2030-03-26T08:28:12.637Z,feedback_abandoned,69e72200-5918-4fcd-b325-56ce0ee9b66d,2,,,,,,timeout,,,,,,,,,,,,,,,,,,,,,
S02,4,2030-03-26T08:28:42.358Z,returned_to_code,303e318f-808e-48bc-a67e-ea5b7e6b62a7,1,,,,,7011,,,,,,,,,,,,,,,,,,,,,,
S18,4,2030-03-26T08:29:00.000Z,file_cleared,,,,,,,,,,,,,,lab4_lists.py,569960,13,3,0,,,,,,,,,,,
S19,4,2030-03-26T08:29:00.000Z,file_cleared,,,,,,,,,,,,,,lab4_lists.py,405818,16,2,1,,,,,,,,,,,
S02,4,2030-03-26T08:29:35.255Z,explanation_visibility,303e318f-808e-48bc-a67e-ea5b7e6b62a7,,,,6391,1,,,,,,,,,,,,,,,,,,,,,,,
S20,4,2030-03-26T08:30:22.706Z,diagnostic_resolved,7d090b02-2fd5-4c02-9391-4ae929e1d509,,,,,,,,,,164399,188966,3,,,,,,,,,,,,,,,,
S15,4,2030-03-26T08:30:45.403Z,request_failed,,,,,,,,,,,,,,,,,,,,,,,,,backend,provider_error,,,
S20,4,2030-03-26T08:30:55.197Z,explanation_visibility,7d090b02-2fd5-4c02-9391-4ae929e1d509,,,,164029,1,,,,,,,,,,,,,,,,,,,,,,,
S06,4,2030-03-26T08:31:00.000Z,file_cleared,,,,,,,,,,,,,,lab4_lists.py,528508,8,1,1,,,,,,,,,,,
S21,4,2030-03-26T08:31:05.818Z,feedback_abandoned,fc6cdf86-4e9f-4232-a411-ead7def78b04,3,,,,,,timeout,,,,,,,,,,,,,,,,,,,,,
S14,4,2030-03-26T08:31:06.791Z,returned_to_code,72d7b3b4-1307-48e9-871c-d2cbdf9e8b0b,1,,,,,2020,,,,,,,,,,,,,,,,,,,,,,
S22,4,2030-03-26T08:32:41.643Z,level_reached,ccbdc5af-ed15-4892-8c61-7249e478af3c,2,1,5446,,,,,,,,,,,,,,,,,,,,,,,,,
S22,4,2030-03-26T08:32:49.342Z,returned_to_code,ccbdc5af-ed15-4892-8c61-7249e478af3c,2,,,,,7699,,,,,,,,,,,,,,,,,,,,,,
S14,4,2030-03-26T08:33:04.752Z,returned_to_code,45d00fcf-a047-410d-8499-4327a5d008e1,1,,,,,111814,,,,,,,,,,,,,,,,,,,,,,
S14,4,2030-03-26T08:33:06.996Z,explanation_visibility,72d7b3b4-1307-48e9-871c-d2cbdf9e8b0b,,,,58849,1,,,,,,,,,,,,,,,,,,,,,,,
S14,4,2030-03-26T08:33:17.305Z,explanation_visibility,47a67ddd-f509-4a71-84fb-9d2c696b7d11,,,,11517,0,,,,,,,,,,,,,,,,,,,,,,,
S22,4,2030-03-26T08:33:22.072Z,explanation_visibility,ccbdc5af-ed15-4892-8c61-7249e478af3c,,,,31192,1,,,,,,,,,,,,,,,,,,,,,,,
S02,4,2030-03-26T08:33:41.774Z,level_reached,122fddbb-0d39-474f-9b55-f00addc9ab13,2,1,8844,,,,,,,,,,,,,,,,,,,,,,,,,
S14,4,2030-03-26T08:33:48.056Z,level_reached,330c3eb0-94c7-491d-9098-1b72a7f1bd7a,2,1,8782,,,,,,,,,,,,,,,,,,,,,,,,,
S14,4,2030-03-26T08:33:55.349Z,level_reached,330c3eb0-94c7-491d-9098-1b72a7f1bd7a,3,1,16075,,,,,,,,,,,,,,,,,,,,,,,,,
S25,4,2030-03-26T08:34:00.000Z,file_cleared,,,,,,,,,,,,,,lab4_lists.py,346485,12,1,0,,,,,,,,,,,
S15,4,2030-03-26T08:34:00.000Z,file_cleared,,,,,,,,,,,,,,lab4_lists.py,383818,13,4,4,,,,,,,,,,,
S02,4,2030-03-26T08:34:01.153Z,diagnostic_resolved,303e318f-808e-48bc-a67e-ea5b7e6b62a7,,,,,,,,,,325806,374879,2,,,,,,,,,,,,,,,,
S23,4,2030-03-26T08:34:04.850Z,explanation_visibility,f6d4855b-f3f5-4023-8fcd-d3671491aa03,,,,5660,0,,,,,,,,,,,,,,,,,,,,,,,
S02,4,2030-03-26T08:34:07.797Z,returned_to_code,122fddbb-0d39-474f-9b55-f00addc9ab13,2,,,,,26023,,,,,,,,,,,,,,,,,,,,,,
S14,4,2030-03-26T08:34:10.628Z,post_feedback_edit,330c3eb0-94c7-491d-9098-1b72a7f1bd7a,,,,,,,,0.753,0,,,,,,,,,,,,,,,,,,,
S14,4,2030-03-26T08:34:11.294Z,returned_to_code,330c3eb0-94c7-491d-9098-1b72a7f1bd7a,3,,,,,15945,,,,,,,,,,,,,,,,,,,,,,
S23,4,2030-03-26T08:35:04.588Z,level_reached,f6d4855b-f3f5-4023-8fcd-d3671491aa03,2,1,96406,,,,,,,,,,,,,,,,,,,,,,,,,
S23,4,2030-03-26T08:35:38.836Z,returned_to_code,f6d4855b-f3f5-4023-8fcd-d3671491aa03,2,,,,,34248,,,,,,,,,,,,,,,,,,,,,,
S24,4,2030-03-26T08:36:00.000Z,file_cleared,,,,,,,,,,,,,,lab4_lists.py,325381,18,2,2,,,,,,,,,,,
S04,4,2030-03-26T08:36:00.000Z,file_cleared,,,,,,,,,,,,,,lab4_lists.py,216940,18,3,0,,,,,,,,,,,
S14,4,2030-03-26T08:36:01.067Z,explanation_copied,330c3eb0-94c7-491d-9098-1b72a7f1bd7a,L3,,,,,,,,,,,,,,,,,,,,,,,,,,,
S02,4,2030-03-26T08:36:07.755Z,explanation_visibility,122fddbb-0d39-474f-9b55-f00addc9ab13,,,,68242,1,,,,,,,,,,,,,,,,,,,,,,,
S05,4,2030-03-26T08:37:00.000Z,file_cleared,,,,,,,,,,,,,,lab4_lists.py,1872556,9,2,1,,,,,,,,,,,
S21,4,2030-03-26T08:38:25.275Z,returned_to_code,9fbf5f9e-023a-4873-b0e0-ca8016b2faa4,1,,,,,33146,,,,,,,,,,,,,,,,,,,,,,
S24,4,2030-03-26T08:39:00.000Z,file_cleared,,,,,,,,,,,,,,lab4_lists.py,1198343,16,3,0,,,,,,,,,,,
S14,4,2030-03-26T08:39:39.317Z,explanation_visibility,330c3eb0-94c7-491d-9098-1b72a7f1bd7a,,,,26865,1,,,,,,,,,,,,,,,,,,,,,,,
S01,4,2030-03-26T08:40:00.000Z,file_cleared,,,,,,,,,,,,,,lab4_lists.py,917997,16,3,0,,,,,,,,,,,
S14,4,2030-03-26T08:40:00.000Z,question_picker_abandoned,,,,,,,,,,,,,,,,,,,,,preset,selection_codelens,2,38,,,,,
S21,4,2030-03-26T08:40:19.457Z,explanation_visibility,9fbf5f9e-023a-4873-b0e0-ca8016b2faa4,,,,69773,1,,,,,,,,,,,,,,,,,,,,,,,
S25,4,2030-03-26T08:40:41.306Z,returned_to_code,dfe4e0b8-df44-48dd-aaa6-1c13883e5bb9,1,,,,,23267,,,,,,,,,,,,,,,,,,,,,,
S07,4,2030-03-26T08:41:00.000Z,question_picker_abandoned,,,,,,,,,,,,,,,,,,,,,free_text,selection_lightbulb,4,144,,,,,
S05,4,2030-03-26T08:42:32.244Z,level_reached,ca328d7a-cf79-4a7b-8d35-fd6ed512c86c,2,1,11729,,,,,,,,,,,,,,,,,,,,,,,,,
S05,4,2030-03-26T08:42:40.218Z,returned_to_code,ca328d7a-cf79-4a7b-8d35-fd6ed512c86c,2,,,,,7974,,,,,,,,,,,,,,,,,,,,,,
S14,4,2030-03-26T08:42:43.973Z,feedback_abandoned,47a67ddd-f509-4a71-84fb-9d2c696b7d11,1,,,,,,timeout,,,,,,,,,,,,,,,,,,,,,
S25,4,2030-03-26T08:44:11.648Z,explanation_visibility,dfe4e0b8-df44-48dd-aaa6-1c13883e5bb9,,,,56816,1,,,,,,,,,,,,,,,,,,,,,,,
S03,4,2030-03-26T08:44:18.283Z,returned_to_code,02d20033-ecc8-4ca1-8228-3b3d37c7c406,1,,,,,20700,,,,,,,,,,,,,,,,,,,,,,
S05,4,2030-03-26T08:44:18.519Z,diagnostic_resolved,ca328d7a-cf79-4a7b-8d35-fd6ed512c86c,,,,,,,,,,118004,134245,4,,,,,,,,,,,,,,,,
S03,4,2030-03-26T08:47:38.653Z,explanation_visibility,02d20033-ecc8-4ca1-8228-3b3d37c7c406,,,,160930,1,,,,,,,,,,,,,,,,,,,,,,,
S05,4,2030-03-26T08:47:58.524Z,explanation_visibility,ca328d7a-cf79-4a7b-8d35-fd6ed512c86c,,,,59878,0,,,,,,,,,,,,,,,,,,,,,,,
S05,4,2030-03-26T08:51:07.343Z,explanation_visibility,607746d5-80cf-4cd9-8e26-599595a37e6f,,,,89051,1,,,,,,,,,,,,,,,,,,,,,,,
S05,4,2030-03-26T08:52:00.000Z,feedback_abandoned,607746d5-80cf-4cd9-8e26-599595a37e6f,1,,,,,,session_end,,,,,,,,,,,,,,,,,,,,,
S07,4,2030-03-27T14:28:25.157Z,returned_to_code,ca289c2d-20c0-416f-9186-f2e8861e13f2,1,,,,,28357,,,,,,,,,,,,,,,,,,,,,,
S07,4,2030-03-27T14:29:44.251Z,diagnostic_resolved,ca289c2d-20c0-416f-9186-f2e8861e13f2,,,,,,,,,,107451,200995,4,,,,,,,,,,,,,,,,
S07,4,2030-03-27T14:30:00.000Z,question_picker_abandoned,,,,,,,,,,,,,,,,,,,,,preset,selection_codelens,16,352,,,,,
S07,4,2030-03-27T14:31:11.796Z,explanation_copied,ca289c2d-20c0-416f-9186-f2e8861e13f2,L2,,,,,,,,,,,,,,,,,,,,,,,,,,,
S23,4,2030-03-27T14:31:20.385Z,returned_to_code,9bfda565-4f2b-418e-96a3-d259e7ff8c2c,1,,,,,15785,,,,,,,,,,,,,,,,,,,,,,
S07,4,2030-03-27T14:31:57.106Z,explanation_visibility,ca289c2d-20c0-416f-9186-f2e8861e13f2,,,,127471,1,,,,,,,,,,,,,,,,,,,,,,,
S23,4,2030-03-27T14:33:41.701Z,diagnostic_resolved,9bfda565-4f2b-418e-96a3-d259e7ff8c2c,,,,,,,,,,157101,165655,2,,,,,,,,,,,,,,,,
S23,4,2030-03-27T14:33:45.023Z,explanation_visibility,9bfda565-4f2b-418e-96a3-d259e7ff8c2c,,,,96173,1,,,,,,,,,,,,,,,,,,,,,,,
S23,4,2030-03-27T14:37:41.019Z,level_reached,5f813397-28a5-4b15-a46d-e3f66a29e66b,2,1,26476,,,,,,,,,,,,,,,,,,,,,,,,,
S23,4,2030-03-27T14:37:49.695Z,level_reached,5f813397-28a5-4b15-a46d-e3f66a29e66b,3,1,35152,,,,,,,,,,,,,,,,,,,,,,,,,
S23,4,2030-03-27T14:38:02.831Z,returned_to_code,5f813397-28a5-4b15-a46d-e3f66a29e66b,3,,,,,13136,,,,,,,,,,,,,,,,,,,,,,
S23,4,2030-03-27T14:38:21.590Z,post_feedback_edit,5f813397-28a5-4b15-a46d-e3f66a29e66b,,,,,,,,0.095,2,,,,,,,,,,,,,,,,,,,
S23,4,2030-03-27T14:40:58.700Z,diagnostic_resolved,5f813397-28a5-4b15-a46d-e3f66a29e66b,,,,,,,,,,224157,234549,3,,,,,,,,,,,,,,,,
S23,4,2030-03-27T14:41:51.863Z,returned_to_code,c816e2bf-99a0-48cb-88e3-ddf988b4b1e0,1,,,,,16009,,,,,,,,,,,,,,,,,,,,,,
S23,4,2030-03-27T14:41:58.079Z,explanation_visibility,5f813397-28a5-4b15-a46d-e3f66a29e66b,,,,155447,1,,,,,,,,,,,,,,,,,,,,,,,
S23,4,2030-03-27T14:43:15.615Z,explanation_visibility,c816e2bf-99a0-48cb-88e3-ddf988b4b1e0,,,,75547,1,,,,,,,,,,,,,,,,,,,,,,,
S07,4,2030-03-27T14:45:00.000Z,question_picker_abandoned,,,,,,,,,,,,,,,,,,,,,preset,selection_codelens,17,391,,,,,
S23,4,2030-03-27T14:45:29.259Z,level_reached,64386741-5fba-4a42-b603-c8002e64089b,2,1,36798,,,,,,,,,,,,,,,,,,,,,,,,,
S23,4,2030-03-27T14:45:43.668Z,diagnostic_resolved,64386741-5fba-4a42-b603-c8002e64089b,,,,,,,,,,51207,71830,6,,,,,,,,,,,,,,,,
S23,4,2030-03-27T14:45:55.146Z,explanation_visibility,64386741-5fba-4a42-b603-c8002e64089b,,,,33213,1,,,,,,,,,,,,,,,,,,,,,,,
S23,4,2030-03-27T14:45:55.675Z,level_reached,64386741-5fba-4a42-b603-c8002e64089b,3,1,63214,,,,,,,,,,,,,,,,,,,,,,,,,
S07,4,2030-03-27T14:46:12.192Z,returned_to_code,8ca570dc-88f0-42c9-bd96-e1874cc6cc4f,1,,,,,8150,,,,,,,,,,,,,,,,,,,,,,
S23,4,2030-03-27T14:46:15.959Z,post_feedback_edit,64386741-5fba-4a42-b603-c8002e64089b,,,,,,,,0.128,2,,,,,,,,,,,,,,,,,,,
S23,4,2030-03-27T14:46:23.811Z,returned_to_code,64386741-5fba-4a42-b603-c8002e64089b,3,,,,,28136,,,,,,,,,,,,,,,,,,,,,,
S07,4,2030-03-27T14:46:52.425Z,explanation_visibility,8ca570dc-88f0-42c9-bd96-e1874cc6cc4f,,,,31327,1,,,,,,,,,,,,,,,,,,,,,,,
S23,4,2030-03-27T14:48:00.000Z,file_cleared,,,,,,,,,,,,,,hw4.py,303977,10,3,0,,,,,,,,,,,
S23,4,2030-03-27T15:00:08.748Z,returned_to_code,d70dd5c5-b7e8-42b0-ad77-5120a4563f28,1,,,,,12929,,,,,,,,,,,,,,,,,,,,,,
S23,4,2030-03-27T15:00:35.732Z,diagnostic_resolved,d70dd5c5-b7e8-42b0-ad77-5120a4563f28,,,,,,,,,,39913,47642,0,,,,,,,,,,,,,,,,
S07,4,2030-03-27T15:02:00.000Z,file_cleared,,,,,,,,,,,,,,hw4.py,1050009,23,5,0,,,,,,,,,,,
S23,4,2030-03-27T15:02:27.948Z,explanation_visibility,d70dd5c5-b7e8-42b0-ad77-5120a4563f28,,,,47098,1,,,,,,,,,,,,,,,,,,,,,,,
S07,4,2030-03-27T15:03:02.552Z,level_reached,8c56e6da-9a83-4400-9012-0b3403be7b4e,2,1,23006,,,,,,,,,,,,,,,,,,,,,,,,,
S07,4,2030-03-27T15:03:41.587Z,returned_to_code,8c56e6da-9a83-4400-9012-0b3403be7b4e,2,,,,,39035,,,,,,,,,,,,,,,,,,,,,,
S05,4,2030-03-27T15:04:24.423Z,diagnostic_resolved,96133b15-d2cb-476d-89d5-9e69b35c451d,,,,,,,,,,31410,43073,6,,,,,,,,,,,,,,,,
S05,4,2030-03-27T15:06:17.905Z,explanation_visibility,96133b15-d2cb-476d-89d5-9e69b35c451d,,,,62149,1,,,,,,,,,,,,,,,,,,,,,,,
S05,4,2030-03-27T15:13:53.013Z,feedback_abandoned,96133b15-d2cb-476d-89d5-9e69b35c451d,1,,,,,,timeout,,,,,,,,,,,,,,,,,,,,,
S05,4,2030-03-27T15:19:00.000Z,file_cleared,,,,,,,,,,,,,,hw4.py,633901,16,5,1,,,,,,,,,,,
S05,4,2030-03-27T15:30:39.752Z,returned_to_code,621b6aca-68ea-4539-8cde-19e6cb7c5123,1,,,,,36596,,,,,,,,,,,,,,,,,,,,,,
S05,4,2030-03-27T15:33:19.705Z,explanation_visibility,621b6aca-68ea-4539-8cde-19e6cb7c5123,,,,11171,1,,,,,,,,,,,,,,,,,,,,,,,
S05,4,2030-03-27T15:40:00.000Z,question_picker_abandoned,,,,,,,,,,,,,,,,,,,,,preset,selection_keybinding,14,378,,,,,
S01,4,2030-03-27T19:32:00.000Z,explanation_reopened,56a76399-db6e-4547-ac07-7622a802de83,,,,,,,,,,,,,,,,,,,,,,,,,,,,
S05,4,2030-03-27T19:56:04.408Z,level_reached,8c7f2a8d-8904-4a33-a095-3de5367413bd,2,1,39834,,,,,,,,,,,,,,,,,,,,,,,,,
S05,4,2030-03-27T19:56:19.679Z,returned_to_code,8c7f2a8d-8904-4a33-a095-3de5367413bd,2,,,,,15271,,,,,,,,,,,,,,,,,,,,,,
S05,4,2030-03-27T19:59:34.295Z,level_reached,eaeb9727-b656-4e6d-9c44-81a73a4b9a24,2,1,12226,,,,,,,,,,,,,,,,,,,,,,,,,
S05,4,2030-03-27T19:59:38.997Z,returned_to_code,eaeb9727-b656-4e6d-9c44-81a73a4b9a24,2,,,,,4702,,,,,,,,,,,,,,,,,,,,,,
S05,4,2030-03-27T20:00:09.896Z,returned_to_code,b437d181-681b-4096-b5fb-cd13730b88b0,1,,,,,17521,,,,,,,,,,,,,,,,,,,,,,
S05,4,2030-03-27T20:00:27.550Z,diagnostic_resolved,8c7f2a8d-8904-4a33-a095-3de5367413bd,,,,,,,,,,302976,331591,1,,,,,,,,,,,,,,,,
S05,4,2030-03-27T20:01:37.143Z,explanation_visibility,b437d181-681b-4096-b5fb-cd13730b88b0,,,,6003,1,,,,,,,,,,,,,,,,,,,,,,,
S05,4,2030-03-27T20:01:55.634Z,diagnostic_resolved,eaeb9727-b656-4e6d-9c44-81a73a4b9a24,,,,,,,,,,153565,166456,2,,,,,,,,,,,,,,,,
S05,4,2030-03-27T20:02:27.972Z,explanation_visibility,eaeb9727-b656-4e6d-9c44-81a73a4b9a24,,,,69380,1,,,,,,,,,,,,,,,,,,,,,,,
S05,4,2030-03-27T20:08:29.646Z,returned_to_code,022ebf85-8d19-4cc2-8298-7e3235ccd348,1,,,,,16331,,,,,,,,,,,,,,,,,,,,,,
S05,4,2030-03-27T20:10:00.607Z,explanation_visibility,022ebf85-8d19-4cc2-8298-7e3235ccd348,,,,63297,1,,,,,,,,,,,,,,,,,,,,,,,
S05,4,2030-03-27T20:11:14.905Z,diagnostic_resolved,b437d181-681b-4096-b5fb-cd13730b88b0,,,,,,,,,,682530,711781,1,,,,,,,,,,,,,,,,
S09,4,2030-03-28T16:37:20.131Z,returned_to_code,6d3a947a-dc6f-4ffc-beb8-9bc7dfc426f1,1,,,,,8987,,,,,,,,,,,,,,,,,,,,,,
S09,4,2030-03-28T16:38:05.264Z,explanation_visibility,6d3a947a-dc6f-4ffc-beb8-9bc7dfc426f1,,,,26909,1,,,,,,,,,,,,,,,,,,,,,,,
S09,4,2030-03-28T16:38:48.465Z,diagnostic_resolved,6d3a947a-dc6f-4ffc-beb8-9bc7dfc426f1,,,,,,,,,,97321,138171,4,,,,,,,,,,,,,,,,
S23,4,2030-03-28T16:46:10.394Z,level_reached,22ae8647-33ff-42e3-b2e9-557e75cd8b74,2,1,14744,,,,,,,,,,,,,,,,,,,,,,,,,
S23,4,2030-03-28T16:46:14.557Z,level_reached,22ae8647-33ff-42e3-b2e9-557e75cd8b74,3,1,18907,,,,,,,,,,,,,,,,,,,,,,,,,
S23,4,2030-03-28T16:47:11.629Z,returned_to_code,22ae8647-33ff-42e3-b2e9-557e75cd8b74,3,,,,,57072,,,,,,,,,,,,,,,,,,,,,,
S23,4,2030-03-28T16:47:56.391Z,explanation_visibility,22ae8647-33ff-42e3-b2e9-557e75cd8b74,,,,80644,1,,,,,,,,,,,,,,,,,,,,,,,
S23,4,2030-03-28T16:49:05.085Z,returned_to_code,b2f0ef66-fb3c-4fe9-8182-f7cf3dbfb11b,1,,,,,11570,,,,,,,,,,,,,,,,,,,,,,
S23,4,2030-03-28T16:50:21.985Z,diagnostic_resolved,b2f0ef66-fb3c-4fe9-8182-f7cf3dbfb11b,,,,,,,,,,88470,102906,2,,,,,,,,,,,,,,,,
S23,4,2030-03-28T16:50:44.758Z,explanation_visibility,b2f0ef66-fb3c-4fe9-8182-f7cf3dbfb11b,,,,36288,1,,,,,,,,,,,,,,,,,,,,,,,
S23,4,2030-03-28T16:56:32.837Z,returned_to_code,afd853e5-4b9a-4809-bb43-111640da2ab4,1,,,,,31976,,,,,,,,,,,,,,,,,,,,,,
S23,4,2030-03-28T16:58:29.770Z,explanation_visibility,afd853e5-4b9a-4809-bb43-111640da2ab4,,,,76905,1,,,,,,,,,,,,,,,,,,,,,,,
S23,4,2030-03-28T17:04:40.907Z,returned_to_code,b65f1ee3-932c-4e7a-88f7-690299b4ff33,1,,,,,40557,,,,,,,,,,,,,,,,,,,,,,
S23,4,2030-03-28T17:05:37.150Z,explanation_visibility,b65f1ee3-932c-4e7a-88f7-690299b4ff33,,,,37966,1,,,,,,,,,,,,,,,,,,,,,,,
S23,4,2030-03-28T17:06:00.000Z,file_cleared,,,,,,,,,,,,,,hw4.py,946955,14,3,3,,,,,,,,,,,
S23,4,2030-03-28T17:11:00.000Z,file_cleared,,,,,,,,,,,,,,hw4.py,505922,12,2,2,,,,,,,,,,,
S23,4,2030-03-28T17:20:43.064Z,level_reached,9a179019-f3b9-4164-a53b-60c7b1a09e12,2,1,66794,,,,,,,,,,,,,,,,,,,,,,,,,
S23,4,2030-03-28T17:21:10.521Z,explanation_visibility,9a179019-f3b9-4164-a53b-60c7b1a09e12,,,,36602,1,,,,,,,,,,,,,,,,,,,,,,,
S23,4,2030-03-28T17:21:11.788Z,level_reached,9a179019-f3b9-4164-a53b-60c7b1a09e12,3,1,95518,,,,,,,,,,,,,,,,,,,,,,,,,
S23,4,2030-03-28T17:22:04.370Z,returned_to_code,9a179019-f3b9-4164-a53b-60c7b1a09e12,3,,,,,52582,,,,,,,,,,,,,,,,,,,,,,
S23,4,2030-03-28T17:46:00.000Z,question_picker_abandoned,,,,,,,,,,,,,,,,,,,,,free_text,selection_codelens,16,336,,,,,
S03,4,2030-03-28T18:26:47.203Z,explanation_visibility,54550001-eba1-4ab7-9c01-807606d1d9a1,,,,13085,1,,,,,,,,,,,,,,,,,,,,,,,
S03,4,2030-03-28T18:27:45.323Z,returned_to_code,54550001-eba1-4ab7-9c01-807606d1d9a1,1,,,,,102289,,,,,,,,,,,,,,,,,,,,,,
S04,4,2030-03-28T20:06:00.000Z,explanation_reopened,b94890ab-27d7-4e96-b232-2ac5e5cd1893,,,,,,,,,,,,,,,,,,,,,,,,,,,,
S04,4,2030-03-28T20:07:00.000Z,file_cleared,,,,,,,,,,,,,,hw4.py,1032862,17,3,0,,,,,,,,,,,
S04,4,2030-03-28T20:38:00.000Z,file_cleared,,,,,,,,,,,,,,hw4.py,402211,8,1,1,,,,,,,,,,,
S04,4,2030-03-28T20:42:58.819Z,level_reached,0b6c3a98-c739-4bb8-84f5-21a8cdb257fd,2,1,12149,,,,,,,,,,,,,,,,,,,,,,,,,
S04,4,2030-03-28T20:43:29.130Z,returned_to_code,0b6c3a98-c739-4bb8-84f5-21a8cdb257fd,2,,,,,30311,,,,,,,,,,,,,,,,,,,,,,
S04,4,2030-03-28T20:44:34.710Z,level_reached,170ad986-c348-4901-99a2-5f2c2608a295,2,1,21366,,,,,,,,,,,,,,,,,,,,,,,,,
S04,4,2030-03-28T20:44:38.450Z,level_reached,170ad986-c348-4901-99a2-5f2c2608a295,3,1,25106,,,,,,,,,,,,,,,,,,,,,,,,,
S04,4,2030-03-28T20:44:44.584Z,returned_to_code,170ad986-c348-4901-99a2-5f2c2608a295,3,,,,,6134,,,,,,,,,,,,,,,,,,,,,,
S04,4,2030-03-28T20:44:48.672Z,explanation_visibility,0b6c3a98-c739-4bb8-84f5-21a8cdb257fd,,,,15068,0,,,,,,,,,,,,,,,,,,,,,,,
S04,4,2030-03-28T20:45:00.000Z,run_finished,,,,,,,,,,,,,,,,,,,0,1,,,,,,,,,
S04,4,2030-03-28T20:45:06.705Z,post_feedback_edit,170ad986-c348-4901-99a2-5f2c2608a295,,,,,,,,0.288,0,,,,,,,,,,,,,,,,,,,
S04,4,2030-03-28T20:46:03.301Z,explanation_visibility,170ad986-c348-4901-99a2-5f2c2608a295,,,,42065,1,,,,,,,,,,,,,,,,,,,,,,,
S04,4,2030-03-28T20:54:59.329Z,diagnostic_resolved,0b6c3a98-c739-4bb8-84f5-21a8cdb257fd,,,,,,,,,,732659,750665,3,,,,,,,,,,,,,,,,
S17,4,2030-03-30T17:22:05.026Z,returned_to_code,8beadf69-679b-4108-8158-b8dcf6376ab9,1,,,,,13444,,,,,,,,,,,,,,,,,,,,,,
S17,4,2030-03-30T17:23:18.110Z,explanation_visibility,8beadf69-679b-4108-8158-b8dcf6376ab9,,,,16428,1,,,,,,,,,,,,,,,,,,,,,,,
S17,4,2030-03-30T17:24:13.419Z,diagnostic_resolved,8beadf69-679b-4108-8158-b8dcf6376ab9,,,,,,,,,,141837,209596,4,,,,,,,,,,,,,,,,
S17,4,2030-03-30T17:35:28.483Z,returned_to_code,75b73c7b-0d91-42e1-8448-6ac367e816bc,1,,,,,19440,,,,,,,,,,,,,,,,,,,,,,
S17,4,2030-03-30T17:36:13.062Z,explanation_visibility,75b73c7b-0d91-42e1-8448-6ac367e816bc,,,,42039,1,,,,,,,,,,,,,,,,,,,,,,,
S17,4,2030-03-30T17:36:16.131Z,diagnostic_resolved,75b73c7b-0d91-42e1-8448-6ac367e816bc,,,,,,,,,,67088,155406,5,,,,,,,,,,,,,,,,
S17,4,2030-03-30T17:41:33.259Z,returned_to_code,cce9b886-2d56-4989-836c-0bce6bb0cc2b,1,,,,,26768,,,,,,,,,,,,,,,,,,,,,,
S17,4,2030-03-30T17:42:00.000Z,file_cleared,,,,,,,,,,,,,,hw4.py,184933,12,2,0,,,,,,,,,,,
S17,4,2030-03-30T17:44:04.041Z,explanation_visibility,cce9b886-2d56-4989-836c-0bce6bb0cc2b,,,,71081,1,,,,,,,,,,,,,,,,,,,,,,,
S09,4,2030-03-31T14:20:25.526Z,returned_to_code,a9d8f42b-4eba-4cb9-887b-9fd4b0874057,1,,,,,4300,,,,,,,,,,,,,,,,,,,,,,
S09,4,2030-03-31T14:23:41.388Z,explanation_visibility,a9d8f42b-4eba-4cb9-887b-9fd4b0874057,,,,93113,1,,,,,,,,,,,,,,,,,,,,,,,
S09,4,2030-03-31T14:25:00.000Z,question_picker_abandoned,,,,,,,,,,,,,,,,,,,,,preset,selection_keybinding,20,760,,,,,
S12,4,2030-03-31T16:16:00.000Z,run_finished,,,,,,,,,,,,,,,,,,,1,0,,,,,,,,,
S12,4,2030-03-31T16:20:00.000Z,file_cleared,,,,,,,,,,,,,,hw4.py,674518,11,1,1,,,,,,,,,,,
S12,4,2030-03-31T16:20:01.722Z,returned_to_code,924b7d9d-ef29-4b95-868d-6d68e3b135a8,1,,,,,33161,,,,,,,,,,,,,,,,,,,,,,
S12,4,2030-03-31T16:20:28.075Z,diagnostic_resolved,924b7d9d-ef29-4b95-868d-6d68e3b135a8,,,,,,,,,,59514,103628,2,,,,,,,,,,,,,,,,
S12,4,2030-03-31T16:21:07.669Z,explanation_visibility,924b7d9d-ef29-4b95-868d-6d68e3b135a8,,,,29428,1,,,,,,,,,,,,,,,,,,,,,,,
S23,4,2030-03-31T17:55:00.000Z,question_picker_abandoned,,,,,,,,,,,,,,,,,,,,,preset,selection_codelens,6,120,,,,,
S23,4,2030-03-31T18:01:00.000Z,explanation_reopened,9c22b9d4-8222-4e76-8a21-2dbcb3a112fc,,,,,,,,,,,,,,,,,,,,,,,,,,,,
S23,4,2030-03-31T18:05:00.000Z,explanation_reopened,d70dd5c5-b7e8-42b0-ad77-5120a4563f28,,,,,,,,,,,,,,,,,,,,,,,,,,,,
S23,4,2030-03-31T18:08:00.000Z,file_cleared,,,,,,,,,,,,,,hw4.py,314270,19,5,0,,,,,,,,,,,
S23,4,2030-03-31T18:10:00.000Z,question_picker_abandoned,,,,,,,,,,,,,,,,,,,,,free_text,selection_lightbulb,9,198,,,,,
S23,4,2030-03-31T18:27:36.830Z,level_reached,e74083fa-4662-4263-b0d6-9d23b00d5b4b,2,1,13357,,,,,,,,,,,,,,,,,,,,,,,,,
S23,4,2030-03-31T18:28:08.545Z,level_reached,e74083fa-4662-4263-b0d6-9d23b00d5b4b,3,1,45072,,,,,,,,,,,,,,,,,,,,,,,,,
S23,4,2030-03-31T18:28:18.872Z,returned_to_code,e74083fa-4662-4263-b0d6-9d23b00d5b4b,3,,,,,10327,,,,,,,,,,,,,,,,,,,,,,
S02,5,2030-04-02T07:04:00.000Z,explanation_reopened,303e318f-808e-48bc-a67e-ea5b7e6b62a7,,,,,,,,,,,,,,,,,,,,,,,,,,,,
S21,5,2030-04-02T07:04:00.000Z,explanation_reopened,1f7881da-5115-4852-8600-766403c69571,,,,,,,,,,,,,,,,,,,,,,,,,,,,
S15,5,2030-04-02T07:05:00.000Z,feedback_language_changed,,,,,,,,,,,,,,,,,,,,,,,,,,,,es,en
S21,5,2030-04-02T07:06:17.815Z,explanation_visibility,c5d03a12-89d0-4323-992d-0eb2eeac6a99,,,,31057,1,,,,,,,,,,,,,,,,,,,,,,,
S02,5,2030-04-02T07:06:28.911Z,returned_to_code,6846567a-6f4d-4522-bb5f-eec559f8609b,1,,,,,24534,,,,,,,,,,,,,,,,,,,,,,
S21,5,2030-04-02T07:07:00.000Z,explanation_reopened,323a6a16-13fc-4d8f-a63a-c36b8464294f,,,,,,,,,,,,,,,,,,,,,,,,,,,,
S15,5,2030-04-02T07:07:00.000Z,question_picker_abandoned,,,,,,,,,,,,,,,,,,,,,preset,selection_codelens,7,203,,,,,
S02,5,2030-04-02T07:07:03.544Z,diagnostic_resolved,6846567a-6f4d-4522-bb5f-eec559f8609b,,,,,,,,,,59167,122513,5,,,,,,,,,,,,,,,,
S21,5,2030-04-02T07:07:05.061Z,returned_to_code,c5d03a12-89d0-4323-992d-0eb2eeac6a99,1,,,,,150129,,,,,,,,,,,,,,,,,,,,,,
S21,5,2030-04-02T07:07:13.231Z,diagnostic_resolved,c5d03a12-89d0-4323-992d-0eb2eeac6a99,,,,,,,,,,158299,201202,6,,,,,,,,,,,,,,,,
S19,5,2030-04-02T07:10:34.916Z,diagnostic_resolved,ffb4a1cf-13db-4e19-906d-807d1583122c,,,,,,,,,,11195,63175,7,,,,,,,,,,,,,,,,
S19,5,2030-04-02T07:10:44.979Z,level_reached,ffb4a1cf-13db-4e19-906d-807d1583122c,2,1,21258,,,,,,,,,,,,,,,,,,,,,,,,,
S19,5,2030-04-02T07:10:48.023Z,returned_to_code,ffb4a1cf-13db-4e19-906d-807d1583122c,2,,,,,3044,,,,,,,,,,,,,,,,,,,,,,
S14,5,2030-04-02T07:10:56.247Z,diagnostic_resolved,766f40e1-4b08-4551-b00a-778f8732a884,,,,,,,,,,35635,62102,2,,,,,,,,,,,,,,,,
S14,5,2030-04-02T07:11:13.066Z,returned_to_code,766f40e1-4b08-4551-b00a-778f8732a884,1,,,,,52454,,,,,,,,,,,,,,,,,,,,,,
S02,5,2030-04-02T07:11:13.743Z,returned_to_code,0b4cd2bc-8963-4c42-9a4b-8bbd999483e6,1,,,,,4017,,,,,,,,,,,,,,,,,,,,,,
S19,5,2030-04-02T07:11:39.737Z,explanation_visibility,ffb4a1cf-13db-4e19-906d-807d1583122c,,,,27688,1,,,,,,,,,,,,,,,,,,,,,,,
S21,5,2030-04-02T07:12:01.362Z,diagnostic_resolved,3f518a19-7ccf-4f78-a48d-8d9c6f051587,,,,,,,,,,18421,29114,5,,,,,,,,,,,,,,,,
S21,5,2030-04-02T07:12:01.387Z,returned_to_code,3f518a19-7ccf-4f78-a48d-8d9c6f051587,1,,,,,18446,,,,,,,,,,,,,,,,,,,,,,
S02,5,2030-04-02T07:12:11.207Z,explanation_visibility,0b4cd2bc-8963-4c42-9a4b-8bbd999483e6,,,,34797,0,,,,,,,,,,,,,,,,,,,,,,,
S14,5,2030-04-02T07:12:15.809Z,level_reached,2484a746-af5c-4c80-921b-42b1012f5080,2,1,20703,,,,,,,,,,,,,,,,,,,,,,,,,
S21,5,2030-04-02T07:12:23.227Z,diagnostic_resolved,82db8c07-9ae5-4625-b00c-06e016fe0ea0,,,,,,,,,,52119,62917,8,,,,,,,,,,,,,,,,
S08,5,2030-04-02T07:12:23.518Z,level_reached,12d130a1-7d4d-413c-a0fc-5e9c2e1134af,2,1,32982,,,,,,,,,,,,,,,,,,,,,,,,,
S21,5,2030-04-02T07:12:32.407Z,explanation_visibility,3f518a19-7ccf-4f78-a48d-8d9c6f051587,,,,24375,1,,,,,,,,,,,,,,,,,,,,,,,
S14,5,2030-04-02T07:12:40.948Z,level_reached,2484a746-af5c-4c80-921b-42b1012f5080,3,1,45842,,,,,,,,,,,,,,,,,,,,,,,,,
S14,5,2030-04-02T07:12:55.918Z,returned_to_code,2484a746-af5c-4c80-921b-42b1012f5080,3,,,,,14970,,,,,,,,,,,,,,,,,,,,,,
S14,5,2030-04-02T07:13:02.095Z,explanation_visibility,766f40e1-4b08-4551-b00a-778f8732a884,,,,86400,1,,,,,,,,,,,,,,,,,,,,,,,
S08,5,2030-04-02T07:13:45.046Z,explanation_visibility,12d130a1-7d4d-413c-a0fc-5e9c2e1134af,,,,19944,1,,,,,,,,,,,,,,,,,,,,,,,
S13,5,2030-04-02T07:14:00.000Z,explanation_reopened,9a37cd2e-bdb5-46bc-b357-053d7807cfcc,,,,,,,,,,,,,,,,,,,,,,,,,,,,
S14,5,2030-04-02T07:14:05.869Z,explanation_visibility,2484a746-af5c-4c80-921b-42b1012f5080,,,,121485,0,,,,,,,,,,,,,,,,,,,,,,,
S02,5,2030-04-02T07:14:25.665Z,diagnostic_resolved,0b4cd2bc-8963-4c42-9a4b-8bbd999483e6,,,,,,,,,,195939,488706,5,,,,,,,,,,,,,,,,
S05,5,2030-04-02T07:14:40.388Z,returned_to_code,acc76dcd-a868-4e8e-9d56-274e5b1a42d3,1,,,,,20545,,,,,,,,,,,,,,,,,,,,,,
S15,5,2030-04-02T07:15:00.000Z,file_cleared,,,,,,,,,,,,,,lab5_strings.py,1534341,20,3,0,,,,,,,,,,,
S06,5,2030-04-02T07:15:27.589Z,level_reached,38c5c28e-323c-4903-9146-3065ff58e9af,2,1,12104,,,,,,,,,,,,,,,,,,,,,,,,,
S06,5,2030-04-02T07:15:38.066Z,diagnostic_resolved,38c5c28e-323c-4903-9146-3065ff58e9af,,,,,,,,,,22581,32621,3,,,,,,,,,,,,,,,,
S05,5,2030-04-02T07:16:06.340Z,explanation_visibility,acc76dcd-a868-4e8e-9d56-274e5b1a42d3,,,,25050,1,,,,,,,,,,,,,,,,,,,,,,,
S06,5,2030-04-02T07:17:16.637Z,explanation_visibility,38c5c28e-323c-4903-9146-3065ff58e9af,,,,27609,1,,,,,,,,,,,,,,,,,,,,,,,
S01,5,2030-04-02T07:18:09.568Z,returned_to_code,3d33fec7-fd4c-475c-bbdd-744e0545bea7,1,,,,,6400,,,,,,,,,,,,,,,,,,,,,,
S23,5,2030-04-02T07:18:41.407Z,level_reached,3eab586a-474f-4163-9cac-62816e462aae,2,1,21797,,,,,,,,,,,,,,,,,,,,,,,,,
S23,5,2030-04-02T07:19:00.203Z,level_reached,3eab586a-474f-4163-9cac-62816e462aae,3,1,40593,,,,,,,,,,,,,,,,,,,,,,,,,
S07,5,2030-04-02T07:19:13.155Z,request_failed,,,,,,,,,,,,,,,,,,,,,,,,,timeout,,,,
S23,5,2030-04-02T07:19:17.299Z,returned_to_code,3eab586a-474f-4163-9cac-62816e462aae,3,,,,,17096,,,,,,,,,,,,,,,,,,,,,,
S23,5,2030-04-02T07:20:52.235Z,post_feedback_edit,3eab586a-474f-4163-9cac-62816e462aae,,,,,,,,0,0,,,,,,,,,,,,,,,,,,,
S25,5,2030-04-02T07:21:00.000Z,file_cleared,,,,,,,,,,,,,,lab5_strings.py,1126733,17,3,0,,,,,,,,,,,
S24,5,2030-04-02T07:21:07.170Z,level_reached,63aa641f-0e85-4760-a49b-d7fc49882e60,2,1,6534,,,,,,,,,,,,,,,,,,,,,,,,,
S23,5,2030-04-02T07:21:11.226Z,explanation_visibility,3eab586a-474f-4163-9cac-62816e462aae,,,,75470,1,,,,,,,,,,,,,,,,,,,,,,,
S24,5,2030-04-02T07:21:19.584Z,level_reached,63aa641f-0e85-4760-a49b-d7fc49882e60,3,1,18948,,,,,,,,,,,,,,,,,,,,,,,,,
S21,5,2030-04-02T07:21:31.108Z,feedback_abandoned,82db8c07-9ae5-4625-b00c-06e016fe0ea0,1,,,,,,session_end,,,,,,,,,,,,,,,,,,,,,
S24,5,2030-04-02T07:21:48.085Z,returned_to_code,63aa641f-0e85-4760-a49b-d7fc49882e60,3,,,,,28501,,,,,,,,,,,,,,,,,,,,,,
S05,5,2030-04-02T07:22:00.000Z,file_cleared,,,,,,,,,,,,,,lab5_strings.py,560701,19,5,2,,,,,,,,,,,
S24,5,2030-04-02T07:22:05.128Z,explanation_visibility,63aa641f-0e85-4760-a49b-d7fc49882e60,,,,48832,1,,,,,,,,,,,,,,,,,,,,,,,
S08,5,2030-04-02T07:22:23.518Z,feedback_abandoned,12d130a1-7d4d-413c-a0fc-5e9c2e1134af,2,,,,,,timeout,,,,,,,,,,,,,,,,,,,,,
S24,5,2030-04-02T07:22:35.617Z,post_feedback_edit,63aa641f-0e85-4760-a49b-d7fc49882e60,,,,,,,,0.37,7,,,,,,,,,,,,,,,,,,,
S01,5,2030-04-02T07:22:52.247Z,explanation_visibility,3d33fec7-fd4c-475c-bbdd-744e0545bea7,,,,208242,1,,,,,,,,,,,,,,,,,,,,,,,
S10,5,2030-04-02T07:24:00.000Z,explanation_reopened,d79c3100-d905-4d96-8dc8-3058d3c5cccf,,,,,,,,,,,,,,,,,,,,,,,,,,,,
S01,5,2030-04-02T07:24:00.000Z,file_cleared,,,,,,,,,,,,,,lab5_strings.py,340802,20,3,1,,,,,,,,,,,
S17,5,2030-04-02T07:24:00.000Z,question_picker_abandoned,,,,,,,,,,,,,,,,,,,,,preset,selection_codelens,7,126,,,,,
S19,5,2030-04-02T07:24:59.124Z,explanation_visibility,57a3a21d-e424-4a2e-b634-de3d451f3308,,,,29343,1,,,,,,,,,,,,,,,,,,,,,,,
S23,5,2030-04-02T07:25:00.000Z,run_finished,,,,,,,,,,,,,,,,,,,0,1,,,,,,,,,
S16,5,2030-04-02T07:25:01.721Z,returned_to_code,66eb1a92-cc13-438b-bae5-9736c22aa4da,1,,,,,3276,,,,,,,,,,,,,,,,,,,,,,
S19,5,2030-04-02T07:25:24.547Z,returned_to_code,57a3a21d-e424-4a2e-b634-de3d451f3308,1,,,,,74473,,,,,,,,,,,,,,,,,,,,,,
S06,5,2030-04-02T07:25:27.589Z,feedback_abandoned,38c5c28e-323c-4903-9146-3065ff58e9af,2,,,,,,timeout,,,,,,,,,,,,,,,,,,,,,
S24,5,2030-04-02T07:25:33.537Z,diagnostic_resolved,63aa641f-0e85-4760-a49b-d7fc49882e60,,,,,,,,,,272901,392741,7,,,,,,,,,,,,,,,,
S18,5,2030-04-02T07:25:54.070Z,explanation_visibility,40674d21-4e00-4c43-9a53-8b17616caaef,,,,40629,1,,,,,,,,,,,,,,,,,,,,,,,
S16,5,2030-04-02T07:25:57.148Z,explanation_visibility,66eb1a92-cc13-438b-bae5-9736c22aa4da,,,,30783,1,,,,,,,,,,,,,,,,,,,,,,,
S04,5,2030-04-02T07:27:00.000Z,file_cleared,,,,,,,,,,,,,,lab5_strings.py,195584,17,3,1,,,,,,,,,,,
S14,5,2030-04-02T07:27:00.000Z,run_finished,,,,,,,,,,,,,,,,,,,0,1,,,,,,,,,
S16,5,2030-04-02T07:27:33.243Z,diagnostic_resolved,66eb1a92-cc13-438b-bae5-9736c22aa4da,,,,,,,,,,154798,604895,4,,,,,,,,,,,,,,,,
S21,5,2030-04-02T07:30:17.486Z,level_reached,dd196edf-da5e-4070-9987-2504f195fe7f,2,1,31450,,,,,,,,,,,,,,,,,,,,,,,,,
S21,5,2030-04-02T07:30:55.977Z,level_reached,dd196edf-da5e-4070-9987-2504f195fe7f,3,1,69941,,,,,,,,,,,,,,,,,,,,,,,,,
S21,5,2030-04-02T07:31:28.790Z,returned_to_code,dd196edf-da5e-4070-9987-2504f195fe7f,3,,,,,32813,,,,,,,,,,,,,,,,,,,,,,
S15,5,2030-04-02T07:31:53.085Z,diagnostic_resolved,c25c475a-7299-41e3-9373-a58c47e1493f,,,,,,,,,,22012,38863,3,,,,,,,,,,,,,,,,
S20,5,2030-04-02T07:32:00.000Z,file_cleared,,,,,,,,,,,,,,lab5_strings.py,91206,13,2,1,,,,,,,,,,,
S01,5,2030-04-02T07:32:00.000Z,question_picker_abandoned,,,,,,,,,,,,,,,,,,,,,preset,selection_keybinding,2,40,,,,,
S21,5,2030-04-02T07:32:02.004Z,explanation_visibility,dd196edf-da5e-4070-9987-2504f195fe7f,,,,28135,0,,,,,,,,,,,,,,,,,,,,,,,
S14,5,2030-04-02T07:32:17.367Z,returned_to_code,e04bfab5-1d99-48d6-a715-f1d7cdaa0273,1,,,,,3524,,,,,,,,,,,,,,,,,,,,,,
S14,5,2030-04-02T07:32:38.531Z,diagnostic_resolved,e04bfab5-1d99-48d6-a715-f1d7cdaa0273,,,,,,,,,,24688,78894,5,,,,,,,,,,,,,,,,
S14,5,2030-04-02T07:32:45.948Z,level_reached,56c69b1d-79f5-4734-a0c6-5db5d804157a,2,1,11878,,,,,,,,,,,,,,,,,,,,,,,,,
S14,5,2030-04-02T07:32:50.524Z,level_reached,56c69b1d-79f5-4734-a0c6-5db5d804157a,3,1,16454,,,,,,,,,,,,,,,,,,,,,,,,,
S15,5,2030-04-02T07:32:52.081Z,level_reached,c25c475a-7299-41e3-9373-a58c47e1493f,2,1,81008,,,,,,,,,,,,,,,,,,,,,,,,,
S15,5,2030-04-02T07:32:53.891Z,level_reached,c25c475a-7299-41e3-9373-a58c47e1493f,3,1,82818,,,,,,,,,,,,,,,,,,,,,,,,,
S15,5,2030-04-02T07:32:57.582Z,post_feedback_edit,c25c475a-7299-41e3-9373-a58c47e1493f,,,,,,,,0.76,0,,,,,,,,,,,,,,,,,,,
S14,5,2030-04-02T07:33:16.185Z,returned_to_code,56c69b1d-79f5-4734-a0c6-5db5d804157a,3,,,,,25661,,,,,,,,,,,,,,,,,,,,,,
S21,5,2030-04-02T07:33:21.157Z,diagnostic_resolved,dd196edf-da5e-4070-9987-2504f195fe7f,,,,,,,,,,215121,261421,1,,,,,,,,,,,,,,,,
S14,5,2030-04-02T07:33:45.965Z,explanation_visibility,56c69b1d-79f5-4734-a0c6-5db5d804157a,,,,21176,1,,,,,,,,,,,,,,,,,,,,,,,
S24,5,2030-04-02T07:33:47.103Z,returned_to_code,1faae4b1-4231-4886-93d4-fba9b8ca1fb2,1,,,,,5412,,,,,,,,,,,,,,,,,,,,,,
S12,5,2030-04-02T07:33:48.409Z,returned_to_code,d32c7a21-c4a5-4a84-83f4-5de501914ab8,1,,,,,13833,,,,,,,,,,,,,,,,,,,,,,
S15,5,2030-04-02T07:33:55.167Z,returned_to_code,c25c475a-7299-41e3-9373-a58c47e1493f,3,,,,,61276,,,,,,,,,,,,,,,,,,,,,,
S14,5,2030-04-02T07:34:01.489Z,diagnostic_resolved,56c69b1d-79f5-4734-a0c6-5db5d804157a,,,,,,,,,,87419,97261,1,,,,,,,,,,,,,,,,
S14,5,2030-04-02T07:34:12.694Z,explanation_visibility,e04bfab5-1d99-48d6-a715-f1d7cdaa0273,,,,15029,1,,,,,,,,,,,,,,,,,,,,,,,
S15,5,2030-04-02T07:34:18.293Z,explanation_visibility,c25c475a-7299-41e3-9373-a58c47e1493f,,,,5734,0,,,,,,,,,,,,,,,,,,,,,,,
S15,5,2030-04-02T07:34:21.226Z,request_failed,,,,,,,,,,,,,,,,,,,,,,,,,backend,provider_error,,,
S18,5,2030-04-02T07:34:25.872Z,feedback_abandoned,40674d21-4e00-4c43-9a53-8b17616caaef,1,,,,,,timeout,,,,,,,,,,,,,,,,,,,,,
S12,5,2030-04-02T07:34:55.784Z,explanation_visibility,d32c7a21-c4a5-4a84-83f4-5de501914ab8,,,,54925,1,,,,,,,,,,,,,,,,,,,,,,,
S21,5,2030-04-02T07:35:34.624Z,returned_to_code,34834718-65ec-444c-8c79-3d3a3a5b183d,1,,,,,17237,,,,,,,,,,,,,,,,,,,,,,
S24,5,2030-04-02T07:35:58.207Z,explanation_visibility,1faae4b1-4231-4886-93d4-fba9b8ca1fb2,,,,30308,1,,,,,,,,,,,,,,,,,,,,,,,
S12,5,2030-04-02T07:36:00.000Z,file_cleared,,,,,,,,,,,,,,lab5_strings.py,143778,9,2,0,,,,,,,,,,,
S14,5,2030-04-02T07:36:08.419Z,diagnostic_resolved,9c4834a5-7029-4cc2-8562-f4d2595a6c65,,,,,,,,,,18908,36782,2,,,,,,,,,,,,,,,,
S14,5,2030-04-02T07:36:16.093Z,level_reached,9c4834a5-7029-4cc2-8562-f4d2595a6c65,2,1,26582,,,,,,,,,,,,,,,,,,,,,,,,,
S14,5,2030-04-02T07:36:22.466Z,level_reached,9c4834a5-7029-4cc2-8562-f4d2595a6c65,3,1,32955,,,,,,,,,,,,,,,,,,,,,,,,,
S10,5,2030-04-02T07:36:23.668Z,request_failed,,,,,,,,,,,,,,,,,,,,,,,,,backend,provider_error,,,
S14,5,2030-04-02T07:36:39.381Z,post_feedback_edit,9c4834a5-7029-4cc2-8562-f4d2595a6c65,,,,,,,,0.456,0,,,,,,,,,,,,,,,,,,,
S18,5,2030-04-02T07:37:00.000Z,run_finished,,,,,,,,,,,,,,,,,,,0,1,,,,,,,,,
S14,5,2030-04-02T07:37:00.120Z,returned_to_code,9c4834a5-7029-4cc2-8562-f4d2595a6c65,3,,,,,37654,,,,,,,,,,,,,,,,,,,,,,
S13,5,2030-04-02T07:37:04.209Z,returned_to_code,65184ec2-b9d9-4809-a16b-74ff593dca6a,1,,,,,38542,,,,,,,,,,,,,,,,,,,,,,
S14,5,2030-04-02T07:37:05.028Z,level_reached,c2af6786-a288-4c77-80f5-89d71018b631,2,1,24944,,,,,,,,,,,,,,,,,,,,,,,,,
S14,5,2030-04-02T07:37:17.935Z,level_reached,c2af6786-a288-4c77-80f5-89d71018b631,3,1,37851,,,,,,,,,,,,,,,,,,,,,,,,,
S19,5,2030-04-02T07:37:34.141Z,returned_to_code,beaa0b03-978b-45b9-9c2a-82b16f7205f3,1,,,,,38333,,,,,,,,,,,,,,,,,,,,,,
S14,5,2030-04-02T07:37:41.574Z,returned_to_code,c2af6786-a288-4c77-80f5-89d71018b631,3,,,,,23639,,,,,,,,,,,,,,,,,,,,,,
S14,5,2030-04-02T07:37:44.075Z,post_feedback_edit,c2af6786-a288-4c77-80f5-89d71018b631,,,,,,,,0.507,1,,,,,,,,,,,,,,,,,,,
S14,5,2030-04-02T07:37:52.843Z,fix_undone,c2af6786-a288-4c77-80f5-89d71018b631,,,,,,,,,,,,,,,,,,,,,,,,,,,,
S14,5,2030-04-02T07:38:24.441Z,explanation_visibility,c2af6786-a288-4c77-80f5-89d71018b631,,,,24587,1,,,,,,,,,,,,,,,,,,,,,,,
S14,5,2030-04-02T07:38:50.278Z,level_reached,65574f15-f05b-4591-81bf-f8b3077e466d,2,1,15353,,,,,,,,,,,,,,,,,,,,,,,,,
S14,5,2030-04-02T07:39:04.380Z,level_reached,65574f15-f05b-4591-81bf-f8b3077e466d,3,1,29455,,,,,,,,,,,,,,,,,,,,,,,,,
S14,5,2030-04-02T07:39:11.612Z,post_feedback_edit,65574f15-f05b-4591-81bf-f8b3077e466d,,,,,,,,0.64,0,,,,,,,,,,,,,,,,,,,
S19,5,2030-04-02T07:39:23.188Z,explanation_visibility,beaa0b03-978b-45b9-9c2a-82b16f7205f3,,,,122362,1,,,,,,,,,,,,,,,,,,,,,,,
S24,5,2030-04-02T07:39:23.668Z,diagnostic_resolved,1faae4b1-4231-4886-93d4-fba9b8ca1fb2,,,,,,,,,,341977,418918,4,,,,,,,,,,,,,,,,
S14,5,2030-04-02T07:39:28.469Z,returned_to_code,65574f15-f05b-4591-81bf-f8b3077e466d,3,,,,,24089,,,,,,,,,,,,,,,,,,,,,,
S21,5,2030-04-02T07:39:40.376Z,explanation_visibility,34834718-65ec-444c-8c79-3d3a3a5b183d,,,,201309,1,,,,,,,,,,,,,,,,,,,,,,,
S14,5,2030-04-02T07:40:02.122Z,explanation_copied,65574f15-f05b-4591-81bf-f8b3077e466d,,,,,,,,,,,,,,,,,,,,,,,,,,,,
S14,5,2030-04-02T07:40:07.653Z,level_reached,1cf83d99-85cc-4dd2-a95b-6d54c7e2d88e,2,1,23937,,,,,,,,,,,,,,,,,,,,,,,,,
S14,5,2030-04-02T07:40:13.061Z,diagnostic_resolved,1cf83d99-85cc-4dd2-a95b-6d54c7e2d88e,,,,,,,,,,29345,70071,1,,,,,,,,,,,,,,,,
S13,5,2030-04-02T07:40:15.073Z,explanation_visibility,65184ec2-b9d9-4809-a16b-74ff593dca6a,,,,73710,1,,,,,,,,,,,,,,,,,,,,,,,
S14,5,2030-04-02T07:40:18.516Z,level_reached,1cf83d99-85cc-4dd2-a95b-6d54c7e2d88e,3,1,34800,,,,,,,,,,,,,,,,,,,,,,,,,
S17,5,2030-04-02T07:40:23.115Z,returned_to_code,d6a42979-594f-4811-9177-1533f32e0fc2,1,,,,,6580,,,,,,,,,,,,,,,,,,,,,,
S21,5,2030-04-02T07:40:33.334Z,diagnostic_resolved,34834718-65ec-444c-8c79-3d3a3a5b183d,,,,,,,,,,315947,385723,6,,,,,,,,,,,,,,,,
S14,5,2030-04-02T07:40:36.783Z,post_feedback_edit,1cf83d99-85cc-4dd2-a95b-6d54c7e2d88e,,,,,,,,0.659,0,,,,,,,,,,,,,,,,,,,
S14,5,2030-04-02T07:40:39.567Z,returned_to_code,1cf83d99-85cc-4dd2-a95b-6d54c7e2d88e,3,,,,,21051,,,,,,,,,,,,,,,,,,,,,,
S14,5,2030-04-02T07:41:04.831Z,level_reached,b33fea58-770a-49b7-80ec-faa7e4587954,2,1,17982,,,,,,,,,,,,,,,,,,,,,,,,,
S17,5,2030-04-02T07:41:07.800Z,explanation_visibility,d6a42979-594f-4811-9177-1533f32e0fc2,,,,8174,1,,,,,,,,,,,,,,,,,,,,,,,
S06,5,2030-04-02T07:41:12.879Z,returned_to_code,5da5910e-288b-4363-b473-f2b3bb1eb822,1,,,,,2869,,,,,,,,,,,,,,,,,,,,,,
S20,5,2030-04-02T07:41:19.700Z,level_reached,bf80af9b-b726-4549-b93e-5cd416b66765,2,1,12497,,,,,,,,,,,,,,,,,,,,,,,,,
S14,5,2030-04-02T07:41:21.404Z,diagnostic_resolved,b33fea58-770a-49b7-80ec-faa7e4587954,,,,,,,,,,34555,93990,5,,,,,,,,,,,,,,,,
S14,5,2030-04-02T07:41:24.358Z,level_reached,b33fea58-770a-49b7-80ec-faa7e4587954,3,1,37509,,,,,,,,,,,,,,,,,,,,,,,,,
S14,5,2030-04-02T07:41:24.794Z,explanation_visibility,9c4834a5-7029-4cc2-8562-f4d2595a6c65,,,,249226,1,,,,,,,,,,,,,,,,,,,,,,,
S05,5,2030-04-02T07:41:26.620Z,diagnostic_resolved,cf61709e-028d-4163-b0ca-8bd3ce8e12a4,,,,,,,,,,94418,162361,1,,,,,,,,,,,,,,,,
S20,5,2030-04-02T07:41:27.837Z,level_reached,bf80af9b-b726-4549-b93e-5cd416b66765,3,1,20634,,,,,,,,,,,,,,,,,,,,,,,,,
S20,5,2030-04-02T07:41:30.496Z,diagnostic_resolved,bf80af9b-b726-4549-b93e-5cd416b66765,,,,,,,,,,23293,34496,3,,,,,,,,,,,,,,,,
S20,5,2030-04-02T07:41:36.863Z,returned_to_code,bf80af9b-b726-4549-b93e-5cd416b66765,3,,,,,9026,,,,,,,,,,,,,,,,,,,,,,
S14,5,2030-04-02T07:41:42.681Z,returned_to_code,b33fea58-770a-49b7-80ec-faa7e4587954,3,,,,,18323,,,,,,,,,,,,,,,,,,,,,,
S24,5,2030-04-02T07:41:42.910Z,diagnostic_resolved,560cc4ac-5200-4faa-8b60-e57cfeb6a425,,,,,,,,,,29009,45908,3,,,,,,,,,,,,,,,,
S06,5,2030-04-02T07:41:57.985Z,explanation_visibility,5da5910e-288b-4363-b473-f2b3bb1eb822,,,,6934,0,,,,,,,,,,,,,,,,,,,,,,,
S18,5,2030-04-02T07:42:00.000Z,file_cleared,,,,,,,,,,,,,,lab5_strings.py,148796,14,3,0,,,,,,,,,,,
S08,5,2030-04-02T07:42:00.000Z,run_finished,,,,,,,,,,,,,,,,,,,0,1,,,,,,,,,
S24,5,2030-04-02T07:42:05.292Z,level_reached,560cc4ac-5200-4faa-8b60-e57cfeb6a425,2,1,51391,,,,,,,,,,,,,,,,,,,,,,,,,
S20,5,2030-04-02T07:42:40.980Z,explanation_visibility,bf80af9b-b726-4549-b93e-5cd416b66765,,,,50543,1,,,,,,,,,,,,,,,,,,,,,,,
S24,5,2030-04-02T07:42:57.749Z,level_reached,e7fe0238-4fd2-4803-af4c-1ada131d93f1,2,1,15152,,,,,,,,,,,,,,,,,,,,,,,,,
S17,5,2030-04-02T07:43:00.000Z,file_cleared,,,,,,,,,,,,,,lab5_strings.py,658078,3,1,0,,,,,,,,,,,
S18,5,2030-04-02T07:43:04.918Z,returned_to_code,c5f3d223-33f5-450b-90a1-f78ed8c67bd1,1,,,,,20545,,,,,,,,,,,,,,,,,,,,,,
S24,5,2030-04-02T07:43:06.042Z,returned_to_code,e7fe0238-4fd2-4803-af4c-1ada131d93f1,2,,,,,8293,,,,,,,,,,,,,,,,,,,,,,
S24,5,2030-04-02T07:43:15.494Z,level_reached,560cc4ac-5200-4faa-8b60-e57cfeb6a425,3,1,121593,,,,,,,,,,,,,,,,,,,,,,,,,
S14,5,2030-04-02T07:43:32.393Z,explanation_visibility,1cf83d99-85cc-4dd2-a95b-6d54c7e2d88e,,,,75013,1,,,,,,,,,,,,,,,,,,,,,,,
S05,5,2030-04-02T07:43:39.626Z,explanation_visibility,cf61709e-028d-4163-b0ca-8bd3ce8e12a4,,,,80137,1,,,,,,,,,,,,,,,,,,,,,,,
S25,5,2030-04-02T07:44:00.000Z,file_cleared,,,,,,,,,,,,,,lab5_strings.py,380684,15,4,0,,,,,,,,,,,
S08,5,2030-04-02T07:44:00.000Z,file_cleared,,,,,,,,,,,,,,lab5_strings.py,745679,10,2,2,,,,,,,,,,,
S08,5,2030-04-02T07:44:22.037Z,returned_to_code,aec15420-5999-48c8-baa5-baccbfb56da8,1,,,,,4238,,,,,,,,,,,,,,,,,,,,,,
S19,5,2030-04-02T07:44:40.501Z,diagnostic_resolved,2785b6ac-a30d-4464-8f6e-e7a8066b64c4,,,,,,,,,,63291,72066,5,,,,,,,,,,,,,,,,
S14,5,2030-04-02T07:44:41.221Z,explanation_visibility,65574f15-f05b-4591-81bf-f8b3077e466d,,,,271761,1,,,,,,,,,,,,,,,,,,,,,,,
S18,5,2030-04-02T07:44:45.773Z,explanation_visibility,c5f3d223-33f5-450b-90a1-f78ed8c67bd1,,,,63152,1,,,,,,,,,,,,,,,,,,,,,,,
S19,5,2030-04-02T07:44:46.164Z,returned_to_code,2785b6ac-a30d-4464-8f6e-e7a8066b64c4,1,,,,,68954,,,,,,,,,,,,,,,,,,,,,,
S14,5,2030-04-02T07:44:48.794Z,explanation_visibility,b33fea58-770a-49b7-80ec-faa7e4587954,,,,210537,1,,,,,,,,,,,,,,,,,,,,,,,
S10,5,2030-04-02T07:45:00.000Z,question_picker_abandoned,,,,,,,,,,,,,,,,,,,,,preset,selection_keybinding,9,315,,,,,
S01,5,2030-04-02T07:45:10.974Z,explanation_visibility,82b0db39-302e-4991-8c75-60615eccafb2,,,,38538,1,,,,,,,,,,,,,,,,,,,,,,,
S19,5,2030-04-02T07:45:20.676Z,explanation_visibility,2785b6ac-a30d-4464-8f6e-e7a8066b64c4,,,,40381,1,,,,,,,,,,,,,,,,,,,,,,,
S24,5,2030-04-02T07:45:47.189Z,explanation_visibility,e7fe0238-4fd2-4803-af4c-1ada131d93f1,,,,76618,1,,,,,,,,,,,,,,,,,,,,,,,
S01,5,2030-04-02T07:45:59.055Z,diagnostic_resolved,82b0db39-302e-4991-8c75-60615eccafb2,,,,,,,,,,140694,150376,4,,,,,,,,,,,,,,,,
S10,5,2030-04-02T07:45:59.246Z,level_reached,d2be0176-7dc5-4846-a1f6-b11a9c6d3ce7,2,1,33851,,,,,,,,,,,,,,,,,,,,,,,,,
S24,5,2030-04-02T07:46:12.791Z,diagnostic_resolved,e7fe0238-4fd2-4803-af4c-1ada131d93f1,,,,,,,,,,210194,316447,6,,,,,,,,,,,,,,,,
S10,5,2030-04-02T07:46:25.050Z,level_reached,d2be0176-7dc5-4846-a1f6-b11a9c6d3ce7,3,1,59655,,,,,,,,,,,,,,,,,,,,,,,,,
S10,5,2030-04-02T07:46:34.879Z,post_feedback_edit,d2be0176-7dc5-4846-a1f6-b11a9c6d3ce7,,,,,,,,0.589,0,,,,,,,,,,,,,,,,,,,
S14,5,2030-04-02T07:46:46.788Z,level_reached,ae3d8997-aad7-4a82-8634-70608a11acdf,2,1,5661,,,,,,,,,,,,,,,,,,,,,,,,,
S08,5,2030-04-02T07:46:48.958Z,explanation_visibility,aec15420-5999-48c8-baa5-baccbfb56da8,,,,28960,1,,,,,,,,,,,,,,,,,,,,,,,
S10,5,2030-04-02T07:46:49.874Z,returned_to_code,d2be0176-7dc5-4846-a1f6-b11a9c6d3ce7,3,,,,,24824,,,,,,,,,,,,,,,,,,,,,,
S10,5,2030-04-02T07:46:55.028Z,explanation_visibility,d2be0176-7dc5-4846-a1f6-b11a9c6d3ce7,,,,16399,1,,,,,,,,,,,,,,,,,,,,,,,
S14,5,2030-04-02T07:46:56.308Z,returned_to_code,ae3d8997-aad7-4a82-8634-70608a11acdf,2,,,,,9520,,,,,,,,,,,,,,,,,,,,,,
S10,5,2030-04-02T07:47:22.318Z,fix_undone,d2be0176-7dc5-4846-a1f6-b11a9c6d3ce7,,,,,,,,,,,,,,,,,,,,,,,,,,,,
S14,5,2030-04-02T07:47:55.806Z,explanation_visibility,ae3d8997-aad7-4a82-8634-70608a11acdf,,,,7035,1,,,,,,,,,,,,,,,,,,,,,,,
S10,5,2030-04-02T07:47:59.251Z,diagnostic_resolved,d2be0176-7dc5-4846-a1f6-b11a9c6d3ce7,,,,,,,,,,153856,175208,5,,,,,,,,,,,,,,,,
S06,5,2030-04-02T07:48:33.435Z,level_reached,fe508fda-7451-48a7-8c0b-d2bc33436fa5,2,1,20327,,,,,,,,,,,,,,,,,,,,,,,,,
S06,5,2030-04-02T07:49:13.108Z,level_reached,fe508fda-7451-48a7-8c0b-d2bc33436fa5,3,1,60000,,,,,,,,,,,,,,,,,,,,,,,,,
S06,5,2030-04-02T07:49:34.126Z,returned_to_code,fe508fda-7451-48a7-8c0b-d2bc33436fa5,3,,,,,21018,,,,,,,,,,,,,,,,,,,,,,
S05,5,2030-04-02T07:49:52.202Z,feedback_abandoned,cf61709e-028d-4163-b0ca-8bd3ce8e12a4,1,,,,,,timeout,,,,,,,,,,,,,,,,,,,,,
S21,5,2030-04-02T07:50:29.692Z,level_reached,3de89f3b-9788-4a28-8992-cd725ab473f0,2,1,69590,,,,,,,,,,,,,,,,,,,,,,,,,
S21,5,2030-04-02T07:50:36.059Z,level_reached,3de89f3b-9788-4a28-8992-cd725ab473f0,3,1,75957,,,,,,,,,,,,,,,,,,,,,,,,,
S06,5,2030-04-02T07:50:56.521Z,explanation_visibility,fe508fda-7451-48a7-8c0b-d2bc33436fa5,,,,146850,1,,,,,,,,,,,,,,,,,,,,,,,
S04,5,2030-04-02T07:50:56.797Z,returned_to_code,7c428258-7b94-4b1a-bb4e-c33579614d95,1,,,,,23226,,,,,,,,,,,,,,,,,,,,,,
S21,5,2030-04-02T07:50:58.370Z,returned_to_code,3de89f3b-9788-4a28-8992-cd725ab473f0,3,,,,,22311,,,,,,,,,,,,,,,,,,,,,,
S06,5,2030-04-02T07:51:21.388Z,post_feedback_edit,fe508fda-7451-48a7-8c0b-d2bc33436fa5,,,,,,,,0.284,0,,,,,,,,,,,,,,,,,,,
S04,5,2030-04-02T07:51:46.215Z,explanation_visibility,7c428258-7b94-4b1a-bb4e-c33579614d95,,,,59861,1,,,,,,,,,,,,,,,,,,,,,,,
S21,5,2030-04-02T07:51:58.974Z,post_feedback_edit,3de89f3b-9788-4a28-8992-cd725ab473f0,,,,,,,,0.441,10,,,,,,,,,,,,,,,,,,,
S14,5,2030-04-02T07:52:00.000Z,file_cleared,,,,,,,,,,,,,,lab5_strings.py,66359,12,3,1,,,,,,,,,,,
S23,5,2030-04-02T07:52:00.000Z,file_cleared,,,,,,,,,,,,,,lab5_strings.py,147233,12,1,0,,,,,,,,,,,
S14,5,2030-04-02T07:52:33.349Z,diagnostic_resolved,ae3d8997-aad7-4a82-8634-70608a11acdf,,,,,,,,,,352222,388549,4,,,,,,,,,,,,,,,,
S12,5,2030-04-02T07:52:38.512Z,level_reached,b9dc195b-d682-4725-a749-9edb46f3eb52,2,1,6026,,,,,,,,,,,,,,,,,,,,,,,,,
S07,5,2030-04-02T07:53:00.000Z,file_cleared,,,,,,,,,,,,,,lab5_strings.py,729495,16,3,0,,,,,,,,,,,
S12,5,2030-04-02T07:53:07.488Z,returned_to_code,b9dc195b-d682-4725-a749-9edb46f3eb52,2,,,,,28976,,,,,,,,,,,,,,,,,,,,,,
S24,5,2030-04-02T07:53:15.494Z,feedback_abandoned,560cc4ac-5200-4faa-8b60-e57cfeb6a425,3,,,,,,timeout,,,,,,,,,,,,,,,,,,,,,
S01,5,2030-04-02T07:53:38.361Z,feedback_abandoned,82b0db39-302e-4991-8c75-60615eccafb2,1,,,,,,timeout,,,,,,,,,,,,,,,,,,,,,
S21,5,2030-04-02T07:53:55.168Z,explanation_visibility,3de89f3b-9788-4a28-8992-cd725ab473f0,,,,59754,1,,,,,,,,,,,,,,,,,,,,,,,
S18,5,2030-04-02T07:54:00.000Z,file_cleared,,,,,,,,,,,,,,lab5_strings.py,194037,11,2,0,,,,,,,,,,,
S05,5,2030-04-02T07:54:14.573Z,level_reached,d13ad65d-8b34-4011-80aa-2db0bd980f5f,2,1,4177,,,,,,,,,,,,,,,,,,,,,,,,,
S05,5,2030-04-02T07:54:19.605Z,level_reached,d13ad65d-8b34-4011-80aa-2db0bd980f5f,3,1,9209,,,,,,,,,,,,,,,,,,,,,,,,,
S05,5,2030-04-02T07:54:26.850Z,returned_to_code,d13ad65d-8b34-4011-80aa-2db0bd980f5f,3,,,,,7245,,,,,,,,,,,,,,,,,,,,,,
S23,5,2030-04-02T07:54:41.999Z,level_reached,8a39bf21-6e61-48ac-bcd4-5e5cf19dcd79,2,1,15584,,,,,,,,,,,,,,,,,,,,,,,,,
S10,5,2030-04-02T07:55:00.000Z,file_cleared,,,,,,,,,,,,,,lab5_strings.py,340988,20,5,2,,,,,,,,,,,
S18,5,2030-04-02T07:55:06.934Z,returned_to_code,83a73564-d1ac-49b0-b4a7-2149c092e264,1,,,,,8611,,,,,,,,,,,,,,,,,,,,,,
S23,5,2030-04-02T07:55:11.875Z,level_reached,8a39bf21-6e61-48ac-bcd4-5e5cf19dcd79,3,1,45460,,,,,,,,,,,,,,,,,,,,,,,,,
S23,5,2030-04-02T07:55:32.363Z,diagnostic_resolved,8a39bf21-6e61-48ac-bcd4-5e5cf19dcd79,,,,,,,,,,65948,85945,7,,,,,,,,,,,,,,,,
S23,5,2030-04-02T07:55:49.423Z,explanation_visibility,8a39bf21-6e61-48ac-bcd4-5e5cf19dcd79,,,,54635,1,,,,,,,,,,,,,,,,,,,,,,,
S10,5,2030-04-02T07:55:56.563Z,returned_to_code,946c1a38-8da9-4c55-8a3a-579255af8a79,1,,,,,8264,,,,,,,,,,,,,,,,,,,,,,
S23,5,2030-04-02T07:56:00.973Z,returned_to_code,8a39bf21-6e61-48ac-bcd4-5e5cf19dcd79,3,,,,,49098,,,,,,,,,,,,,,,,,,,,,,
S10,5,2030-04-02T07:56:26.580Z,diagnostic_resolved,946c1a38-8da9-4c55-8a3a-579255af8a79,,,,,,,,,,38281,231749,6,,,,,,,,,,,,,,,,
S19,5,2030-04-02T07:56:42.856Z,returned_to_code,811375cc-b055-4a06-ae10-8ae11944e960,1,,,,,11351,,,,,,,,,,,,,,,,,,,,,,
S08,5,2030-04-02T07:56:56.439Z,returned_to_code,24d22cc8-a177-4e6f-a585-f2fa1c93d244,1,,,,,6143,,,,,,,,,,,,,,,,,,,,,,
S16,5,2030-04-02T07:57:00.000Z,file_cleared,,,,,,,,,,,,,,lab5_strings.py,503616,11,3,1,,,,,,,,,,,
S12,5,2030-04-02T07:57:05.077Z,explanation_visibility,b9dc195b-d682-4725-a749-9edb46f3eb52,,,,195803,1,,,,,,,,,,,,,,,,,,,,,,,
S08,5,2030-04-02T07:57:37.993Z,explanation_visibility,24d22cc8-a177-4e6f-a585-f2fa1c93d244,,,,14725,0,,,,,,,,,,,,,,,,,,,,,,,
S21,5,2030-04-02T07:58:00.000Z,file_cleared,,,,,,,,,,,,,,lab5_strings.py,308605,15,5,2,,,,,,,,,,,
S16,5,2030-04-02T07:58:00.000Z,file_cleared,,,,,,,,,,,,,,lab5_strings.py,2077634,16,4,0,,,,,,,,,,,
S08,5,2030-04-02T07:58:05.352Z,diagnostic_resolved,24d22cc8-a177-4e6f-a585-f2fa1c93d244,,,,,,,,,,75056,137534,5,,,,,,,,,,,,,,,,
S09,5,2030-04-02T07:58:10.137Z,returned_to_code,1fea8c46-2586-46b5-ba31-d24eb968289e,1,,,,,17805,,,,,,,,,,,,,,,,,,,,,,
S05,5,2030-04-02T07:58:50.686Z,explanation_visibility,d13ad65d-8b34-4011-80aa-2db0bd980f5f,,,,267587,1,,,,,,,,,,,,,,,,,,,,,,,
S18,5,2030-04-02T07:59:36.194Z,explanation_visibility,83a73564-d1ac-49b0-b4a7-2149c092e264,,,,46230,1,,,,,,,,,,,,,,,,,,,,,,,
S19,5,2030-04-02T07:59:47.607Z,explanation_visibility,811375cc-b055-4a06-ae10-8ae11944e960,,,,66734,1,,,,,,,,,,,,,,,,,,,,,,,
S09,5,2030-04-02T08:00:18.656Z,explanation_visibility,1fea8c46-2586-46b5-ba31-d24eb968289e,,,,41953,1,,,,,,,,,,,,,,,,,,,,,,,
S08,5,2030-04-02T08:02:00.000Z,file_cleared,,,,,,,,,,,,,,lab5_strings.py,166684,23,4,0,,,,,,,,,,,
S21,5,2030-04-02T08:02:00.000Z,file_cleared,,,,,,,,,,,,,,lab5_strings.py,233767,14,4,3,,,,,,,,,,,
S09,5,2030-04-02T08:03:33.715Z,explanation_copied,a428873e-ceed-4541-9176-e7e9757f7d84,L0,,,,,,,,,,,,,,,,,,,,,,,,,,,
S09,5,2030-04-02T08:03:37.649Z,returned_to_code,a428873e-ceed-4541-9176-e7e9757f7d84,1,,,,,31268,,,,,,,,,,,,,,,,,,,,,,
S09,5,2030-04-02T08:04:47.529Z,explanation_visibility,a428873e-ceed-4541-9176-e7e9757f7d84,,,,33403,1,,,,,,,,,,,,,,,,,,,,,,,
S21,5,2030-04-02T08:05:00.000Z,file_cleared,,,,,,,,,,,,,,lab5_strings.py,952478,24,5,2,,,,,,,,,,,
S21,5,2030-04-02T08:06:26.714Z,returned_to_code,aac5837f-d3d9-47b7-b4cb-9b605cce1846,1,,,,,2201,,,,,,,,,,,,,,,,,,,,,,
S09,5,2030-04-02T08:07:00.000Z,file_cleared,,,,,,,,,,,,,,lab5_strings.py,760157,15,4,1,,,,,,,,,,,
S14,5,2030-04-02T08:07:00.000Z,file_cleared,,,,,,,,,,,,,,lab5_strings.py,285429,9,2,1,,,,,,,,,,,
S21,5,2030-04-02T08:07:52.402Z,explanation_visibility,aac5837f-d3d9-47b7-b4cb-9b605cce1846,,,,58707,1,,,,,,,,,,,,,,,,,,,,,,,
S23,5,2030-04-02T08:07:59.057Z,returned_to_code,9527e225-2793-468a-916e-f7c657257b32,1,,,,,21486,,,,,,,,,,,,,,,,,,,,,,
S08,5,2030-04-02T08:08:00.000Z,file_cleared,,,,,,,,,,,,,,lab5_strings.py,659782,16,2,0,,,,,,,,,,,
S23,5,2030-04-02T08:08:39.362Z,explanation_visibility,9527e225-2793-468a-916e-f7c657257b32,,,,33597,0,,,,,,,,,,,,,,,,,,,,,,,
S14,5,2030-04-02T08:08:47.348Z,level_reached,394d1e66-9294-46be-a947-a0ae0ecef20a,2,1,2220,,,,,,,,,,,,,,,,,,,,,,,,,
S14,5,2030-04-02T08:08:49.700Z,level_reached,394d1e66-9294-46be-a947-a0ae0ecef20a,3,1,4572,,,,,,,,,,,,,,,,,,,,,,,,,
S20,5,2030-04-02T08:08:58.269Z,returned_to_code,4d08b570-5db8-460b-8a8d-c01d7ec15d34,1,,,,,17045,,,,,,,,,,,,,,,,,,,,,,
S20,5,2030-04-02T08:09:00.259Z,level_reached,074cc5a4-314e-4dbe-aad6-6c88d515385b,2,1,7658,,,,,,,,,,,,,,,,,,,,,,,,,
S07,5,2030-04-02T08:09:02.954Z,request_failed,,,,,,,,,,,,,,,,,,,,,,,,,backend,provider_error,,,
S14,5,2030-04-02T08:09:12.833Z,post_feedback_edit,394d1e66-9294-46be-a947-a0ae0ecef20a,,,,,,,,0.541,0,,,,,,,,,,,,,,,,,,,
S20,5,2030-04-02T08:09:14.420Z,level_reached,074cc5a4-314e-4dbe-aad6-6c88d515385b,3,1,21819,,,,,,,,,,,,,,,,,,,,,,,,,
S14,5,2030-04-02T08:09:19.272Z,diagnostic_resolved,394d1e66-9294-46be-a947-a0ae0ecef20a,,,,,,,,,,34144,48185,7,,,,,,,,,,,,,,,,
S20,5,2030-04-02T08:09:27.416Z,returned_to_code,074cc5a4-314e-4dbe-aad6-6c88d515385b,3,,,,,12996,,,,,,,,,,,,,,,,,,,,,,
S20,5,2030-04-02T08:09:51.494Z,diagnostic_resolved,074cc5a4-314e-4dbe-aad6-6c88d515385b,,,,,,,,,,58893,132187,5,,,,,,,,,,,,,,,,
S24,5,2030-04-02T08:09:59.474Z,explanation_visibility,b1260769-13ab-4058-ad9b-7bdd983f59ff,,,,12897,0,,,,,,,,,,,,,,,,,,,,,,,
S24,5,2030-04-02T08:10:00.000Z,run_finished,,,,,,,,,,,,,,,,,,,0,1,,,,,,,,,
S24,5,2030-04-02T08:10:00.762Z,diagnostic_resolved,b1260769-13ab-4058-ad9b-7bdd983f59ff,,,,,,,,,,168136,192191,4,,,,,,,,,,,,,,,,
S14,5,2030-04-02T08:10:08.612Z,returned_to_code,394d1e66-9294-46be-a947-a0ae0ecef20a,3,,,,,78912,,,,,,,,,,,,,,,,,,,,,,
S02,5,2030-04-02T08:11:00.000Z,file_cleared,,,,,,,,,,,,,,lab5_strings.py,420895,20,5,1,,,,,,,,,,,
S23,5,2030-04-02T08:11:00.000Z,question_picker_abandoned,,,,,,,,,,,,,,,,,,,,,preset,selection_codelens,14,504,,,,,
S09,5,2030-04-02T08:11:02.957Z,diagnostic_resolved,1fea8c46-2586-46b5-ba31-d24eb968289e,,,,,,,,,,790625,800415,2,,,,,,,,,,,,,,,,
S14,5,2030-04-02T08:11:06.712Z,returned_to_code,7224cd6f-318f-4058-bc16-ca82e9625099,1,,,,,33339,,,,,,,,,,,,,,,,,,,,,,
S02,5,2030-04-02T08:11:48.946Z,level_reached,789a9852-9ed9-4feb-b7f8-e6f81e9647c8,2,1,23774,,,,,,,,,,,,,,,,,,,,,,,,,
S20,5,2030-04-02T08:12:23.792Z,explanation_visibility,074cc5a4-314e-4dbe-aad6-6c88d515385b,,,,121382,1,,,,,,,,,,,,,,,,,,,,,,,
S14,5,2030-04-02T08:12:38.963Z,explanation_copied,7224cd6f-318f-4058-bc16-ca82e9625099,L2,,,,,,,,,,,,,,,,,,,,,,,,,,,
S19,5,2030-04-02T08:13:00.000Z,file_cleared,,,,,,,,,,,,,,lab5_strings.py,295326,7,1,0,,,,,,,,,,,
S14,5,2030-04-02T08:13:16.493Z,explanation_visibility,394d1e66-9294-46be-a947-a0ae0ecef20a,,,,52513,0,,,,,,,,,,,,,,,,,,,,,,,
S02,5,2030-04-02T08:13:43.948Z,explanation_visibility,789a9852-9ed9-4feb-b7f8-e6f81e9647c8,,,,14520,1,,,,,,,,,,,,,,,,,,,,,,,
S25,5,2030-04-02T08:14:00.000Z,file_cleared,,,,,,,,,,,,,,lab5_strings.py,819960,11,1,0,,,,,,,,,,,
S17,5,2030-04-02T08:14:00.000Z,file_cleared,,,,,,,,,,,,,,lab5_strings.py,896954,10,2,0,,,,,,,,,,,
S14,5,2030-04-02T08:14:34.311Z,explanation_visibility,7224cd6f-318f-4058-bc16-ca82e9625099,,,,148524,1,,,,,,,,,,,,,,,,,,,,,,,
S23,5,2030-04-02T08:14:52.318Z,level_reached,5224499d-4ec8-4f42-af74-305f652c9b41,2,1,19075,,,,,,,,,,,,,,,,,,,,,,,,,
S23,5,2030-04-02T08:15:04.273Z,diagnostic_resolved,5224499d-4ec8-4f42-af74-305f652c9b41,,,,,,,,,,31030,85228,7,,,,,,,,,,,,,,,,
S14,5,2030-04-02T08:15:37.815Z,level_reached,e42d1557-b8a6-4ef0-a59d-87fa0a251a73,2,1,75131,,,,,,,,,,,,,,,,,,,,,,,,,
S14,5,2030-04-02T08:15:41.913Z,level_reached,e42d1557-b8a6-4ef0-a59d-87fa0a251a73,3,1,79229,,,,,,,,,,,,,,,,,,,,,,,,,
S14,5,2030-04-02T08:15:49.971Z,returned_to_code,e42d1557-b8a6-4ef0-a59d-87fa0a251a73,3,,,,,8058,,,,,,,,,,,,,,,,,,,,,,
S14,5,2030-04-02T08:15:50.682Z,explanation_visibility,e42d1557-b8a6-4ef0-a59d-87fa0a251a73,,,,4450,0,,,,,,,,,,,,,,,,,,,,,,,
S14,5,2030-04-02T08:16:00.301Z,post_feedback_edit,e42d1557-b8a6-4ef0-a59d-87fa0a251a73,,,,,,,,1,0,,,,,,,,,,,,,,,,,,,
S14,5,2030-04-02T08:16:03.062Z,diagnostic_resolved,7224cd6f-318f-4058-bc16-ca82e9625099,,,,,,,,,,329689,400668,7,,,,,,,,,,,,,,,,
S23,5,2030-04-02T08:16:04.438Z,level_reached,5224499d-4ec8-4f42-af74-305f652c9b41,3,1,91195,,,,,,,,,,,,,,,,,,,,,,,,,
S23,5,2030-04-02T08:16:16.877Z,post_feedback_edit,5224499d-4ec8-4f42-af74-305f652c9b41,,,,,,,,0.47,9,,,,,,,,,,,,,,,,,,,
S23,5,2030-04-02T08:16:27.022Z,returned_to_code,5224499d-4ec8-4f42-af74-305f652c9b41,3,,,,,22584,,,,,,,,,,,,,,,,,,,,,,
S01,5,2030-04-02T08:17:00.000Z,run_finished,,,,,,,,,,,,,,,,,,,1,0,,,,,,,,,
S24,5,2030-04-02T08:17:12.626Z,feedback_abandoned,b1260769-13ab-4058-ad9b-7bdd983f59ff,1,,,,,,timeout,,,,,,,,,,,,,,,,,,,,,
S24,5,2030-04-02T08:17:42.076Z,level_reached,dc4f0820-68d0-45d6-923a-105a5de44a89,2,1,10428,,,,,,,,,,,,,,,,,,,,,,,,,
S16,5,2030-04-02T08:18:00.000Z,file_cleared,,,,,,,,,,,,,,lab5_strings.py,140878,22,4,1,,,,,,,,,,,
S19,5,2030-04-02T08:18:00.000Z,file_cleared,,,,,,,,,,,,,,lab5_strings.py,131645,16,2,0,,,,,,,,,,,
S24,5,2030-04-02T08:18:04.692Z,level_reached,dc4f0820-68d0-45d6-923a-105a5de44a89,3,1,33044,,,,,,,,,,,,,,,,,,,,,,,,,
S24,5,2030-04-02T08:18:13.054Z,post_feedback_edit,dc4f0820-68d0-45d6-923a-105a5de44a89,,,,,,,,0.164,0,,,,,,,,,,,,,,,,,,,
S24,5,2030-04-02T08:18:17.017Z,returned_to_code,dc4f0820-68d0-45d6-923a-105a5de44a89,3,,,,,12325,,,,,,,,,,,,,,,,,,,,,,
S24,5,2030-04-02T08:18:35.247Z,explanation_visibility,dc4f0820-68d0-45d6-923a-105a5de44a89,,,,8395,0,,,,,,,,,,,,,,,,,,,,,,,
S23,5,2030-04-02T08:18:35.814Z,explanation_visibility,5224499d-4ec8-4f42-af74-305f652c9b41,,,,32639,1,,,,,,,,,,,,,,,,,,,,,,,
S20,5,2030-04-02T08:18:40.122Z,diagnostic_resolved,4d08b570-5db8-460b-8a8d-c01d7ec15d34,,,,,,,,,,598898,652210,4,,,,,,,,,,,,,,,,
S21,5,2030-04-02T08:19:27.616Z,returned_to_code,64ed7fb5-36db-4d6b-ac41-91a4156ffa1d,1,,,,,16564,,,,,,,,,,,,,,,,,,,,,,
S21,5,2030-04-02T08:21:00.000Z,file_cleared,,,,,,,,,,,,,,lab5_strings.py,173013,17,3,3,,,,,,,,,,,
S02,5,2030-04-02T08:21:48.946Z,feedback_abandoned,789a9852-9ed9-4feb-b7f8-e6f81e9647c8,2,,,,,,timeout,,,,,,,,,,,,,,,,,,,,,
S20,5,2030-04-02T08:22:00.000Z,file_cleared,,,,,,,,,,,,,,lab5_strings.py,243360,16,4,3,,,,,,,,,,,
S09,5,2030-04-02T08:22:00.000Z,file_cleared,,,,,,,,,,,,,,lab5_strings.py,1017977,17,4,0,,,,,,,,,,,
S05,5,2030-04-02T08:22:34.163Z,returned_to_code,7444083c-9efe-42a0-bbf3-0a74a53b7a43,1,,,,,29125,,,,,,,,,,,,,,,,,,,,,,
S02,5,2030-04-02T08:22:41.391Z,level_reached,42aae393-791d-4515-b68d-d7f8d6473320,2,1,12443,,,,,,,,,,,,,,,,,,,,,,,,,
S21,5,2030-04-02T08:22:47.396Z,explanation_visibility,64ed7fb5-36db-4d6b-ac41-91a4156ffa1d,,,,14399,1,,,,,,,,,,,,,,,,,,,,,,,
S14,5,2030-04-02T08:22:58.634Z,level_reached,17ba3eca-fc32-490f-b19f-676871be2a47,2,1,9997,,,,,,,,,,,,,,,,,,,,,,,,,
S14,5,2030-04-02T08:23:13.379Z,diagnostic_resolved,17ba3eca-fc32-490f-b19f-676871be2a47,,,,,,,,,,24742,32167,3,,,,,,,,,,,,,,,,
S02,5,2030-04-02T08:23:13.721Z,returned_to_code,42aae393-791d-4515-b68d-d7f8d6473320,2,,,,,32330,,,,,,,,,,,,,,,,,,,,,,
S14,5,2030-04-02T08:23:17.566Z,level_reached,17ba3eca-fc32-490f-b19f-676871be2a47,3,1,28929,,,,,,,,,,,,,,,,,,,,,,,,,
S07,5,2030-04-02T08:23:23.702Z,level_reached,418caaa5-f861-43c8-9e2a-a45c72985651,2,1,12890,,,,,,,,,,,,,,,,,,,,,,,,,
S14,5,2030-04-02T08:23:34.539Z,returned_to_code,17ba3eca-fc32-490f-b19f-676871be2a47,3,,,,,16973,,,,,,,,,,,,,,,,,,,,,,
S07,5,2030-04-02T08:23:46.472Z,level_reached,418caaa5-f861-43c8-9e2a-a45c72985651,3,1,35660,,,,,,,,,,,,,,,,,,,,,,,,,
S07,5,2030-04-02T08:23:53.565Z,returned_to_code,418caaa5-f861-43c8-9e2a-a45c72985651,3,,,,,7093,,,,,,,,,,,,,,,,,,,,,,
S09,5,2030-04-02T08:24:00.000Z,run_finished,,,,,,,,,,,,,,,,,,,0,1,,,,,,,,,
S07,5,2030-04-02T08:24:06.843Z,post_feedback_edit,418caaa5-f861-43c8-9e2a-a45c72985651,,,,,,,,0.777,0,,,,,,,,,,,,,,,,,,,
S14,5,2030-04-02T08:24:25.823Z,explanation_visibility,17ba3eca-fc32-490f-b19f-676871be2a47,,,,23646,0,,,,,,,,,,,,,,,,,,,,,,,
S21,5,2030-04-02T08:24:39.229Z,returned_to_code,7eadb5ab-75e3-4e1a-96d4-41f82ec491fe,1,,,,,60074,,,,,,,,,,,,,,,,,,,,,,
S21,5,2030-04-02T08:24:46.149Z,explanation_visibility,7eadb5ab-75e3-4e1a-96d4-41f82ec491fe,,,,48115,1,,,,,,,,,,,,,,,,,,,,,,,
S07,5,2030-04-02T08:24:47.233Z,explanation_visibility,418caaa5-f861-43c8-9e2a-a45c72985651,,,,38817,1,,,,,,,,,,,,,,,,,,,,,,,
S17,5,2030-04-02T08:24:48.034Z,returned_to_code,bb856eca-81cd-443f-8fd2-d010eb9747a7,1,,,,,62840,,,,,,,,,,,,,,,,,,,,,,
S05,5,2030-04-02T08:25:15.083Z,explanation_visibility,7444083c-9efe-42a0-bbf3-0a74a53b7a43,,,,155729,1,,,,,,,,,,,,,,,,,,,,,,,
S17,5,2030-04-02T08:25:29.284Z,diagnostic_resolved,bb856eca-81cd-443f-8fd2-d010eb9747a7,,,,,,,,,,104090,108543,3,,,,,,,,,,,,,,,,
S07,5,2030-04-02T08:26:43.712Z,diagnostic_resolved,418caaa5-f861-43c8-9e2a-a45c72985651,,,,,,,,,,212900,264743,4,,,,,,,,,,,,,,,,
S05,5,2030-04-02T08:27:00.000Z,question_picker_abandoned,,,,,,,,,,,,,,,,,,,,,preset,selection_lightbulb,1,24,,,,,
S15,5,2030-04-02T08:27:12.922Z,returned_to_code,89c3e444-057f-4cf0-903e-3e55ea036044,1,,,,,5386,,,,,,,,,,,,,,,,,,,,,,
S07,5,2030-04-02T08:27:47.746Z,returned_to_code,d3c1149d-12cb-4a29-8a14-be58f0411935,1,,,,,7739,,,,,,,,,,,,,,,,,,,,,,
S15,5,2030-04-02T08:28:21.321Z,diagnostic_resolved,89c3e444-057f-4cf0-903e-3e55ea036044,,,,,,,,,,73785,131640,5,,,,,,,,,,,,,,,,
S14,5,2030-04-02T08:28:37.893Z,level_reached,a2bdb1c9-71bd-4890-bc11-4d6bc89094bf,2,1,40315,,,,,,,,,,,,,,,,,,,,,,,,,
S14,5,2030-04-02T08:28:44.413Z,explanation_visibility,a2bdb1c9-71bd-4890-bc11-4d6bc89094bf,,,,7771,0,,,,,,,,,,,,,,,,,,,,,,,
S06,5,2030-04-02T08:28:45.450Z,returned_to_code,88cabb87-7d01-4380-aea5-f9907323a65c,1,,,,,19188,,,,,,,,,,,,,,,,,,,,,,
S24,5,2030-04-02T08:28:59.672Z,explanation_visibility,68e723cf-81fe-49fb-b95d-c85fac7fb746,,,,111774,1,,,,,,,,,,,,,,,,,,,,,,,
S11,5,2030-04-02T08:29:00.000Z,file_cleared,,,,,,,,,,,,,,lab5_strings.py,514077,22,4,0,,,,,,,,,,,
S23,5,2030-04-02T08:29:00.000Z,run_finished,,,,,,,,,,,,,,,,,,,0,1,,,,,,,,,
S23,5,2030-04-02T08:29:09.090Z,returned_to_code,52274438-a089-40e8-af46-1573262b84eb,1,,,,,16496,,,,,,,,,,,,,,,,,,,,,,
S07,5,2030-04-02T08:29:18.231Z,explanation_visibility,d3c1149d-12cb-4a29-8a14-be58f0411935,,,,20439,0,,,,,,,,,,,,,,,,,,,,,,,
S14,5,2030-04-02T08:29:22.699Z,level_reached,a2bdb1c9-71bd-4890-bc11-4d6bc89094bf,3,1,85121,,,,,,,,,,,,,,,,,,,,,,,,,
S06,5,2030-04-02T08:29:23.437Z,diagnostic_resolved,88cabb87-7d01-4380-aea5-f9907323a65c,,,,,,,,,,57175,111406,3,,,,,,,,,,,,,,,,
S06,5,2030-04-02T08:29:36.116Z,explanation_copied,88cabb87-7d01-4380-aea5-f9907323a65c,,,,,,,,,,,,,,,,,,,,,,,,,,,,
S14,5,2030-04-02T08:29:57.662Z,returned_to_code,f8f1bd30-466e-43f5-a7e3-f10d8b47bbd7,1,,,,,25720,,,,,,,,,,,,,,,,,,,,,,
S20,5,2030-04-02T08:30:00.000Z,file_cleared,,,,,,,,,,,,,,lab5_strings.py,243258,26,5,3,,,,,,,,,,,
S01,5,2030-04-02T08:30:00.000Z,file_cleared,,,,,,,,,,,,,,lab5_strings.py,169585,10,1,1,,,,,,,,,,,
S13,5,2030-04-02T08:30:00.000Z,file_cleared,,,,,,,,,,,,,,lab5_strings.py,75454,20,5,1,,,,,,,,,,,
S14,5,2030-04-02T08:30:13.881Z,explanation_visibility,f8f1bd30-466e-43f5-a7e3-f10d8b47bbd7,,,,32730,1,,,,,,,,,,,,,,,,,,,,,,,
S14,5,2030-04-02T08:30:33.905Z,returned_to_code,a2bdb1c9-71bd-4890-bc11-4d6bc89094bf,3,,,,,71206,,,,,,,,,,,,,,,,,,,,,,
S14,5,2030-04-02T08:30:38.656Z,post_feedback_edit,a2bdb1c9-71bd-4890-bc11-4d6bc89094bf,,,,,,,,0.567,1,,,,,,,,,,,,,,,,,,,
S06,5,2030-04-02T08:30:40.050Z,returned_to_code,df7004ea-3cc5-477d-9f56-8ba67412e543,1,,,,,15678,,,,,,,,,,,,,,,,,,,,,,
S23,5,2030-04-02T08:30:46.983Z,diagnostic_resolved,52274438-a089-40e8-af46-1573262b84eb,,,,,,,,,,114389,247565,9,,,,,,,,,,,,,,,,
S04,5,2030-04-02T08:31:00.000Z,question_picker_abandoned,,,,,,,,,,,,,,,,,,,,,preset,selection_keybinding,14,546,,,,,
S23,5,2030-04-02T08:31:02.147Z,explanation_visibility,52274438-a089-40e8-af46-1573262b84eb,,,,54546,1,,,,,,,,,,,,,,,,,,,,,,,
S17,5,2030-04-02T08:31:06.666Z,explanation_visibility,bb856eca-81cd-443f-8fd2-d010eb9747a7,,,,416006,1,,,,,,,,,,,,,,,,,,,,,,,
S23,5,2030-04-02T08:31:35.519Z,level_reached,d26704f1-e759-4c97-8280-374a3e6ff447,2,1,9410,,,,,,,,,,,,,,,,,,,,,,,,,
S23,5,2030-04-02T08:31:39.488Z,level_reached,d26704f1-e759-4c97-8280-374a3e6ff447,3,1,13379,,,,,,,,,,,,,,,,,,,,,,,,,
S01,5,2030-04-02T08:32:00.000Z,file_cleared,,,,,,,,,,,,,,lab5_strings.py,494730,16,4,0,,,,,,,,,,,
S23,5,2030-04-02T08:32:04.662Z,post_feedback_edit,d26704f1-e759-4c97-8280-374a3e6ff447,,,,,,,,0.358,0,,,,,,,,,,,,,,,,,,,
S07,5,2030-04-02T08:32:05.838Z,returned_to_code,029a988b-1edc-43b0-b2b9-ade358a28388,1,,,,,54703,,,,,,,,,,,,,,,,,,,,,,
S23,5,2030-04-02T08:32:13.412Z,returned_to_code,d26704f1-e759-4c97-8280-374a3e6ff447,3,,,,,33924,,,,,,,,,,,,,,,,,,,,,,
S07,5,2030-04-02T08:32:51.965Z,explanation_visibility,029a988b-1edc-43b0-b2b9-ade358a28388,,,,27764,0,,,,,,,,,,,,,,,,,,,,,,,
S10,5,2030-04-02T08:32:52.458Z,diagnostic_resolved,b885bb3b-bcdb-4a89-8b06-b411c764c1bc,,,,,,,,,,53780,91130,6,,,,,,,,,,,,,,,,
S25,5,2030-04-02T08:33:00.000Z,file_cleared,,,,,,,,,,,,,,lab5_strings.py,183472,9,3,0,,,,,,,,,,,
S17,5,2030-04-02T08:33:00.000Z,file_cleared,,,,,,,,,,,,,,lab5_strings.py,422981,7,1,0,,,,,,,,,,,
S10,5,2030-04-02T08:33:04.143Z,explanation_visibility,b885bb3b-bcdb-4a89-8b06-b411c764c1bc,,,,16658,1,,,,,,,,,,,,,,,,,,,,,,,
S19,5,2030-04-02T08:34:00.000Z,file_cleared,,,,,,,,,,,,,,lab5_strings.py,191014,11,2,2,,,,,,,,,,,
S10,5,2030-04-02T08:34:11.194Z,returned_to_code,b885bb3b-bcdb-4a89-8b06-b411c764c1bc,1,,,,,132516,,,,,,,,,,,,,,,,,,,,,,
S14,5,2030-04-02T08:34:28.676Z,level_reached,115ed278-54e5-4d71-a559-e9e08f31b6f6,2,1,10462,,,,,,,,,,,,,,,,,,,,,,,,,
S14,5,2030-04-02T08:34:51.385Z,level_reached,115ed278-54e5-4d71-a559-e9e08f31b6f6,3,1,33171,,,,,,,,,,,,,,,,,,,,,,,,,
S14,5,2030-04-02T08:35:06.669Z,post_feedback_edit,115ed278-54e5-4d71-a559-e9e08f31b6f6,,,,,,,,0.742,0,,,,,,,,,,,,,,,,,,,
S23,5,2030-04-02T08:35:25.973Z,returned_to_code,73c04481-f6e2-4752-aeee-c7359b48ed13,1,,,,,10420,,,,,,,,,,,,,,,,,,,,,,
S01,5,2030-04-02T08:35:59.574Z,returned_to_code,2f79970d-011b-4ad9-8ba4-3bfe62d1c9f3,1,,,,,52241,,,,,,,,,,,,,,,,,,,,,,
S14,5,2030-04-02T08:36:06.585Z,explanation_visibility,115ed278-54e5-4d71-a559-e9e08f31b6f6,,,,31483,0,,,,,,,,,,,,,,,,,,,,,,,
S14,5,2030-04-02T08:36:20.903Z,diagnostic_resolved,a2bdb1c9-71bd-4890-bc11-4d6bc89094bf,,,,,,,,,,503325,506878,5,,,,,,,,,,,,,,,,
S17,5,2030-04-02T08:36:22.463Z,returned_to_code,ca8bcde5-f3dd-4a60-884b-0eb2c3c97dfb,1,,,,,5322,,,,,,,,,,,,,,,,,,,,,,
S24,5,2030-04-02T08:36:35.096Z,feedback_abandoned,68e723cf-81fe-49fb-b95d-c85fac7fb746,1,,,,,,timeout,,,,,,,,,,,,,,,,,,,,,
S19,5,2030-04-02T08:36:43.626Z,level_reached,ed74c34e-6f8f-4084-9ef9-c36a4c3f8a33,2,1,3511,,,,,,,,,,,,,,,,,,,,,,,,,
S10,5,2030-04-02T08:37:35.359Z,returned_to_code,21821a3c-c350-4d09-ad7c-12ff16af087d,1,,,,,33760,,,,,,,,,,,,,,,,,,,,,,
S19,5,2030-04-02T08:37:55.720Z,returned_to_code,ed74c34e-6f8f-4084-9ef9-c36a4c3f8a33,2,,,,,72094,,,,,,,,,,,,,,,,,,,,,,
S17,5,2030-04-02T08:37:58.648Z,returned_to_code,67d6e07b-2c48-406d-907a-e7f43d97e195,1,,,,,12398,,,,,,,,,,,,,,,,,,,,,,
S17,5,2030-04-02T08:38:02.839Z,explanation_visibility,ca8bcde5-f3dd-4a60-884b-0eb2c3c97dfb,,,,52619,1,,,,,,,,,,,,,,,,,,,,,,,
S07,5,2030-04-02T08:38:48.949Z,returned_to_code,4b835ceb-5ee7-4b98-9ae8-23ae56f83172,1,,,,,15571,,,,,,,,,,,,,,,,,,,,,,
S04,5,2030-04-02T08:39:00.000Z,file_cleared,,,,,,,,,,,,,,lab5_strings.py,222001,9,3,1,,,,,,,,,,,
S10,5,2030-04-02T08:39:15.066Z,explanation_visibility,bb769bea-4fcd-49d0-836e-78d31f186e47,,,,84956,1,,,,,,,,,,,,,,,,,,,,,,,
S25,5,2030-04-02T08:39:22.309Z,returned_to_code,b4b9977a-0663-499c-a540-a8e89f67cfdb,1,,,,,8673,,,,,,,,,,,,,,,,,,,,,,
S23,5,2030-04-02T08:39:23.727Z,explanation_visibility,73c04481-f6e2-4752-aeee-c7359b48ed13,,,,40896,1,,,,,,,,,,,,,,,,,,,,,,,
S10,5,2030-04-02T08:39:24.142Z,explanation_visibility,21821a3c-c350-4d09-ad7c-12ff16af087d,,,,109831,1,,,,,,,,,,,,,,,,,,,,,,,
S01,5,2030-04-02T08:39:47.549Z,explanation_visibility,2f79970d-011b-4ad9-8ba4-3bfe62d1c9f3,,,,71592,1,,,,,,,,,,,,,,,,,,,,,,,
S06,5,2030-04-02T08:40:02.658Z,explanation_visibility,df7004ea-3cc5-477d-9f56-8ba67412e543,,,,166265,1,,,,,,,,,,,,,,,,,,,,,,,
S25,5,2030-04-02T08:40:30.299Z,explanation_visibility,b4b9977a-0663-499c-a540-a8e89f67cfdb,,,,46830,1,,,,,,,,,,,,,,,,,,,,,,,
S19,5,2030-04-02T08:40:33.603Z,explanation_visibility,ed74c34e-6f8f-4084-9ef9-c36a4c3f8a33,,,,193110,1,,,,,,,,,,,,,,,,,,,,,,,
S07,5,2030-04-02T08:40:34.536Z,explanation_visibility,4b835ceb-5ee7-4b98-9ae8-23ae56f83172,,,,3839,1,,,,,,,,,,,,,,,,,,,,,,,
S23,5,2030-04-02T08:40:55.666Z,explanation_copied,4f396841-e804-438c-adbe-63e84a1d719c,L0,,,,,,,,,,,,,,,,,,,,,,,,,,,
S15,5,2030-04-02T08:41:34.698Z,returned_to_code,d45fa550-3c22-45b2-899a-4a4a4403ad35,1,,,,,24732,,,,,,,,,,,,,,,,,,,,,,
S23,5,2030-04-02T08:42:04.273Z,explanation_visibility,a1b363cd-4b8e-4353-9593-6dd461066b36,,,,20094,1,,,,,,,,,,,,,,,,,,,,,,,
S20,5,2030-04-02T08:42:25.755Z,level_reached,01e27d5e-1783-43c3-a7c5-abeefd184cec,2,1,43144,,,,,,,,,,,,,,,,,,,,,,,,,
S23,5,2030-04-02T08:42:35.853Z,explanation_visibility,4f396841-e804-438c-adbe-63e84a1d719c,,,,124692,1,,,,,,,,,,,,,,,,,,,,,,,
S14,5,2030-04-02T08:43:00.000Z,feedback_abandoned,115ed278-54e5-4d71-a559-e9e08f31b6f6,3,,,,,,session_end,,,,,,,,,,,,,,,,,,,,,
S20,5,2030-04-02T08:43:24.870Z,explanation_visibility,01e27d5e-1783-43c3-a7c5-abeefd184cec,,,,21800,0,,,,,,,,,,,,,,,,,,,,,,,
S20,5,2030-04-02T08:43:38.790Z,returned_to_code,01e27d5e-1783-43c3-a7c5-abeefd184cec,2,,,,,73035,,,,,,,,,,,,,,,,,,,,,,
S01,5,2030-04-02T08:44:00.000Z,file_cleared,,,,,,,,,,,,,,lab5_strings.py,160563,11,3,0,,,,,,,,,,,
S20,5,2030-04-02T08:44:25.363Z,diagnostic_resolved,01e27d5e-1783-43c3-a7c5-abeefd184cec,,,,,,,,,,162752,204330,5,,,,,,,,,,,,,,,,
S10,5,2030-04-02T08:46:34.610Z,feedback_abandoned,bb769bea-4fcd-49d0-836e-78d31f186e47,1,,,,,,timeout,,,,,,,,,,,,,,,,,,,,,
S08,5,2030-04-02T08:46:43.075Z,returned_to_code,ba3d0483-be72-4d04-9aa3-579ee61ab38e,1,,,,,37580,,,,,,,,,,,,,,,,,,,,,,
S15,5,2030-04-02T08:46:44.869Z,explanation_visibility,d45fa550-3c22-45b2-899a-4a4a4403ad35,,,,298501,1,,,,,,,,,,,,,,,,,,,,,,,
S08,5,2030-04-02T08:46:50.844Z,explanation_visibility,ba3d0483-be72-4d04-9aa3-579ee61ab38e,,,,19238,0,,,,,,,,,,,,,,,,,,,,,,,
S23,5,2030-04-02T08:47:00.000Z,feedback_abandoned,4f396841-e804-438c-adbe-63e84a1d719c,1,,,,,,session_end,,,,,,,,,,,,,,,,,,,,,
S23,5,2030-04-02T08:47:00.000Z,feedback_abandoned,a1b363cd-4b8e-4353-9593-6dd461066b36,1,,,,,,session_end,,,,,,,,,,,,,,,,,,,,,
S08,5,2030-04-02T08:47:36.809Z,diagnostic_resolved,ba3d0483-be72-4d04-9aa3-579ee61ab38e,,,,,,,,,,91314,108722,11,,,,,,,,,,,,,,,,
S12,5,2030-04-03T14:32:00.000Z,file_cleared,,,,,,,,,,,,,,hw5.py,450874,15,2,1,,,,,,,,,,,
S12,5,2030-04-03T14:33:00.000Z,run_finished,,,,,,,,,,,,,,,,,,,0,1,,,,,,,,,
S12,5,2030-04-03T14:44:59.815Z,level_reached,b4f3216d-774e-409b-9aef-53a69bc3c254,2,1,19233,,,,,,,,,,,,,,,,,,,,,,,,,
S12,5,2030-04-03T14:45:13.400Z,returned_to_code,b4f3216d-774e-409b-9aef-53a69bc3c254,2,,,,,13585,,,,,,,,,,,,,,,,,,,,,,
S12,5,2030-04-03T14:48:43.901Z,diagnostic_resolved,b4f3216d-774e-409b-9aef-53a69bc3c254,,,,,,,,,,243319,260032,4,,,,,,,,,,,,,,,,
S12,5,2030-04-03T14:49:43.712Z,explanation_visibility,b4f3216d-774e-409b-9aef-53a69bc3c254,,,,57015,1,,,,,,,,,,,,,,,,,,,,,,,
S12,5,2030-04-03T14:54:27.290Z,level_reached,ad1c7530-0a92-47e5-8cd3-7c4d22cc06da,2,1,14174,,,,,,,,,,,,,,,,,,,,,,,,,
S12,5,2030-04-03T14:54:28.182Z,returned_to_code,ad1c7530-0a92-47e5-8cd3-7c4d22cc06da,2,,,,,892,,,,,,,,,,,,,,,,,,,,,,
S12,5,2030-04-03T14:58:00.000Z,run_finished,,,,,,,,,,,,,,,,,,,0,1,,,,,,,,,
S12,5,2030-04-03T14:58:44.535Z,explanation_visibility,ad1c7530-0a92-47e5-8cd3-7c4d22cc06da,,,,195308,1,,,,,,,,,,,,,,,,,,,,,,,
S12,5,2030-04-03T15:05:00.000Z,file_cleared,,,,,,,,,,,,,,hw5.py,679101,16,3,0,,,,,,,,,,,
S12,5,2030-04-03T15:07:00.000Z,run_finished,,,,,,,,,,,,,,,,,,,1,0,,,,,,,,,
S11,5,2030-04-03T18:29:00.000Z,question_picker_abandoned,,,,,,,,,,,,,,,,,,,,,preset,selection_codelens,15,435,,,,,
S11,5,2030-04-03T18:35:00.000Z,question_picker_abandoned,,,,,,,,,,,,,,,,,,,,,preset,selection_keybinding,12,264,,,,,
S11,5,2030-04-03T18:53:31.337Z,returned_to_code,94322018-2599-489b-9d72-66fbc38a5a6a,1,,,,,11424,,,,,,,,,,,,,,,,,,,,,,
S11,5,2030-04-03T18:55:03.912Z,explanation_visibility,94322018-2599-489b-9d72-66fbc38a5a6a,,,,38402,1,,,,,,,,,,,,,,,,,,,,,,,
S11,5,2030-04-03T18:55:36.838Z,explanation_copied,94322018-2599-489b-9d72-66fbc38a5a6a,L2,,,,,,,,,,,,,,,,,,,,,,,,,,,
S11,5,2030-04-03T19:02:00.000Z,question_picker_abandoned,,,,,,,,,,,,,,,,,,,,,free_text,selection_keybinding,1,39,,,,,
S11,5,2030-04-03T19:03:51.799Z,returned_to_code,07f493fe-54d0-4b63-94cf-0d37139dc70a,1,,,,,7725,,,,,,,,,,,,,,,,,,,,,,
S11,5,2030-04-03T19:06:15.508Z,explanation_visibility,07f493fe-54d0-4b63-94cf-0d37139dc70a,,,,109093,1,,,,,,,,,,,,,,,,,,,,,,,
S11,5,2030-04-03T19:12:00.000Z,file_cleared,,,,,,,,,,,,,,hw5.py,657632,8,1,0,,,,,,,,,,,
S16,5,2030-04-03T19:44:00.000Z,file_cleared,,,,,,,,,,,,,,hw5.py,295612,10,2,0,,,,,,,,,,,
S19,5,2030-04-04T15:55:00.000Z,explanation_reopened,811375cc-b055-4a06-ae10-8ae11944e960,,,,,,,,,,,,,,,,,,,,,,,,,,,,
S19,5,2030-04-04T15:59:00.000Z,file_cleared,,,,,,,,,,,,,,hw5.py,547962,15,3,0,,,,,,,,,,,
S10,5,2030-04-04T17:07:00.000Z,explanation_reopened,b885bb3b-bcdb-4a89-8b06-b411c764c1bc,,,,,,,,,,,,,,,,,,,,,,,,,,,,
S10,5,2030-04-04T17:09:36.274Z,returned_to_code,2c0ac1f9-4e3c-432b-993f-7ba19dfb4950,1,,,,,7110,,,,,,,,,,,,,,,,,,,,,,
S10,5,2030-04-04T17:11:36.242Z,explanation_visibility,2c0ac1f9-4e3c-432b-993f-7ba19dfb4950,,,,73719,0,,,,,,,,,,,,,,,,,,,,,,,
S10,5,2030-04-04T17:11:36.979Z,diagnostic_resolved,2c0ac1f9-4e3c-432b-993f-7ba19dfb4950,,,,,,,,,,127815,254852,3,,,,,,,,,,,,,,,,
S10,5,2030-04-04T17:15:40.337Z,level_reached,3e1f471c-9243-4cee-a108-9769dd40f855,2,1,14075,,,,,,,,,,,,,,,,,,,,,,,,,
S10,5,2030-04-04T17:15:49.707Z,level_reached,3e1f471c-9243-4cee-a108-9769dd40f855,3,1,23445,,,,,,,,,,,,,,,,,,,,,,,,,
S10,5,2030-04-04T17:15:57.569Z,post_feedback_edit,3e1f471c-9243-4cee-a108-9769dd40f855,,,,,,,,0.426,1,,,,,,,,,,,,,,,,,,,
S10,5,2030-04-04T17:17:26.829Z,explanation_visibility,3e1f471c-9243-4cee-a108-9769dd40f855,,,,78333,1,,,,,,,,,,,,,,,,,,,,,,,
S10,5,2030-04-04T17:21:02.034Z,level_reached,4d1de160-fe7a-4fc5-9029-756448c65541,2,1,31724,,,,,,,,,,,,,,,,,,,,,,,,,
S10,5,2030-04-04T17:21:14.367Z,level_reached,4d1de160-fe7a-4fc5-9029-756448c65541,3,1,44057,,,,,,,,,,,,,,,,,,,,,,,,,
S10,5,2030-04-04T17:21:24.586Z,returned_to_code,4d1de160-fe7a-4fc5-9029-756448c65541,3,,,,,10219,,,,,,,,,,,,,,,,,,,,,,
S10,5,2030-04-04T17:21:45.502Z,explanation_visibility,4d1de160-fe7a-4fc5-9029-756448c65541,,,,30256,1,,,,,,,,,,,,,,,,,,,,,,,
S10,5,2030-04-04T17:25:49.707Z,feedback_abandoned,3e1f471c-9243-4cee-a108-9769dd40f855,3,,,,,,timeout,,,,,,,,,,,,,,,,,,,,,
S10,5,2030-04-04T17:30:00.131Z,returned_to_code,2274e8ac-a804-488a-9439-e8bda1d85fca,1,,,,,15663,,,,,,,,,,,,,,,,,,,,,,
S10,5,2030-04-04T17:30:27.328Z,diagnostic_resolved,2274e8ac-a804-488a-9439-e8bda1d85fca,,,,,,,,,,42860,58520,1,,,,,,,,,,,,,,,,
S10,5,2030-04-04T17:30:51.061Z,returned_to_code,5be82907-668b-49e4-af2d-9f725103196e,1,,,,,32717,,,,,,,,,,,,,,,,,,,,,,
S10,5,2030-04-04T17:31:05.379Z,explanation_visibility,2274e8ac-a804-488a-9439-e8bda1d85fca,,,,29886,1,,,,,,,,,,,,,,,,,,,,,,,
S10,5,2030-04-04T17:35:32.060Z,explanation_visibility,5be82907-668b-49e4-af2d-9f725103196e,,,,276306,1,,,,,,,,,,,,,,,,,,,,,,,
S20,5,2030-04-04T19:46:38.183Z,explanation_visibility,a71e1d20-a37a-4fb9-8050-26ae0e7e923d,,,,10749,1,,,,,,,,,,,,,,,,,,,,,,,
S20,5,2030-04-04T19:46:46.489Z,level_reached,a71e1d20-a37a-4fb9-8050-26ae0e7e923d,2,1,58625,,,,,,,,,,,,,,,,,,,,,,,,,
S20,5,2030-04-04T19:47:06.140Z,level_reached,a71e1d20-a37a-4fb9-8050-26ae0e7e923d,3,1,78276,,,,,,,,,,,,,,,,,,,,,,,,,
S20,5,2030-04-04T19:47:36.399Z,post_feedback_edit,a71e1d20-a37a-4fb9-8050-26ae0e7e923d,,,,,,,,0.232,7,,,,,,,,,,,,,,,,,,,
S20,5,2030-04-04T19:48:23.055Z,returned_to_code,a71e1d20-a37a-4fb9-8050-26ae0e7e923d,3,,,,,76915,,,,,,,,,,,,,,,,,,,,,,
S20,5,2030-04-04T19:51:00.000Z,explanation_reopened,4d08b570-5db8-460b-8a8d-c01d7ec15d34,,,,,,,,,,,,,,,,,,,,,,,,,,,,
S20,5,2030-04-04T20:03:00.000Z,file_cleared,,,,,,,,,,,,,,hw5.py,200614,28,5,0,,,,,,,,,,,
S20,5,2030-04-04T20:04:58.071Z,level_reached,01fe5ef8-527a-4d56-8bdf-b123ae662ad4,2,1,37006,,,,,,,,,,,,,,,,,,,,,,,,,
S20,5,2030-04-04T20:05:32.337Z,level_reached,01fe5ef8-527a-4d56-8bdf-b123ae662ad4,3,1,71272,,,,,,,,,,,,,,,,,,,,,,,,,
S20,5,2030-04-04T20:05:46.079Z,returned_to_code,01fe5ef8-527a-4d56-8bdf-b123ae662ad4,3,,,,,13742,,,,,,,,,,,,,,,,,,,,,,
S20,5,2030-04-04T20:06:14.984Z,post_feedback_edit,01fe5ef8-527a-4d56-8bdf-b123ae662ad4,,,,,,,,0,0,,,,,,,,,,,,,,,,,,,
S20,5,2030-04-04T20:06:26.869Z,explanation_visibility,01fe5ef8-527a-4d56-8bdf-b123ae662ad4,,,,14645,0,,,,,,,,,,,,,,,,,,,,,,,
S03,5,2030-04-05T17:32:00.000Z,run_finished,,,,,,,,,,,,,,,,,,,1,0,,,,,,,,,
S12,5,2030-04-05T17:38:31.098Z,returned_to_code,cffacf6e-003e-4505-a3e4-dd5712fa159e,1,,,,,16658,,,,,,,,,,,,,,,,,,,,,,
S12,5,2030-04-05T17:41:00.000Z,file_cleared,,,,,,,,,,,,,,hw5.py,227331,9,2,1,,,,,,,,,,,
S12,5,2030-04-05T17:41:38.830Z,diagnostic_resolved,cffacf6e-003e-4505-a3e4-dd5712fa159e,,,,,,,,,,204390,232139,6,,,,,,,,,,,,,,,,
S03,5,2030-04-05T17:43:00.000Z,file_cleared,,,,,,,,,,,,,,hw5.py,816757,26,3,0,,,,,,,,,,,
S12,5,2030-04-05T17:48:00.000Z,file_cleared,,,,,,,,,,,,,,hw5.py,611418,26,7,3,,,,,,,,,,,
S12,5,2030-04-05T17:58:04.607Z,returned_to_code,20a03798-9a62-4d61-aaa3-f8efb1bd1805,1,,,,,3680,,,,,,,,,,,,,,,,,,,,,,
S12,5,2030-04-05T18:00:49.021Z,returned_to_code,1aa36587-6350-4fe7-a457-c11788fabb3f,1,,,,,6716,,,,,,,,,,,,,,,,,,,,,,
S12,5,2030-04-05T18:01:36.871Z,diagnostic_resolved,20a03798-9a62-4d61-aaa3-f8efb1bd1805,,,,,,,,,,215944,224496,2,,,,,,,,,,,,,,,,
S12,5,2030-04-05T18:02:29.451Z,explanation_visibility,20a03798-9a62-4d61-aaa3-f8efb1bd1805,,,,157457,1,,,,,,,,,,,,,,,,,,,,,,,
S12,5,2030-04-05T18:02:44.805Z,explanation_visibility,1aa36587-6350-4fe7-a457-c11788fabb3f,,,,75687,1,,,,,,,,,,,,,,,,,,,,,,,
S12,5,2030-04-05T18:12:00.000Z,file_cleared,,,,,,,,,,,,,,hw5.py,218383,16,3,1,,,,,,,,,,,
S12,5,2030-04-05T18:19:00.000Z,file_cleared,,,,,,,,,,,,,,hw5.py,149042,18,4,1,,,,,,,,,,,
S03,5,2030-04-06T17:17:00.000Z,file_cleared,,,,,,,,,,,,,,hw5.py,143434,8,2,0,,,,,,,,,,,
S03,5,2030-04-06T17:27:00.000Z,file_cleared,,,,,,,,,,,,,,hw5.py,537362,7,2,0,,,,,,,,,,,
S09,5,2030-04-06T17:52:00.000Z,explanation_reopened,a428873e-ceed-4541-9176-e7e9757f7d84,,,,,,,,,,,,,,,,,,,,,,,,,,,,
S16,5,2030-04-06T19:19:00.000Z,file_cleared,,,,,,,,,,,,,,hw5.py,295909,15,3,0,,,,,,,,,,,
S16,5,2030-04-06T19:29:00.000Z,file_cleared,,,,,,,,,,,,,,hw5.py,326888,20,4,0,,,,,,,,,,,
S16,5,2030-04-07T16:34:00.000Z,run_finished,,,,,,,,,,,,,,,,,,,0,1,,,,,,,,,
S16,5,2030-04-07T16:58:00.000Z,file_cleared,,,,,,,,,,,,,,hw5.py,343973,14,3,0,,,,,,,,,,,
S14,6,2030-04-09T07:02:00.000Z,explanation_reopened,f8f1bd30-466e-43f5-a7e3-f10d8b47bbd7,,,,,,,,,,,,,,,,,,,,,,,,,,,,
S21,6,2030-04-09T07:05:00.000Z,explanation_reopened,34834718-65ec-444c-8c79-3d3a3a5b183d,,,,,,,,,,,,,,,,,,,,,,,,,,,,
S14,6,2030-04-09T07:05:34.803Z,level_reached,fafdea3d-4b5d-48e5-a6d8-dff1521ed382,2,1,17041,,,,,,,,,,,,,,,,,,,,,,,,,
S14,6,2030-04-09T07:05:52.114Z,level_reached,fafdea3d-4b5d-48e5-a6d8-dff1521ed382,3,1,34352,,,,,,,,,,,,,,,,,,,,,,,,,
S14,6,2030-04-09T07:06:05.311Z,returned_to_code,fafdea3d-4b5d-48e5-a6d8-dff1521ed382,3,,,,,13197,,,,,,,,,,,,,,,,,,,,,,
S14,6,2030-04-09T07:06:15.739Z,explanation_visibility,fafdea3d-4b5d-48e5-a6d8-dff1521ed382,,,,22493,1,,,,,,,,,,,,,,,,,,,,,,,
S14,6,2030-04-09T07:06:20.594Z,post_feedback_edit,fafdea3d-4b5d-48e5-a6d8-dff1521ed382,,,,,,,,0.445,0,,,,,,,,,,,,,,,,,,,
S24,6,2030-04-09T07:06:22.723Z,returned_to_code,087e6959-fcea-4220-9e08-e3b196b2de95,1,,,,,49342,,,,,,,,,,,,,,,,,,,,,,
S24,6,2030-04-09T07:06:24.624Z,level_reached,1b720bd4-92d7-4d55-abbc-818ac316c871,2,1,37530,,,,,,,,,,,,,,,,,,,,,,,,,
S24,6,2030-04-09T07:06:45.505Z,diagnostic_resolved,087e6959-fcea-4220-9e08-e3b196b2de95,,,,,,,,,,72124,86775,4,,,,,,,,,,,,,,,,
S24,6,2030-04-09T07:06:47.708Z,returned_to_code,1b720bd4-92d7-4d55-abbc-818ac316c871,2,,,,,23084,,,,,,,,,,,,,,,,,,,,,,
S14,6,2030-04-09T07:06:54.494Z,diagnostic_resolved,fafdea3d-4b5d-48e5-a6d8-dff1521ed382,,,,,,,,,,96732,108317,5,,,,,,,,,,,,,,,,
S24,6,2030-04-09T07:06:58.024Z,explanation_visibility,1b720bd4-92d7-4d55-abbc-818ac316c871,,,,33246,1,,,,,,,,,,,,,,,,,,,,,,,
S14,6,2030-04-09T07:07:00.000Z,explanation_reopened,c2af6786-a288-4c77-80f5-89d71018b631,,,,,,,,,,,,,,,,,,,,,,,,,,,,
S14,6,2030-04-09T07:07:00.000Z,explanation_reopened,394d1e66-9294-46be-a947-a0ae0ecef20a,,,,,,,,,,,,,,,,,,,,,,,,,,,,
S24,6,2030-04-09T07:07:16.245Z,diagnostic_resolved,1b720bd4-92d7-4d55-abbc-818ac316c871,,,,,,,,,,89151,210965,3,,,,,,,,,,,,,,,,
S11,6,2030-04-09T07:10:00.000Z,run_finished,,,,,,,,,,,,,,,,,,,0,1,,,,,,,,,
S20,6,2030-04-09T07:10:08.424Z,diagnostic_resolved,a0ebf441-dfe8-4980-95d2-f61ee7024069,,,,,,,,,,14592,62810,1,,,,,,,,,,,,,,,,
S20,6,2030-04-09T07:10:17.230Z,level_reached,a0ebf441-dfe8-4980-95d2-f61ee7024069,2,1,23398,,,,,,,,,,,,,,,,,,,,,,,,,
S20,6,2030-04-09T07:10:22.706Z,level_reached,a0ebf441-dfe8-4980-95d2-f61ee7024069,3,1,28874,,,,,,,,,,,,,,,,,,,,,,,,,
S24,6,2030-04-09T07:10:48.273Z,explanation_visibility,bb69cbdf-60f6-476a-a01a-56711cfbf883,,,,37232,1,,,,,,,,,,,,,,,,,,,,,,,
S20,6,2030-04-09T07:10:56.458Z,returned_to_code,a0ebf441-dfe8-4980-95d2-f61ee7024069,3,,,,,33752,,,,,,,,,,,,,,,,,,,,,,
S14,6,2030-04-09T07:11:15.815Z,level_reached,2b5b7eb2-2b58-4da9-a436-994126ed6bda,2,1,29029,,,,,,,,,,,,,,,,,,,,,,,,,
S14,6,2030-04-09T07:11:20.975Z,level_reached,2b5b7eb2-2b58-4da9-a436-994126ed6bda,3,1,34189,,,,,,,,,,,,,,,,,,,,,,,,,
S24,6,2030-04-09T07:11:29.125Z,diagnostic_resolved,bb69cbdf-60f6-476a-a01a-56711cfbf883,,,,,,,,,,102223,136342,3,,,,,,,,,,,,,,,,
S14,6,2030-04-09T07:11:35.157Z,post_feedback_edit,2b5b7eb2-2b58-4da9-a436-994126ed6bda,,,,,,,,0.788,0,,,,,,,,,,,,,,,,,,,
S20,6,2030-04-09T07:11:51.701Z,post_feedback_edit,a0ebf441-dfe8-4980-95d2-f61ee7024069,,,,,,,,0.696,3,,,,,,,,,,,,,,,,,,,
S21,6,2030-04-09T07:12:00.000Z,explanation_reopened,aac5837f-d3d9-47b7-b4cb-9b605cce1846,,,,,,,,,,,,,,,,,,,,,,,,,,,,
S22,6,2030-04-09T07:12:00.000Z,run_finished,,,,,,,,,,,,,,,,,,,0,1,,,,,,,,,
S14,6,2030-04-09T07:12:04.449Z,returned_to_code,2b5b7eb2-2b58-4da9-a436-994126ed6bda,3,,,,,43474,,,,,,,,,,,,,,,,,,,,,,
S06,6,2030-04-09T07:12:26.148Z,level_reached,cdc9cf3c-7302-4f98-9ec2-e4495d52dd9c,2,1,59758,,,,,,,,,,,,,,,,,,,,,,,,,
S06,6,2030-04-09T07:12:41.499Z,returned_to_code,cdc9cf3c-7302-4f98-9ec2-e4495d52dd9c,2,,,,,15351,,,,,,,,,,,,,,,,,,,,,,
S06,6,2030-04-09T07:13:12.447Z,explanation_visibility,cdc9cf3c-7302-4f98-9ec2-e4495d52dd9c,,,,30617,0,,,,,,,,,,,,,,,,,,,,,,,
S14,6,2030-04-09T07:14:00.000Z,question_picker_abandoned,,,,,,,,,,,,,,,,,,,,,preset,selection_codelens,3,72,,,,,
S04,6,2030-04-09T07:14:00.000Z,question_picker_abandoned,,,,,,,,,,,,,,,,,,,,,free_text,selection_codelens,20,400,,,,,
S20,6,2030-04-09T07:15:00.000Z,file_cleared,,,,,,,,,,,,,,lab6_functions.py,64463,7,2,1,,,,,,,,,,,
S05,6,2030-04-09T07:15:02.614Z,level_reached,88fcdedd-bd58-40e8-92e5-7ffdb377efd3,2,1,22362,,,,,,,,,,,,,,,,,,,,,,,,,
S05,6,2030-04-09T07:15:14.928Z,returned_to_code,88fcdedd-bd58-40e8-92e5-7ffdb377efd3,2,,,,,12314,,,,,,,,,,,,,,,,,,,,,,
S23,6,2030-04-09T07:15:19.010Z,level_reached,4a2e4856-538a-44ab-85ce-e694b018cc8c,2,1,9022,,,,,,,,,,,,,,,,,,,,,,,,,
S23,6,2030-04-09T07:15:24.025Z,level_reached,4a2e4856-538a-44ab-85ce-e694b018cc8c,3,1,14037,,,,,,,,,,,,,,,,,,,,,,,,,
S14,6,2030-04-09T07:15:24.488Z,diagnostic_resolved,2b5b7eb2-2b58-4da9-a436-994126ed6bda,,,,,,,,,,277702,282397,3,,,,,,,,,,,,,,,,
S23,6,2030-04-09T07:15:29.872Z,returned_to_code,4a2e4856-538a-44ab-85ce-e694b018cc8c,3,,,,,5847,,,,,,,,,,,,,,,,,,,,,,
S23,6,2030-04-09T07:15:39.592Z,diagnostic_resolved,4a2e4856-538a-44ab-85ce-e694b018cc8c,,,,,,,,,,29604,69114,6,,,,,,,,,,,,,,,,
S14,6,2030-04-09T07:15:46.771Z,explanation_visibility,2b5b7eb2-2b58-4da9-a436-994126ed6bda,,,,59612,1,,,,,,,,,,,,,,,,,,,,,,,
S14,6,2030-04-09T07:16:00.000Z,explanation_reopened,a2bdb1c9-71bd-4890-bc11-4d6bc89094bf,,,,,,,,,,,,,,,,,,,,,,,,,,,,
S06,6,2030-04-09T07:16:00.000Z,explanation_reopened,38c5c28e-323c-4903-9146-3065ff58e9af,,,,,,,,,,,,,,,,,,,,,,,,,,,,
S14,6,2030-04-09T07:16:00.000Z,file_cleared,,,,,,,,,,,,,,lab6_functions.py,330126,18,4,1,,,,,,,,,,,
S23,6,2030-04-09T07:16:25.793Z,explanation_visibility,4a2e4856-538a-44ab-85ce-e694b018cc8c,,,,46552,1,,,,,,,,,,,,,,,,,,,,,,,
S23,6,2030-04-09T07:16:39.110Z,post_feedback_edit,4a2e4856-538a-44ab-85ce-e694b018cc8c,,,,,,,,0.489,0,,,,,,,,,,,,,,,,,,,
S18,6,2030-04-09T07:16:58.471Z,returned_to_code,a4852804-a3d2-4757-b1ff-0251f03cabe7,1,,,,,39822,,,,,,,,,,,,,,,,,,,,,,
S25,6,2030-04-09T07:17:00.000Z,file_cleared,,,,,,,,,,,,,,lab6_functions.py,609540,18,4,0,,,,,,,,,,,
S18,6,2030-04-09T07:17:08.451Z,explanation_visibility,a4852804-a3d2-4757-b1ff-0251f03cabe7,,,,7801,0,,,,,,,,,,,,,,,,,,,,,,,
S05,6,2030-04-09T07:17:57.273Z,explanation_visibility,88fcdedd-bd58-40e8-92e5-7ffdb377efd3,,,,55127,1,,,,,,,,,,,,,,,,,,,,,,,
S05,6,2030-04-09T07:18:00.000Z,explanation_reopened,cf61709e-028d-4163-b0ca-8bd3ce8e12a4,,,,,,,,,,,,,,,,,,,,,,,,,,,,
S23,6,2030-04-09T07:18:04.771Z,explanation_copied,4a2e4856-538a-44ab-85ce-e694b018cc8c,L3,,,,,,,,,,,,,,,,,,,,,,,,,,,
S12,6,2030-04-09T07:18:44.812Z,level_reached,28e51495-3e10-4144-92a5-8e2dad42704c,2,1,19109,,,,,,,,,,,,,,,,,,,,,,,,,
S14,6,2030-04-09T07:18:56.642Z,level_reached,f8d1ee79-b933-4149-9c0f-019bcc28d9e5,2,1,7410,,,,,,,,,,,,,,,,,,,,,,,,,
S12,6,2030-04-09T07:18:56.837Z,returned_to_code,28e51495-3e10-4144-92a5-8e2dad42704c,2,,,,,12025,,,,,,,,,,,,,,,,,,,,,,
S14,6,2030-04-09T07:18:58.257Z,returned_to_code,f8d1ee79-b933-4149-9c0f-019bcc28d9e5,2,,,,,1615,,,,,,,,,,,,,,,,,,,,,,
S14,6,2030-04-09T07:19:00.000Z,explanation_reopened,1cf83d99-85cc-4dd2-a95b-6d54c7e2d88e,,,,,,,,,,,,,,,,,,,,,,,,,,,,
S12,6,2030-04-09T07:19:18.497Z,explanation_visibility,28e51495-3e10-4144-92a5-8e2dad42704c,,,,32819,1,,,,,,,,,,,,,,,,,,,,,,,
S05,6,2030-04-09T07:19:38.437Z,diagnostic_resolved,88fcdedd-bd58-40e8-92e5-7ffdb377efd3,,,,,,,,,,298185,318162,3,,,,,,,,,,,,,,,,
S22,6,2030-04-09T07:19:38.683Z,diagnostic_resolved,1af13947-341d-4b80-b209-4c074502e09a,,,,,,,,,,9366,74205,6,,,,,,,,,,,,,,,,
S24,6,2030-04-09T07:19:46.902Z,feedback_abandoned,bb69cbdf-60f6-476a-a01a-56711cfbf883,1,,,,,,timeout,,,,,,,,,,,,,,,,,,,,,
S22,6,2030-04-09T07:19:52.975Z,level_reached,1af13947-341d-4b80-b209-4c074502e09a,2,1,23658,,,,,,,,,,,,,,,,,,,,,,,,,
S21,6,2030-04-09T07:20:00.000Z,explanation_reopened,82db8c07-9ae5-4625-b00c-06e016fe0ea0,,,,,,,,,,,,,,,,,,,,,,,,,,,,
S22,6,2030-04-09T07:20:07.410Z,level_reached,1af13947-341d-4b80-b209-4c074502e09a,3,1,38093,,,,,,,,,,,,,,,,,,,,,,,,,
S22,6,2030-04-09T07:20:23.485Z,returned_to_code,1af13947-341d-4b80-b209-4c074502e09a,3,,,,,16075,,,,,,,,,,,,,,,,,,,,,,
S22,6,2030-04-09T07:20:30.248Z,explanation_visibility,1af13947-341d-4b80-b209-4c074502e09a,,,,13221,0,,,,,,,,,,,,,,,,,,,,,,,
S22,6,2030-04-09T07:20:32.835Z,post_feedback_edit,1af13947-341d-4b80-b209-4c074502e09a,,,,,,,,0.627,7,,,,,,,,,,,,,,,,,,,
S08,6,2030-04-09T07:20:49.003Z,level_reached,7fbeb14b-47c6-4e32-9b87-ba6139373806,2,1,11249,,,,,,,,,,,,,,,,,,,,,,,,,
S22,6,2030-04-09T07:20:55.864Z,returned_to_code,30f91825-e97c-4aac-8500-db22b4e4a92d,1,,,,,21896,,,,,,,,,,,,,,,,,,,,,,
S08,6,2030-04-09T07:21:00.263Z,level_reached,7fbeb14b-47c6-4e32-9b87-ba6139373806,3,1,22509,,,,,,,,,,,,,,,,,,,,,,,,,
S14,6,2030-04-09T07:21:11.691Z,diagnostic_resolved,f8d1ee79-b933-4149-9c0f-019bcc28d9e5,,,,,,,,,,142459,147660,5,,,,,,,,,,,,,,,,
S08,6,2030-04-09T07:21:12.851Z,returned_to_code,7fbeb14b-47c6-4e32-9b87-ba6139373806,3,,,,,12588,,,,,,,,,,,,,,,,,,,,,,
S14,6,2030-04-09T07:21:16.747Z,explanation_visibility,f8d1ee79-b933-4149-9c0f-019bcc28d9e5,,,,4791,0,,,,,,,,,,,,,,,,,,,,,,,
S08,6,2030-04-09T07:21:37.396Z,post_feedback_edit,7fbeb14b-47c6-4e32-9b87-ba6139373806,,,,,,,,0.722,1,,,,,,,,,,,,,,,,,,,
S18,6,2030-04-09T07:21:43.082Z,diagnostic_resolved,a4852804-a3d2-4757-b1ff-0251f03cabe7,,,,,,,,,,324433,346638,6,,,,,,,,,,,,,,,,
S08,6,2030-04-09T07:21:46.279Z,explanation_copied,7fbeb14b-47c6-4e32-9b87-ba6139373806,L3,,,,,,,,,,,,,,,,,,,,,,,,,,,
S18,6,2030-04-09T07:22:00.000Z,explanation_reopened,c5f3d223-33f5-450b-90a1-f78ed8c67bd1,,,,,,,,,,,,,,,,,,,,,,,,,,,,
S16,6,2030-04-09T07:22:00.000Z,run_finished,,,,,,,,,,,,,,,,,,,0,1,,,,,,,,,
S22,6,2030-04-09T07:22:00.248Z,explanation_visibility,30f91825-e97c-4aac-8500-db22b4e4a92d,,,,33416,0,,,,,,,,,,,,,,,,,,,,,,,
S08,6,2030-04-09T07:22:39.982Z,fix_undone,7fbeb14b-47c6-4e32-9b87-ba6139373806,,,,,,,,,,,,,,,,,,,,,,,,,,,,
S14,6,2030-04-09T07:22:40.602Z,returned_to_code,838d7e4b-0b38-4ed0-a6f2-aee32797547c,1,,,,,7226,,,,,,,,,,,,,,,,,,,,,,
S14,6,2030-04-09T07:22:44.245Z,diagnostic_resolved,838d7e4b-0b38-4ed0-a6f2-aee32797547c,,,,,,,,,,10869,20366,3,,,,,,,,,,,,,,,,
S08,6,2030-04-09T07:22:55.501Z,explanation_visibility,7fbeb14b-47c6-4e32-9b87-ba6139373806,,,,67622,1,,,,,,,,,,,,,,,,,,,,,,,
S21,6,2030-04-09T07:23:41.785Z,returned_to_code,3b5a27d1-ba45-44f0-a761-7a293b04ed9f,1,,,,,7368,,,,,,,,,,,,,,,,,,,,,,
S14,6,2030-04-09T07:24:01.702Z,explanation_visibility,838d7e4b-0b38-4ed0-a6f2-aee32797547c,,,,31053,1,,,,,,,,,,,,,,,,,,,,,,,
S21,6,2030-04-09T07:24:28.109Z,diagnostic_resolved,3b5a27d1-ba45-44f0-a761-7a293b04ed9f,,,,,,,,,,53692,260580,2,,,,,,,,,,,,,,,,
S14,6,2030-04-09T07:24:57.979Z,level_reached,86269b90-9d7c-4679-b659-b3603d3d8cee,2,1,59154,,,,,,,,,,,,,,,,,,,,,,,,,
S14,6,2030-04-09T07:25:03.914Z,returned_to_code,86269b90-9d7c-4679-b659-b3603d3d8cee,2,,,,,5935,,,,,,,,,,,,,,,,,,,,,,
S02,6,2030-04-09T07:25:41.492Z,diagnostic_resolved,ef922701-a251-462b-957e-c496b1204750,,,,,,,,,,47985,54722,9,,,,,,,,,,,,,,,,
S25,6,2030-04-09T07:25:44.503Z,returned_to_code,dbe9f6a7-4806-4aae-aee1-8e836d59812f,1,,,,,705,,,,,,,,,,,,,,,,,,,,,,
S02,6,2030-04-09T07:26:16.211Z,explanation_visibility,ef922701-a251-462b-957e-c496b1204750,,,,64413,1,,,,,,,,,,,,,,,,,,,,,,,
S21,6,2030-04-09T07:26:17.176Z,explanation_visibility,3b5a27d1-ba45-44f0-a761-7a293b04ed9f,,,,139937,1,,,,,,,,,,,,,,,,,,,,,,,
S02,6,2030-04-09T07:26:39.947Z,returned_to_code,208bc1a7-50ce-403e-a178-6b01a172e940,1,,,,,39453,,,,,,,,,,,,,,,,,,,,,,
S02,6,2030-04-09T07:26:53.241Z,level_reached,ef922701-a251-462b-957e-c496b1204750,2,1,119734,,,,,,,,,,,,,,,,,,,,,,,,,
S02,6,2030-04-09T07:26:58.399Z,diagnostic_resolved,208bc1a7-50ce-403e-a178-6b01a172e940,,,,,,,,,,57905,96560,4,,,,,,,,,,,,,,,,
S02,6,2030-04-09T07:27:09.904Z,explanation_visibility,208bc1a7-50ce-403e-a178-6b01a172e940,,,,39544,1,,,,,,,,,,,,,,,,,,,,,,,
S14,6,2030-04-09T07:27:24.028Z,explanation_visibility,86269b90-9d7c-4679-b659-b3603d3d8cee,,,,50696,1,,,,,,,,,,,,,,,,,,,,,,,
S02,6,2030-04-09T07:27:26.458Z,level_reached,ef922701-a251-462b-957e-c496b1204750,3,1,152951,,,,,,,,,,,,,,,,,,,,,,,,,
S16,6,2030-04-09T07:28:00.000Z,file_cleared,,,,,,,,,,,,,,lab6_functions.py,427159,17,3,0,,,,,,,,,,,
S18,6,2030-04-09T07:28:00.000Z,file_cleared,,,,,,,,,,,,,,lab6_functions.py,807168,14,3,1,,,,,,,,,,,
S02,6,2030-04-09T07:28:12.563Z,returned_to_code,ef922701-a251-462b-957e-c496b1204750,3,,,,,46105,,,,,,,,,,,,,,,,,,,,,,
S21,6,2030-04-09T07:29:00.000Z,file_cleared,,,,,,,,,,,,,,lab6_functions.py,364601,18,4,4,,,,,,,,,,,
S06,6,2030-04-09T07:30:04.758Z,level_reached,600a5653-a50a-491d-96ec-95c80e1dcefd,2,1,15697,,,,,,,,,,,,,,,,,,,,,,,,,
S06,6,2030-04-09T07:30:16.210Z,level_reached,600a5653-a50a-491d-96ec-95c80e1dcefd,3,1,27149,,,,,,,,,,,,,,,,,,,,,,,,,
S06,6,2030-04-09T07:30:29.365Z,returned_to_code,600a5653-a50a-491d-96ec-95c80e1dcefd,3,,,,,13155,,,,,,,,,,,,,,,,,,,,,,
S06,6,2030-04-09T07:30:31.019Z,diagnostic_resolved,600a5653-a50a-491d-96ec-95c80e1dcefd,,,,,,,,,,41958,155120,4,,,,,,,,,,,,,,,,
S06,6,2030-04-09T07:30:55.434Z,post_feedback_edit,600a5653-a50a-491d-96ec-95c80e1dcefd,,,,,,,,0.644,0,,,,,,,,,,,,,,,,,,,
S04,6,2030-04-09T07:31:00.000Z,file_cleared,,,,,,,,,,,,,,lab6_functions.py,996256,10,2,1,,,,,,,,,,,
S06,6,2030-04-09T07:31:07.192Z,returned_to_code,98572d0a-15fd-407d-8d87-11ab204bcd81,1,,,,,22942,,,,,,,,,,,,,,,,,,,,,,
S06,6,2030-04-09T07:31:34.598Z,diagnostic_resolved,98572d0a-15fd-407d-8d87-11ab204bcd81,,,,,,,,,,50348,104289,4,,,,,,,,,,,,,,,,
S06,6,2030-04-09T07:33:04.271Z,explanation_visibility,600a5653-a50a-491d-96ec-95c80e1dcefd,,,,101465,1,,,,,,,,,,,,,,,,,,,,,,,
S06,6,2030-04-09T07:33:16.331Z,explanation_visibility,98572d0a-15fd-407d-8d87-11ab204bcd81,,,,113214,1,,,,,,,,,,,,,,,,,,,,,,,
S22,6,2030-04-09T07:33:21.747Z,returned_to_code,9f0e9973-04d0-4ec6-a551-06969a6a9df5,1,,,,,9725,,,,,,,,,,,,,,,,,,,,,,
S22,6,2030-04-09T07:34:56.467Z,explanation_visibility,9f0e9973-04d0-4ec6-a551-06969a6a9df5,,,,36463,1,,,,,,,,,,,,,,,,,,,,,,,
S08,6,2030-04-09T07:36:00.000Z,file_cleared,,,,,,,,,,,,,,lab6_functions.py,170591,12,2,1,,,,,,,,,,,
S02,6,2030-04-09T07:38:28.521Z,returned_to_code,b3901d98-3eaa-404e-ab24-828a94e20da2,1,,,,,23543,,,,,,,,,,,,,,,,,,,,,,
S17,6,2030-04-09T07:39:31.183Z,level_reached,d01af4f7-e430-436c-b2e5-e56336565eef,2,1,24099,,,,,,,,,,,,,,,,,,,,,,,,,
S17,6,2030-04-09T07:39:39.557Z,returned_to_code,d01af4f7-e430-436c-b2e5-e56336565eef,2,,,,,8374,,,,,,,,,,,,,,,,,,,,,,
S17,6,2030-04-09T07:39:46.849Z,diagnostic_resolved,d01af4f7-e430-436c-b2e5-e56336565eef,,,,,,,,,,39765,87828,5,,,,,,,,,,,,,,,,
S09,6,2030-04-09T07:40:05.956Z,explanation_visibility,662840c7-70f9-4c5f-98a5-3ae38585357e,,,,13771,1,,,,,,,,,,,,,,,,,,,,,,,
S17,6,2030-04-09T07:40:08.094Z,explanation_visibility,d01af4f7-e430-436c-b2e5-e56336565eef,,,,44583,1,,,,,,,,,,,,,,,,,,,,,,,
S24,6,2030-04-09T07:40:12.115Z,returned_to_code,169115a1-1dce-435a-9eb4-6f2a2da69564,1,,,,,26469,,,,,,,,,,,,,,,,,,,,,,
S02,6,2030-04-09T07:40:18.132Z,explanation_visibility,b3901d98-3eaa-404e-ab24-828a94e20da2,,,,55894,1,,,,,,,,,,,,,,,,,,,,,,,
S09,6,2030-04-09T07:40:20.680Z,returned_to_code,662840c7-70f9-4c5f-98a5-3ae38585357e,1,,,,,50006,,,,,,,,,,,,,,,,,,,,,,
S12,6,2030-04-09T07:41:00.000Z,file_cleared,,,,,,,,,,,,,,lab6_functions.py,303948,14,4,0,,,,,,,,,,,
S09,6,2030-04-09T07:41:42.498Z,diagnostic_resolved,662840c7-70f9-4c5f-98a5-3ae38585357e,,,,,,,,,,131824,214188,5,,,,,,,,,,,,,,,,
S05,6,2030-04-09T07:41:55.513Z,returned_to_code,81f1235f-764a-4ed8-8070-7a68be276f39,1,,,,,5455,,,,,,,,,,,,,,,,,,,,,,
S24,6,2030-04-09T07:42:49.373Z,diagnostic_resolved,169115a1-1dce-435a-9eb4-6f2a2da69564,,,,,,,,,,183727,205871,4,,,,,,,,,,,,,,,,
S05,6,2030-04-09T07:43:22.387Z,explanation_visibility,81f1235f-764a-4ed8-8070-7a68be276f39,,,,73070,1,,,,,,,,,,,,,,,,,,,,,,,
S10,6,2030-04-09T07:45:00.000Z,file_cleared,,,,,,,,,,,,,,lab6_functions.py,789828,18,3,2,,,,,,,,,,,
S22,6,2030-04-09T07:45:00.000Z,file_cleared,,,,,,,,,,,,,,lab6_functions.py,880644,19,3,3,,,,,,,,,,,
S01,6,2030-04-09T07:46:00.000Z,run_finished,,,,,,,,,,,,,,,,,,,0,1,,,,,,,,,
S14,6,2030-04-09T07:46:10.765Z,returned_to_code,5e28873f-911a-4e54-a140-6c29464b79a4,1,,,,,49320,,,,,,,,,,,,,,,,,,,,,,
S14,6,2030-04-09T07:46:55.795Z,explanation_visibility,5e28873f-911a-4e54-a140-6c29464b79a4,,,,35820,1,,,,,,,,,,,,,,,,,,,,,,,
S10,6,2030-04-09T07:47:13.987Z,explanation_visibility,c6a3e816-63de-45b4-a509-ccaddd3a3a46,,,,48854,1,,,,,,,,,,,,,,,,,,,,,,,
S06,6,2030-04-09T07:47:31.933Z,returned_to_code,9ae288fe-5981-42b8-8fd5-e75652a09615,1,,,,,2443,,,,,,,,,,,,,,,,,,,,,,
S05,6,2030-04-09T07:47:58.762Z,diagnostic_resolved,81f1235f-764a-4ed8-8070-7a68be276f39,,,,,,,,,,368704,448539,3,,,,,,,,,,,,,,,,
S14,6,2030-04-09T07:48:00.000Z,file_cleared,,,,,,,,,,,,,,lab6_functions.py,1202639,11,2,0,,,,,,,,,,,
S06,6,2030-04-09T07:49:17.124Z,explanation_visibility,9ae288fe-5981-42b8-8fd5-e75652a09615,,,,86045,0,,,,,,,,,,,,,,,,,,,,,,,
S08,6,2030-04-09T07:50:00.000Z,file_cleared,,,,,,,,,,,,,,lab6_functions.py,771352,21,4,0,,,,,,,,,,,
S23,6,2030-04-09T07:50:00.000Z,file_cleared,,,,,,,,,,,,,,lab6_functions.py,356308,16,3,1,,,,,,,,,,,
S23,6,2030-04-09T07:50:56.948Z,level_reached,8a4ffb74-416e-4c87-b13b-8137c9b6f43a,2,1,20014,,,,,,,,,,,,,,,,,,,,,,,,,
S18,6,2030-04-09T07:51:00.000Z,file_cleared,,,,,,,,,,,,,,lab6_functions.py,311926,10,3,1,,,,,,,,,,,
S23,6,2030-04-09T07:51:11.073Z,level_reached,8a4ffb74-416e-4c87-b13b-8137c9b6f43a,3,1,34139,,,,,,,,,,,,,,,,,,,,,,,,,
S23,6,2030-04-09T07:51:26.932Z,returned_to_code,8a4ffb74-416e-4c87-b13b-8137c9b6f43a,3,,,,,15859,,,,,,,,,,,,,,,,,,,,,,
S23,6,2030-04-09T07:51:38.585Z,post_feedback_edit,8a4ffb74-416e-4c87-b13b-8137c9b6f43a,,,,,,,,0.274,1,,,,,,,,,,,,,,,,,,,
S10,6,2030-04-09T07:52:14.053Z,returned_to_code,bb5e226a-c22c-4a5a-b356-1f545c34bf5d,1,,,,,21277,,,,,,,,,,,,,,,,,,,,,,
S24,6,2030-04-09T07:53:00.000Z,file_cleared,,,,,,,,,,,,,,lab6_functions.py,93527,9,2,1,,,,,,,,,,,
S01,6,2030-04-09T07:53:15.126Z,level_reached,fd1ca102-f6d3-4448-9dcc-b13b391a2dce,2,1,8817,,,,,,,,,,,,,,,,,,,,,,,,,
S10,6,2030-04-09T07:53:16.156Z,explanation_visibility,bb5e226a-c22c-4a5a-b356-1f545c34bf5d,,,,20562,1,,,,,,,,,,,,,,,,,,,,,,,
S01,6,2030-04-09T07:53:26.112Z,level_reached,fd1ca102-f6d3-4448-9dcc-b13b391a2dce,3,1,19803,,,,,,,,,,,,,,,,,,,,,,,,,
S22,6,2030-04-09T07:53:38.342Z,level_reached,53f54880-4680-4848-bfd7-4ae2502fe89d,2,1,19099,,,,,,,,,,,,,,,,,,,,,,,,,
S01,6,2030-04-09T07:53:44.695Z,returned_to_code,fd1ca102-f6d3-4448-9dcc-b13b391a2dce,3,,,,,18583,,,,,,,,,,,,,,,,,,,,,,
S23,6,2030-04-09T07:53:48.371Z,explanation_visibility,8a4ffb74-416e-4c87-b13b-8137c9b6f43a,,,,122790,1,,,,,,,,,,,,,,,,,,,,,,,
S22,6,2030-04-09T07:53:53.444Z,diagnostic_resolved,53f54880-4680-4848-bfd7-4ae2502fe89d,,,,,,,,,,34201,116190,1,,,,,,,,,,,,,,,,
S22,6,2030-04-09T07:54:10.999Z,level_reached,53f54880-4680-4848-bfd7-4ae2502fe89d,3,1,51756,,,,,,,,,,,,,,,,,,,,,,,,,
S22,6,2030-04-09T07:54:22.622Z,returned_to_code,53f54880-4680-4848-bfd7-4ae2502fe89d,3,,,,,11623,,,,,,,,,,,,,,,,,,,,,,
S22,6,2030-04-09T07:54:35.081Z,post_feedback_edit,53f54880-4680-4848-bfd7-4ae2502fe89d,,,,,,,,0.727,0,,,,,,,,,,,,,,,,,,,
S09,6,2030-04-09T07:55:00.000Z,file_cleared,,,,,,,,,,,,,,lab6_functions.py,43331,7,1,0,,,,,,,,,,,
S22,6,2030-04-09T07:55:09.009Z,explanation_visibility,53f54880-4680-4848-bfd7-4ae2502fe89d,,,,15813,0,,,,,,,,,,,,,,,,,,,,,,,
S10,6,2030-04-09T07:55:55.774Z,feedback_abandoned,c6a3e816-63de-45b4-a509-ccaddd3a3a46,1,,,,,,timeout,,,,,,,,,,,,,,,,,,,,,
S21,6,2030-04-09T07:56:00.000Z,file_cleared,,,,,,,,,,,,,,lab6_functions.py,590268,9,3,2,,,,,,,,,,,
S01,6,2030-04-09T07:56:44.468Z,explanation_visibility,fd1ca102-f6d3-4448-9dcc-b13b391a2dce,,,,105947,1,,,,,,,,,,,,,,,,,,,,,,,
S18,6,2030-04-09T07:57:00.000Z,file_cleared,,,,,,,,,,,,,,lab6_functions.py,292897,14,2,0,,,,,,,,,,,
S09,6,2030-04-09T07:57:00.000Z,question_picker_abandoned,,,,,,,,,,,,,,,,,,,,,preset,selection_codelens,1,39,,,,,
S12,6,2030-04-09T07:57:04.450Z,returned_to_code,b2ff731f-d2a4-4eb6-9d82-824772a9a02a,1,,,,,6473,,,,,,,,,,,,,,,,,,,,,,
S23,6,2030-04-09T07:58:00.000Z,run_finished,,,,,,,,,,,,,,,,,,,0,1,,,,,,,,,
S18,6,2030-04-09T08:00:00.000Z,file_cleared,,,,,,,,,,,,,,lab6_functions.py,2612010,25,5,0,,,,,,,,,,,
S16,6,2030-04-09T08:00:00.000Z,question_picker_abandoned,,,,,,,,,,,,,,,,,,,,,preset,selection_codelens,11,242,,,,,
S12,6,2030-04-09T08:00:03.970Z,explanation_visibility,b2ff731f-d2a4-4eb6-9d82-824772a9a02a,,,,92301,1,,,,,,,,,,,,,,,,,,,,,,,
S12,6,2030-04-09T08:01:50.384Z,level_reached,b8a54979-5f97-4021-ac55-09e493839e9f,2,1,16014,,,,,,,,,,,,,,,,,,,,,,,,,
S25,6,2030-04-09T08:02:00.000Z,file_cleared,,,,,,,,,,,,,,lab6_functions.py,873950,16,3,0,,,,,,,,,,,
S22,6,2030-04-09T08:02:00.000Z,file_cleared,,,,,,,,,,,,,,lab6_functions.py,334013,15,2,0,,,,,,,,,,,
S12,6,2030-04-09T08:02:06.465Z,returned_to_code,b8a54979-5f97-4021-ac55-09e493839e9f,2,,,,,16081,,,,,,,,,,,,,,,,,,,,,,
S21,6,2030-04-09T08:02:16.207Z,diagnostic_resolved,e135496a-9305-49e1-aff3-b134c1715667,,,,,,,,,,24534,41783,4,,,,,,,,,,,,,,,,
S21,6,2030-04-09T08:02:22.565Z,returned_to_code,e135496a-9305-49e1-aff3-b134c1715667,1,,,,,30892,,,,,,,,,,,,,,,,,,,,,,
S21,6,2030-04-09T08:02:42.253Z,explanation_visibility,e135496a-9305-49e1-aff3-b134c1715667,,,,16554,1,,,,,,,,,,,,,,,,,,,,,,,
S05,6,2030-04-09T08:03:05.012Z,returned_to_code,9778730b-6d0e-4f94-b700-625c69631bc1,1,,,,,48986,,,,,,,,,,,,,,,,,,,,,,
S12,6,2030-04-09T08:03:27.244Z,explanation_visibility,b8a54979-5f97-4021-ac55-09e493839e9f,,,,49410,1,,,,,,,,,,,,,,,,,,,,,,,
S14,6,2030-04-09T08:03:52.623Z,level_reached,eeecbc50-ecac-4534-a739-b215dd214a08,2,1,40480,,,,,,,,,,,,,,,,,,,,,,,,,
S14,6,2030-04-09T08:04:06.687Z,explanation_copied,eeecbc50-ecac-4534-a739-b215dd214a08,L3,,,,,,,,,,,,,,,,,,,,,,,,,,,
S14,6,2030-04-09T08:04:07.446Z,level_reached,eeecbc50-ecac-4534-a739-b215dd214a08,3,1,55303,,,,,,,,,,,,,,,,,,,,,,,,,
S14,6,2030-04-09T08:04:18.007Z,returned_to_code,eeecbc50-ecac-4534-a739-b215dd214a08,3,,,,,10561,,,,,,,,,,,,,,,,,,,,,,
S05,6,2030-04-09T08:04:24.544Z,explanation_visibility,9778730b-6d0e-4f94-b700-625c69631bc1,,,,102935,1,,,,,,,,,,,,,,,,,,,,,,,
S23,6,2030-04-09T08:05:00.000Z,file_cleared,,,,,,,,,,,,,,lab6_functions.py,332209,14,2,0,,,,,,,,,,,
S22,6,2030-04-09T08:05:28.059Z,returned_to_code,18484cae-1852-4fbf-8f85-8cd8f2ad3c33,1,,,,,10109,,,,,,,,,,,,,,,,,,,,,,
S08,6,2030-04-09T08:06:00.000Z,file_cleared,,,,,,,,,,,,,,lab6_functions.py,457238,7,2,0,,,,,,,,,,,
S14,6,2030-04-09T08:06:19.008Z,explanation_visibility,eeecbc50-ecac-4534-a739-b215dd214a08,,,,144713,1,,,,,,,,,,,,,,,,,,,,,,,
S07,6,2030-04-09T08:06:41.754Z,returned_to_code,0c66cd46-127f-4da9-98dd-577fa8de887f,1,,,,,20853,,,,,,,,,,,,,,,,,,,,,,
S14,6,2030-04-09T08:07:08.377Z,level_reached,92bc45b8-cf0c-49ee-a6b2-05a34a5dcc63,2,1,31085,,,,,,,,,,,,,,,,,,,,,,,,,
S14,6,2030-04-09T08:07:15.124Z,level_reached,92bc45b8-cf0c-49ee-a6b2-05a34a5dcc63,3,1,37832,,,,,,,,,,,,,,,,,,,,,,,,,
S14,6,2030-04-09T08:07:28.157Z,returned_to_code,92bc45b8-cf0c-49ee-a6b2-05a34a5dcc63,3,,,,,13033,,,,,,,,,,,,,,,,,,,,,,
S14,6,2030-04-09T08:07:31.529Z,post_feedback_edit,92bc45b8-cf0c-49ee-a6b2-05a34a5dcc63,,,,,,,,0.585,0,,,,,,,,,,,,,,,,,,,
S20,6,2030-04-09T08:07:34.045Z,explanation_visibility,2a9aebdc-ecb1-4ba3-83d8-eb9e272ace1c,,,,7907,0,,,,,,,,,,,,,,,,,,,,,,,
S20,6,2030-04-09T08:07:47.259Z,level_reached,2a9aebdc-ecb1-4ba3-83d8-eb9e272ace1c,2,1,35255,,,,,,,,,,,,,,,,,,,,,,,,,
S20,6,2030-04-09T08:07:53.438Z,level_reached,2a9aebdc-ecb1-4ba3-83d8-eb9e272ace1c,3,1,41434,,,,,,,,,,,,,,,,,,,,,,,,,
S14,6,2030-04-09T08:08:00.603Z,level_reached,80d715ef-25f8-4215-b790-45bd51ab7684,2,1,8243,,,,,,,,,,,,,,,,,,,,,,,,,
S20,6,2030-04-09T08:08:05.044Z,post_feedback_edit,2a9aebdc-ecb1-4ba3-83d8-eb9e272ace1c,,,,,,,,0.472,0,,,,,,,,,,,,,,,,,,,
S14,6,2030-04-09T08:08:05.332Z,explanation_visibility,92bc45b8-cf0c-49ee-a6b2-05a34a5dcc63,,,,7020,0,,,,,,,,,,,,,,,,,,,,,,,
S20,6,2030-04-09T08:08:15.645Z,returned_to_code,2a9aebdc-ecb1-4ba3-83d8-eb9e272ace1c,3,,,,,22207,,,,,,,,,,,,,,,,,,,,,,
S07,6,2030-04-09T08:08:44.682Z,explanation_visibility,0c66cd46-127f-4da9-98dd-577fa8de887f,,,,22751,1,,,,,,,,,,,,,,,,,,,,,,,
S14,6,2030-04-09T08:08:48.261Z,level_reached,80d715ef-25f8-4215-b790-45bd51ab7684,3,1,55901,,,,,,,,,,,,,,,,,,,,,,,,,
S14,6,2030-04-09T08:08:49.324Z,diagnostic_resolved,80d715ef-25f8-4215-b790-45bd51ab7684,,,,,,,,,,56964,80794,3,,,,,,,,,,,,,,,,
S20,6,2030-04-09T08:09:05.794Z,diagnostic_resolved,2a9aebdc-ecb1-4ba3-83d8-eb9e272ace1c,,,,,,,,,,113790,148042,9,,,,,,,,,,,,,,,,
S14,6,2030-04-09T08:09:13.814Z,returned_to_code,80d715ef-25f8-4215-b790-45bd51ab7684,3,,,,,25553,,,,,,,,,,,,,,,,,,,,,,
S14,6,2030-04-09T08:10:17.421Z,explanation_visibility,80d715ef-25f8-4215-b790-45bd51ab7684,,,,21671,1,,,,,,,,,,,,,,,,,,,,,,,
S14,6,2030-04-09T08:10:55.058Z,level_reached,10e72d65-64d1-45dc-9360-b9a84730f5e6,2,1,24815,,,,,,,,,,,,,,,,,,,,,,,,,
S24,6,2030-04-09T08:11:00.000Z,file_cleared,,,,,,,,,,,,,,lab6_functions.py,2534256,16,4,2,,,,,,,,,,,
S24,6,2030-04-09T08:11:09.016Z,level_reached,15e999c3-5d2a-48a4-b220-4680ce74789f,2,1,11315,,,,,,,,,,,,,,,,,,,,,,,,,
S14,6,2030-04-09T08:11:12.336Z,level_reached,10e72d65-64d1-45dc-9360-b9a84730f5e6,3,1,42093,,,,,,,,,,,,,,,,,,,,,,,,,
S14,6,2030-04-09T08:11:34.236Z,returned_to_code,40cd1d0a-09f1-4fc7-984a-396873a77804,1,,,,,7897,,,,,,,,,,,,,,,,,,,,,,
S24,6,2030-04-09T08:11:42.538Z,level_reached,15e999c3-5d2a-48a4-b220-4680ce74789f,3,1,44837,,,,,,,,,,,,,,,,,,,,,,,,,
S14,6,2030-04-09T08:11:54.497Z,diagnostic_resolved,40cd1d0a-09f1-4fc7-984a-396873a77804,,,,,,,,,,28158,79309,4,,,,,,,,,,,,,,,,
S14,6,2030-04-09T08:12:00.980Z,diagnostic_resolved,10e72d65-64d1-45dc-9360-b9a84730f5e6,,,,,,,,,,90737,97156,5,,,,,,,,,,,,,,,,
S14,6,2030-04-09T08:12:10.843Z,returned_to_code,10e72d65-64d1-45dc-9360-b9a84730f5e6,3,,,,,58507,,,,,,,,,,,,,,,,,,,,,,
S24,6,2030-04-09T08:12:15.167Z,returned_to_code,15e999c3-5d2a-48a4-b220-4680ce74789f,3,,,,,32629,,,,,,,,,,,,,,,,,,,,,,
S24,6,2030-04-09T08:12:53.540Z,explanation_visibility,15e999c3-5d2a-48a4-b220-4680ce74789f,,,,77773,1,,,,,,,,,,,,,,,,,,,,,,,
S06,6,2030-04-09T08:13:00.000Z,file_cleared,,,,,,,,,,,,,,lab6_functions.py,1764191,27,3,0,,,,,,,,,,,
S14,6,2030-04-09T08:13:03.301Z,explanation_visibility,10e72d65-64d1-45dc-9360-b9a84730f5e6,,,,28201,1,,,,,,,,,,,,,,,,,,,,,,,
S24,6,2030-04-09T08:13:15.558Z,post_feedback_edit,15e999c3-5d2a-48a4-b220-4680ce74789f,,,,,,,,0.187,1,,,,,,,,,,,,,,,,,,,
S24,6,2030-04-09T08:13:29.334Z,explanation_copied,15e999c3-5d2a-48a4-b220-4680ce74789f,L3,,,,,,,,,,,,,,,,,,,,,,,,,,,
S02,6,2030-04-09T08:13:31.391Z,returned_to_code,ac62130a-7aa2-4a0f-8a2a-68fff1669da1,1,,,,,10927,,,,,,,,,,,,,,,,,,,,,,
S14,6,2030-04-09T08:13:47.480Z,diagnostic_resolved,76d68b64-0119-4f9f-9837-4148bb949554,,,,,,,,,,21998,64310,3,,,,,,,,,,,,,,,,
S14,6,2030-04-09T08:13:52.043Z,returned_to_code,76d68b64-0119-4f9f-9837-4148bb949554,1,,,,,26561,,,,,,,,,,,,,,,,,,,,,,
S17,6,2030-04-09T08:14:00.000Z,file_cleared,,,,,,,,,,,,,,lab6_functions.py,196050,13,2,1,,,,,,,,,,,
S14,6,2030-04-09T08:14:06.430Z,explanation_visibility,40cd1d0a-09f1-4fc7-984a-396873a77804,,,,83254,1,,,,,,,,,,,,,,,,,,,,,,,
S16,6,2030-04-09T08:14:53.358Z,returned_to_code,d1f00c96-46f0-4815-b2a7-216ad2e84af9,1,,,,,6341,,,,,,,,,,,,,,,,,,,,,,
S14,6,2030-04-09T08:15:53.593Z,request_failed,,,,,,,,,,,,,,,,,,,,,,,,,timeout,,,,
S09,6,2030-04-09T08:16:00.000Z,file_cleared,,,,,,,,,,,,,,lab6_functions.py,210162,10,3,1,,,,,,,,,,,
S02,6,2030-04-09T08:16:18.948Z,explanation_visibility,ac62130a-7aa2-4a0f-8a2a-68fff1669da1,,,,44458,1,,,,,,,,,,,,,,,,,,,,,,,
S14,6,2030-04-09T08:17:31.806Z,explanation_visibility,76d68b64-0119-4f9f-9837-4148bb949554,,,,194104,1,,,,,,,,,,,,,,,,,,,,,,,
S02,6,2030-04-09T08:18:00.000Z,file_cleared,,,,,,,,,,,,,,lab6_functions.py,583709,17,2,2,,,,,,,,,,,
S16,6,2030-04-09T08:19:28.191Z,explanation_visibility,d1f00c96-46f0-4815-b2a7-216ad2e84af9,,,,131542,1,,,,,,,,,,,,,,,,,,,,,,,
S03,6,2030-04-09T08:19:46.050Z,returned_to_code,6dfd8845-a374-41bf-87ac-4f1aa0dcb1aa,1,,,,,44368,,,,,,,,,,,,,,,,,,,,,,
S09,6,2030-04-09T08:20:00.000Z,file_cleared,,,,,,,,,,,,,,lab6_functions.py,554697,13,2,0,,,,,,,,,,,
S24,6,2030-04-09T08:20:28.365Z,level_reached,79d896a1-a731-4418-bcc5-2fdd9960b148,2,1,16976,,,,,,,,,,,,,,,,,,,,,,,,,
S09,6,2030-04-09T08:20:49.447Z,returned_to_code,91c14131-67a5-4a77-aa15-aab6216ab1d9,1,,,,,11924,,,,,,,,,,,,,,,,,,,,,,
S24,6,2030-04-09T08:20:50.840Z,diagnostic_resolved,79d896a1-a731-4418-bcc5-2fdd9960b148,,,,,,,,,,39451,144585,4,,,,,,,,,,,,,,,,
S03,6,2030-04-09T08:20:54.006Z,diagnostic_resolved,6dfd8845-a374-41bf-87ac-4f1aa0dcb1aa,,,,,,,,,,112324,245456,4,,,,,,,,,,,,,,,,
S03,6,2030-04-09T08:20:57.345Z,explanation_visibility,6dfd8845-a374-41bf-87ac-4f1aa0dcb1aa,,,,83256,1,,,,,,,,,,,,,,,,,,,,,,,
S03,6,2030-04-09T08:21:23.679Z,returned_to_code,7727c9f1-1d9b-499c-b026-31c4a16c5a24,1,,,,,2570,,,,,,,,,,,,,,,,,,,,,,
S09,6,2030-04-09T08:21:32.578Z,explanation_visibility,91c14131-67a5-4a77-aa15-aab6216ab1d9,,,,22863,1,,,,,,,,,,,,,,,,,,,,,,,
S22,6,2030-04-09T08:21:47.894Z,level_reached,62da04a1-7f7d-4281-838f-e9b47224dca9,2,1,17270,,,,,,,,,,,,,,,,,,,,,,,,,
S05,6,2030-04-09T08:22:10.478Z,explanation_visibility,e713e042-3e5f-45bf-b38e-5b356ccaf400,,,,31686,1,,,,,,,,,,,,,,,,,,,,,,,
S03,6,2030-04-09T08:22:21.252Z,diagnostic_resolved,7727c9f1-1d9b-499c-b026-31c4a16c5a24,,,,,,,,,,60143,84086,1,,,,,,,,,,,,,,,,
S14,6,2030-04-09T08:22:21.587Z,level_reached,72030211-16f1-4998-914b-e9182ebd0607,2,1,27565,,,,,,,,,,,,,,,,,,,,,,,,,
S14,6,2030-04-09T08:22:27.177Z,diagnostic_resolved,72030211-16f1-4998-914b-e9182ebd0607,,,,,,,,,,33155,72987,2,,,,,,,,,,,,,,,,
S14,6,2030-04-09T08:22:32.580Z,level_reached,72030211-16f1-4998-914b-e9182ebd0607,3,1,38558,,,,,,,,,,,,,,,,,,,,,,,,,
S21,6,2030-04-09T08:22:45.398Z,returned_to_code,31100a18-ef9c-4486-8cbf-8005da3622a0,1,,,,,9322,,,,,,,,,,,,,,,,,,,,,,
S22,6,2030-04-09T08:22:54.625Z,level_reached,62da04a1-7f7d-4281-838f-e9b47224dca9,3,1,84001,,,,,,,,,,,,,,,,,,,,,,,,,
S14,6,2030-04-09T08:23:00.000Z,file_cleared,,,,,,,,,,,,,,lab6_functions.py,203705,16,2,2,,,,,,,,,,,
S22,6,2030-04-09T08:23:18.614Z,post_feedback_edit,62da04a1-7f7d-4281-838f-e9b47224dca9,,,,,,,,0.783,0,,,,,,,,,,,,,,,,,,,
S03,6,2030-04-09T08:23:26.036Z,explanation_visibility,7727c9f1-1d9b-499c-b026-31c4a16c5a24,,,,70616,1,,,,,,,,,,,,,,,,,,,,,,,
S24,6,2030-04-09T08:23:38.089Z,explanation_visibility,79d896a1-a731-4418-bcc5-2fdd9960b148,,,,31396,1,,,,,,,,,,,,,,,,,,,,,,,
S13,6,2030-04-09T08:24:00.000Z,file_cleared,,,,,,,,,,,,,,lab6_functions.py,154404,10,1,0,,,,,,,,,,,
S21,6,2030-04-09T08:24:00.169Z,explanation_visibility,31100a18-ef9c-4486-8cbf-8005da3622a0,,,,47800,0,,,,,,,,,,,,,,,,,,,,,,,
S22,6,2030-04-09T08:24:32.624Z,explanation_visibility,62da04a1-7f7d-4281-838f-e9b47224dca9,,,,101142,1,,,,,,,,,,,,,,,,,,,,,,,
S14,6,2030-04-09T08:24:48.733Z,returned_to_code,72030211-16f1-4998-914b-e9182ebd0607,3,,,,,136153,,,,,,,,,,,,,,,,,,,,,,
S14,6,2030-04-09T08:25:12.297Z,explanation_visibility,72030211-16f1-4998-914b-e9182ebd0607,,,,173021,1,,,,,,,,,,,,,,,,,,,,,,,
S14,6,2030-04-09T08:27:02.859Z,post_feedback_edit,72030211-16f1-4998-914b-e9182ebd0607,,,,,,,,0.602,0,,,,,,,,,,,,,,,,,,,
S06,6,2030-04-09T08:27:15.920Z,explanation_visibility,c6eaa2a7-11a4-4fba-92bf-7408a7bf72e8,,,,54068,1,,,,,,,,,,,,,,,,,,,,,,,
S14,6,2030-04-09T08:27:46.695Z,returned_to_code,6585dce2-7d86-48be-b628-e91a6d151561,1,,,,,6888,,,,,,,,,,,,,,,,,,,,,,
S01,6,2030-04-09T08:28:00.000Z,file_cleared,,,,,,,,,,,,,,lab6_functions.py,83859,6,2,0,,,,,,,,,,,
S07,6,2030-04-09T08:28:00.000Z,file_cleared,,,,,,,,,,,,,,lab6_functions.py,222016,16,4,0,,,,,,,,,,,
S22,6,2030-04-09T08:28:09.991Z,level_reached,24515bd6-b426-4fde-aea2-d6504e5ad0e1,2,1,27902,,,,,,,,,,,,,,,,,,,,,,,,,
S03,6,2030-04-09T08:28:17.248Z,returned_to_code,b3d56a75-8383-471d-b9f2-f16d52760a4a,1,,,,,22663,,,,,,,,,,,,,,,,,,,,,,
S22,6,2030-04-09T08:28:27.233Z,returned_to_code,24515bd6-b426-4fde-aea2-d6504e5ad0e1,2,,,,,17242,,,,,,,,,,,,,,,,,,,,,,
S03,6,2030-04-09T08:28:49.149Z,explanation_visibility,b3d56a75-8383-471d-b9f2-f16d52760a4a,,,,22550,0,,,,,,,,,,,,,,,,,,,,,,,
S14,6,2030-04-09T08:28:49.946Z,explanation_visibility,6585dce2-7d86-48be-b628-e91a6d151561,,,,35906,1,,,,,,,,,,,,,,,,,,,,,,,
S13,6,2030-04-09T08:29:00.000Z,file_cleared,,,,,,,,,,,,,,lab6_functions.py,78310,12,2,0,,,,,,,,,,,
S24,6,2030-04-09T08:29:20.092Z,diagnostic_resolved,dab7018e-6591-48bc-8b7d-fd4bb3639477,,,,,,,,,,26685,52311,2,,,,,,,,,,,,,,,,
S24,6,2030-04-09T08:29:20.354Z,returned_to_code,dab7018e-6591-48bc-8b7d-fd4bb3639477,1,,,,,26947,,,,,,,,,,,,,,,,,,,,,,
S22,6,2030-04-09T08:29:21.517Z,explanation_visibility,24515bd6-b426-4fde-aea2-d6504e5ad0e1,,,,21881,1,,,,,,,,,,,,,,,,,,,,,,,
S22,6,2030-04-09T08:29:32.092Z,diagnostic_resolved,24515bd6-b426-4fde-aea2-d6504e5ad0e1,,,,,,,,,,110003,259663,3,,,,,,,,,,,,,,,,
S24,6,2030-04-09T08:29:38.337Z,level_reached,3427fa66-31db-43e9-8d0e-45be4fbcd2a8,2,1,50600,,,,,,,,,,,,,,,,,,,,,,,,,
S05,6,2030-04-09T08:29:45.324Z,feedback_abandoned,e713e042-3e5f-45bf-b38e-5b356ccaf400,1,,,,,,timeout,,,,,,,,,,,,,,,,,,,,,
S24,6,2030-04-09T08:29:59.951Z,level_reached,3427fa66-31db-43e9-8d0e-45be4fbcd2a8,3,1,72214,,,,,,,,,,,,,,,,,,,,,,,,,
S02,6,2030-04-09T08:30:00.000Z,run_finished,,,,,,,,,,,,,,,,,,,0,1,,,,,,,,,
S24,6,2030-04-09T08:30:07.001Z,explanation_visibility,3427fa66-31db-43e9-8d0e-45be4fbcd2a8,,,,12737,1,,,,,,,,,,,,,,,,,,,,,,,
S24,6,2030-04-09T08:30:07.441Z,returned_to_code,3427fa66-31db-43e9-8d0e-45be4fbcd2a8,3,,,,,7490,,,,,,,,,,,,,,,,,,,,,,
S24,6,2030-04-09T08:30:26.223Z,post_feedback_edit,3427fa66-31db-43e9-8d0e-45be4fbcd2a8,,,,,,,,0.424,0,,,,,,,,,,,,,,,,,,,
S24,6,2030-04-09T08:30:28.365Z,feedback_abandoned,79d896a1-a731-4418-bcc5-2fdd9960b148,2,,,,,,timeout,,,,,,,,,,,,,,,,,,,,,
S24,6,2030-04-09T08:30:37.979Z,explanation_visibility,dab7018e-6591-48bc-8b7d-fd4bb3639477,,,,68700,1,,,,,,,,,,,,,,,,,,,,,,,
S21,6,2030-04-09T08:30:59.369Z,explanation_visibility,6071e851-8a59-4f82-a140-a843bdb1d545,,,,39024,1,,,,,,,,,,,,,,,,,,,,,,,
S01,6,2030-04-09T08:31:00.000Z,file_cleared,,,,,,,,,,,,,,lab6_functions.py,161358,16,3,0,,,,,,,,,,,
S22,6,2030-04-09T08:31:00.000Z,file_cleared,,,,,,,,,,,,,,lab6_functions.py,45105,11,1,1,,,,,,,,,,,
S16,6,2030-04-09T08:31:00.000Z,file_cleared,,,,,,,,,,,,,,lab6_functions.py,501677,9,1,0,,,,,,,,,,,
S02,6,2030-04-09T08:31:36.795Z,request_failed,,,,,,,,,,,,,,,,,,,,,,,,,backend,provider_error,,,
S21,6,2030-04-09T08:31:41.408Z,diagnostic_resolved,6071e851-8a59-4f82-a140-a843bdb1d545,,,,,,,,,,124017,134320,1,,,,,,,,,,,,,,,,
S22,6,2030-04-09T08:31:54.287Z,returned_to_code,a12bace0-4275-490a-91eb-6f23d508bca8,1,,,,,13050,,,,,,,,,,,,,,,,,,,,,,
S22,6,2030-04-09T08:32:37.477Z,level_reached,0779e51e-54de-4829-924c-c5ae8c1a3b16,2,1,4576,,,,,,,,,,,,,,,,,,,,,,,,,
S22,6,2030-04-09T08:32:41.956Z,level_reached,0779e51e-54de-4829-924c-c5ae8c1a3b16,3,1,9055,,,,,,,,,,,,,,,,,,,,,,,,,
S21,6,2030-04-09T08:32:44.977Z,explanation_copied,6071e851-8a59-4f82-a140-a843bdb1d545,L0,,,,,,,,,,,,,,,,,,,,,,,,,,,
S22,6,2030-04-09T08:32:53.382Z,post_feedback_edit,0779e51e-54de-4829-924c-c5ae8c1a3b16,,,,,,,,0.774,0,,,,,,,,,,,,,,,,,,,
S22,6,2030-04-09T08:32:54.625Z,feedback_abandoned,62da04a1-7f7d-4281-838f-e9b47224dca9,3,,,,,,timeout,,,,,,,,,,,,,,,,,,,,,
S22,6,2030-04-09T08:32:54.971Z,returned_to_code,0779e51e-54de-4829-924c-c5ae8c1a3b16,3,,,,,13015,,,,,,,,,,,,,,,,,,,,,,
S09,6,2030-04-09T08:33:00.000Z,file_cleared,,,,,,,,,,,,,,lab6_functions.py,940731,26,5,0,,,,,,,,,,,
S22,6,2030-04-09T08:33:04.183Z,explanation_visibility,a12bace0-4275-490a-91eb-6f23d508bca8,,,,19885,1,,,,,,,,,,,,,,,,,,,,,,,
S22,6,2030-04-09T08:33:36.684Z,diagnostic_resolved,0779e51e-54de-4829-924c-c5ae8c1a3b16,,,,,,,,,,63783,97983,5,,,,,,,,,,,,,,,,
S21,6,2030-04-09T08:34:08.011Z,level_reached,c042e808-5768-4bd0-8312-57adfc7fe0f5,2,1,29490,,,,,,,,,,,,,,,,,,,,,,,,,
S21,6,2030-04-09T08:34:13.239Z,level_reached,c042e808-5768-4bd0-8312-57adfc7fe0f5,3,1,34718,,,,,,,,,,,,,,,,,,,,,,,,,
S21,6,2030-04-09T08:34:17.861Z,returned_to_code,c042e808-5768-4bd0-8312-57adfc7fe0f5,3,,,,,4622,,,,,,,,,,,,,,,,,,,,,,
S21,6,2030-04-09T08:34:23.049Z,explanation_copied,c042e808-5768-4bd0-8312-57adfc7fe0f5,L0,,,,,,,,,,,,,,,,,,,,,,,,,,,
S22,6,2030-04-09T08:34:43.029Z,explanation_visibility,0779e51e-54de-4829-924c-c5ae8c1a3b16,,,,103199,1,,,,,,,,,,,,,,,,,,,,,,,
S24,6,2030-04-09T08:34:49.648Z,diagnostic_resolved,3427fa66-31db-43e9-8d0e-45be4fbcd2a8,,,,,,,,,,361911,373024,3,,,,,,,,,,,,,,,,
S23,6,2030-04-09T08:34:52.763Z,returned_to_code,4fd20c4d-1fb3-42a0-9dd3-ecccddc90e7f,1,,,,,6335,,,,,,,,,,,,,,,,,,,,,,
S21,6,2030-04-09T08:34:56.324Z,explanation_visibility,c042e808-5768-4bd0-8312-57adfc7fe0f5,,,,59094,1,,,,,,,,,,,,,,,,,,,,,,,
S06,6,2030-04-09T08:35:12.043Z,level_reached,9465b1e0-5be7-46e2-a106-b636fc62641d,2,1,24082,,,,,,,,,,,,,,,,,,,,,,,,,
S06,6,2030-04-09T08:35:27.646Z,returned_to_code,9465b1e0-5be7-46e2-a106-b636fc62641d,2,,,,,15603,,,,,,,,,,,,,,,,,,,,,,
S06,6,2030-04-09T08:35:38.173Z,feedback_abandoned,c6eaa2a7-11a4-4fba-92bf-7408a7bf72e8,1,,,,,,timeout,,,,,,,,,,,,,,,,,,,,,
S06,6,2030-04-09T08:36:28.416Z,explanation_visibility,9465b1e0-5be7-46e2-a106-b636fc62641d,,,,9615,1,,,,,,,,,,,,,,,,,,,,,,,
S22,6,2030-04-09T08:38:00.000Z,file_cleared,,,,,,,,,,,,,,lab6_functions.py,920568,19,3,1,,,,,,,,,,,
S20,6,2030-04-09T08:38:14.903Z,returned_to_code,22ef5180-0568-41c5-b2fc-1a502722403d,1,,,,,26513,,,,,,,,,,,,,,,,,,,,,,
S23,6,2030-04-09T08:38:50.613Z,explanation_visibility,4fd20c4d-1fb3-42a0-9dd3-ecccddc90e7f,,,,127848,1,,,,,,,,,,,,,,,,,,,,,,,
S21,6,2030-04-09T08:39:37.391Z,feedback_abandoned,6071e851-8a59-4f82-a140-a843bdb1d545,1,,,,,,session_end,,,,,,,,,,,,,,,,,,,,,
S11,6,2030-04-09T08:40:00.000Z,file_cleared,,,,,,,,,,,,,,lab6_functions.py,307444,12,2,0,,,,,,,,,,,
S12,6,2030-04-09T08:40:00.000Z,file_cleared,,,,,,,,,,,,,,lab6_functions.py,669335,14,3,0,,,,,,,,,,,
S22,6,2030-04-09T08:40:30.735Z,level_reached,51286165-5506-47cf-86cd-1eee55c4c372,2,1,58882,,,,,,,,,,,,,,,,,,,,,,,,,
S14,6,2030-04-09T08:40:33.183Z,level_reached,405963e9-244d-4d6f-beb5-df2699de0bc3,2,1,41647,,,,,,,,,,,,,,,,,,,,,,,,,
S14,6,2030-04-09T08:40:44.932Z,returned_to_code,405963e9-244d-4d6f-beb5-df2699de0bc3,2,,,,,11749,,,,,,,,,,,,,,,,,,,,,,
S12,6,2030-04-09T08:41:00.000Z,run_finished,,,,,,,,,,,,,,,,,,,0,1,,,,,,,,,
S14,6,2030-04-09T08:41:05.190Z,explanation_visibility,405963e9-244d-4d6f-beb5-df2699de0bc3,,,,31059,1,,,,,,,,,,,,,,,,,,,,,,,
S04,6,2030-04-09T08:41:52.746Z,level_reached,86497e20-969f-417b-88c4-7e536d903820,2,1,13202,,,,,,,,,,,,,,,,,,,,,,,,,
S02,6,2030-04-09T08:42:09.226Z,returned_to_code,58fb2f7d-e5bf-4598-bab2-6c146137f8e5,1,,,,,7422,,,,,,,,,,,,,,,,,,,,,,
S20,6,2030-04-09T08:42:10.907Z,explanation_visibility,22ef5180-0568-41c5-b2fc-1a502722403d,,,,191479,1,,,,,,,,,,,,,,,,,,,,,,,
S04,6,2030-04-09T08:42:23.115Z,returned_to_code,86497e20-969f-417b-88c4-7e536d903820,2,,,,,30369,,,,,,,,,,,,,,,,,,,,,,
S04,6,2030-04-09T08:43:33.060Z,explanation_visibility,86497e20-969f-417b-88c4-7e536d903820,,,,87075,1,,,,,,,,,,,,,,,,,,,,,,,
S22,6,2030-04-09T08:43:43.809Z,returned_to_code,51286165-5506-47cf-86cd-1eee55c4c372,2,,,,,193074,,,,,,,,,,,,,,,,,,,,,,
S11,6,2030-04-09T08:44:00.000Z,file_cleared,,,,,,,,,,,,,,lab6_functions.py,315419,16,3,0,,,,,,,,,,,
S23,6,2030-04-09T08:45:00.000Z,file_cleared,,,,,,,,,,,,,,lab6_functions.py,472173,12,3,0,,,,,,,,,,,
S02,6,2030-04-09T08:45:43.832Z,explanation_visibility,58fb2f7d-e5bf-4598-bab2-6c146137f8e5,,,,145173,1,,,,,,,,,,,,,,,,,,,,,,,
S04,6,2030-04-09T08:46:11.458Z,diagnostic_resolved,86497e20-969f-417b-88c4-7e536d903820,,,,,,,,,,271914,288126,7,,,,,,,,,,,,,,,,
S23,6,2030-04-10T15:57:00.000Z,file_cleared,,,,,,,,,,,,,,hw6.py,435480,14,1,0,,,,,,,,,,,
S23,6,2030-04-10T16:10:00.000Z,file_cleared,,,,,,,,,,,,,,hw6.py,451315,17,3,1,,,,,,,,,,,
S23,6,2030-04-10T16:17:34.694Z,diagnostic_resolved,2d30c9e6-594d-443f-b28f-344d559b1cbe,,,,,,,,,,28515,55424,6,,,,,,,,,,,,,,,,
S23,6,2030-04-10T16:17:54.287Z,returned_to_code,2d30c9e6-594d-443f-b28f-344d559b1cbe,1,,,,,48108,,,,,,,,,,,,,,,,,,,,,,
S23,6,2030-04-10T16:19:22.075Z,explanation_visibility,2d30c9e6-594d-443f-b28f-344d559b1cbe,,,,16193,1,,,,,,,,,,,,,,,,,,,,,,,
S23,6,2030-04-10T16:30:55.022Z,diagnostic_resolved,0579f84b-7ccb-4462-b26d-32e879d2aaed,,,,,,,,,,29559,148159,1,,,,,,,,,,,,,,,,
S23,6,2030-04-10T16:32:36.356Z,explanation_visibility,0579f84b-7ccb-4462-b26d-32e879d2aaed,,,,34462,1,,,,,,,,,,,,,,,,,,,,,,,
S23,6,2030-04-10T16:36:00.189Z,returned_to_code,979858ff-2c59-4e73-b98a-b7a8385beb4e,1,,,,,12831,,,,,,,,,,,,,,,,,,,,,,
S23,6,2030-04-10T16:38:31.437Z,diagnostic_resolved,979858ff-2c59-4e73-b98a-b7a8385beb4e,,,,,,,,,,164079,183217,2,,,,,,,,,,,,,,,,
S23,6,2030-04-10T16:40:25.463Z,feedback_abandoned,0579f84b-7ccb-4462-b26d-32e879d2aaed,1,,,,,,timeout,,,,,,,,,,,,,,,,,,,,,
S23,6,2030-04-10T16:41:21.052Z,explanation_visibility,979858ff-2c59-4e73-b98a-b7a8385beb4e,,,,28957,1,,,,,,,,,,,,,,,,,,,,,,,
S23,6,2030-04-10T16:48:01.353Z,returned_to_code,ff675609-a39a-4df5-b607-5b35f18bba2a,1,,,,,21529,,,,,,,,,,,,,,,,,,,,,,
S23,6,2030-04-10T16:48:54.446Z,diagnostic_resolved,ff675609-a39a-4df5-b607-5b35f18bba2a,,,,,,,,,,74622,216491,6,,,,,,,,,,,,,,,,
S23,6,2030-04-10T16:50:08.643Z,explanation_visibility,ff675609-a39a-4df5-b607-5b35f18bba2a,,,,103726,1,,,,,,,,,,,,,,,,,,,,,,,
S23,6,2030-04-10T16:54:24.568Z,level_reached,564c9649-3eff-4ed4-8cf3-30bc35e4ffba,2,1,23691,,,,,,,,,,,,,,,,,,,,,,,,,
S23,6,2030-04-10T16:54:33.549Z,level_reached,564c9649-3eff-4ed4-8cf3-30bc35e4ffba,3,1,32672,,,,,,,,,,,,,,,,,,,,,,,,,
S23,6,2030-04-10T16:55:13.012Z,returned_to_code,564c9649-3eff-4ed4-8cf3-30bc35e4ffba,3,,,,,39463,,,,,,,,,,,,,,,,,,,,,,
S23,6,2030-04-10T16:55:34.817Z,diagnostic_resolved,564c9649-3eff-4ed4-8cf3-30bc35e4ffba,,,,,,,,,,93940,98188,2,,,,,,,,,,,,,,,,
S23,6,2030-04-10T16:58:29.941Z,explanation_visibility,564c9649-3eff-4ed4-8cf3-30bc35e4ffba,,,,239195,1,,,,,,,,,,,,,,,,,,,,,,,
S19,6,2030-04-10T18:32:00.000Z,file_cleared,,,,,,,,,,,,,,hw6.py,1560900,10,2,0,,,,,,,,,,,
S19,6,2030-04-10T18:41:00.000Z,file_cleared,,,,,,,,,,,,,,hw6.py,406151,15,2,0,,,,,,,,,,,
S01,6,2030-04-11T17:01:00.000Z,file_cleared,,,,,,,,,,,,,,hw6.py,533880,20,3,0,,,,,,,,,,,
S01,6,2030-04-11T17:08:00.000Z,file_cleared,,,,,,,,,,,,,,hw6.py,1693184,20,3,0,,,,,,,,,,,
S01,6,2030-04-11T17:09:00.000Z,file_cleared,,,,,,,,,,,,,,hw6.py,111638,10,2,0,,,,,,,,,,,
S01,6,2030-04-11T17:26:00.000Z,file_cleared,,,,,,,,,,,,,,hw6.py,549039,11,1,0,,,,,,,,,,,
S01,6,2030-04-11T17:32:15.040Z,returned_to_code,7d4cb3e9-227b-418d-a83e-f402482a5182,1,,,,,1291,,,,,,,,,,,,,,,,,,,,,,
S01,6,2030-04-11T17:33:43.671Z,explanation_visibility,7d4cb3e9-227b-418d-a83e-f402482a5182,,,,39451,1,,,,,,,,,,,,,,,,,,,,,,,
S17,6,2030-04-11T18:49:00.000Z,explanation_reopened,d01af4f7-e430-436c-b2e5-e56336565eef,,,,,,,,,,,,,,,,,,,,,,,,,,,,
S17,6,2030-04-11T18:50:00.000Z,file_cleared,,,,,,,,,,,,,,hw6.py,148678,17,3,0,,,,,,,,,,,
S17,6,2030-04-11T18:59:00.000Z,file_cleared,,,,,,,,,,,,,,hw6.py,195307,15,3,0,,,,,,,,,,,
S23,6,2030-04-11T19:18:00.000Z,file_cleared,,,,,,,,,,,,,,hw6.py,159500,29,4,0,,,,,,,,,,,
S23,6,2030-04-11T19:26:09.478Z,returned_to_code,095cff6b-dfd8-489a-9f5f-562ce574506c,1,,,,,16528,,,,,,,,,,,,,,,,,,,,,,
S23,6,2030-04-11T19:28:03.794Z,explanation_visibility,095cff6b-dfd8-489a-9f5f-562ce574506c,,,,39130,1,,,,,,,,,,,,,,,,,,,,,,,
S23,6,2030-04-11T19:30:05.509Z,diagnostic_resolved,8e52c68f-a145-48df-b750-76131d5d2b02,,,,,,,,,,29060,36905,4,,,,,,,,,,,,,,,,
S23,6,2030-04-11T19:30:07.503Z,level_reached,8e52c68f-a145-48df-b750-76131d5d2b02,2,1,31054,,,,,,,,,,,,,,,,,,,,,,,,,
S23,6,2030-04-11T19:30:44.770Z,level_reached,8e52c68f-a145-48df-b750-76131d5d2b02,3,1,68321,,,,,,,,,,,,,,,,,,,,,,,,,
S23,6,2030-04-11T19:31:03.479Z,post_feedback_edit,8e52c68f-a145-48df-b750-76131d5d2b02,,,,,,,,0.248,14,,,,,,,,,,,,,,,,,,,
S23,6,2030-04-11T19:31:06.686Z,returned_to_code,8e52c68f-a145-48df-b750-76131d5d2b02,3,,,,,21916,,,,,,,,,,,,,,,,,,,,,,
S23,6,2030-04-11T19:31:08.470Z,diagnostic_resolved,095cff6b-dfd8-489a-9f5f-562ce574506c,,,,,,,,,,315520,323725,3,,,,,,,,,,,,,,,,
S23,6,2030-04-11T19:31:15.255Z,explanation_visibility,8e52c68f-a145-48df-b750-76131d5d2b02,,,,32954,1,,,,,,,,,,,,,,,,,,,,,,,
S23,6,2030-04-11T19:35:00.000Z,file_cleared,,,,,,,,,,,,,,hw6.py,312838,5,2,1,,,,,,,,,,,
S17,6,2030-04-11T20:01:00.000Z,file_cleared,,,,,,,,,,,,,,hw6.py,162992,19,4,0,,,,,,,,,,,
S17,6,2030-04-11T20:03:00.000Z,file_cleared,,,,,,,,,,,,,,hw6.py,164438,13,3,0,,,,,,,,,,,
S12,6,2030-04-12T18:18:00.000Z,file_cleared,,,,,,,,,,,,,,hw6.py,506582,10,3,0,,,,,,,,,,,
S16,6,2030-04-12T19:20:00.000Z,explanation_reopened,d1f00c96-46f0-4815-b2a7-216ad2e84af9,,,,,,,,,,,,,,,,,,,,,,,,,,,,
S16,6,2030-04-12T19:27:00.000Z,file_cleared,,,,,,,,,,,,,,hw6.py,380966,16,3,0,,,,,,,,,,,
S16,6,2030-04-12T19:35:00.000Z,file_cleared,,,,,,,,,,,,,,hw6.py,88673,24,4,0,,,,,,,,,,,
S21,6,2030-04-12T19:45:05.632Z,returned_to_code,def422e7-260d-4577-b9a1-c2745ab962fe,1,,,,,19451,,,,,,,,,,,,,,,,,,,,,,
S21,6,2030-04-12T19:47:00.000Z,explanation_reopened,6071e851-8a59-4f82-a140-a843bdb1d545,,,,,,,,,,,,,,,,,,,,,,,,,,,,
S08,6,2030-04-12T19:47:00.000Z,run_finished,,,,,,,,,,,,,,,,,,,0,1,,,,,,,,,
S16,6,2030-04-12T19:47:00.000Z,run_finished,,,,,,,,,,,,,,,,,,,1,0,,,,,,,,,
S21,6,2030-04-12T19:52:09.825Z,diagnostic_resolved,def422e7-260d-4577-b9a1-c2745ab962fe,,,,,,,,,,443644,510739,1,,,,,,,,,,,,,,,,
S21,6,2030-04-12T19:53:00.000Z,file_cleared,,,,,,,,,,,,,,hw6.py,1459910,10,2,2,,,,,,,,,,,
S21,6,2030-04-12T19:54:00.878Z,explanation_visibility,def422e7-260d-4577-b9a1-c2745ab962fe,,,,317167,1,,,,,,,,,,,,,,,,,,,,,,,
S08,6,2030-04-12T20:03:47.251Z,level_reached,5044444f-3567-48ba-839d-1de6ec9f14a4,2,1,14510,,,,,,,,,,,,,,,,,,,,,,,,,
S08,6,2030-04-12T20:04:00.293Z,returned_to_code,5044444f-3567-48ba-839d-1de6ec9f14a4,2,,,,,13042,,,,,,,,,,,,,,,,,,,,,,
S08,6,2030-04-12T20:04:59.763Z,explanation_visibility,5044444f-3567-48ba-839d-1de6ec9f14a4,,,,22219,1,,,,,,,,,,,,,,,,,,,,,,,
S08,6,2030-04-12T20:07:02.698Z,diagnostic_resolved,5044444f-3567-48ba-839d-1de6ec9f14a4,,,,,,,,,,209957,266771,3,,,,,,,,,,,,,,,,
S21,6,2030-04-12T20:24:00.000Z,file_cleared,,,,,,,,,,,,,,hw6.py,420073,4,1,0,,,,,,,,,,,
S08,6,2030-04-12T20:32:00.000Z,run_finished,,,,,,,,,,,,,,,,,,,0,1,,,,,,,,,
S21,6,2030-04-12T20:32:07.881Z,level_reached,a2c2eb10-b976-47b6-9313-0a306cc03d55,2,1,23914,,,,,,,,,,,,,,,,,,,,,,,,,
S21,6,2030-04-12T20:32:18.074Z,level_reached,a2c2eb10-b976-47b6-9313-0a306cc03d55,3,1,34107,,,,,,,,,,,,,,,,,,,,,,,,,
S21,6,2030-04-12T20:33:26.665Z,post_feedback_edit,a2c2eb10-b976-47b6-9313-0a306cc03d55,,,,,,,,0.514,0,,,,,,,,,,,,,,,,,,,
S21,6,2030-04-12T20:41:00.000Z,feedback_abandoned,a2c2eb10-b976-47b6-9313-0a306cc03d55,3,,,,,,session_end,,,,,,,,,,,,,,,,,,,,,
S19,6,2030-04-13T15:15:33.891Z,returned_to_code,3901a649-56e6-45c2-a728-4d99cca0fd64,1,,,,,27588,,,,,,,,,,,,,,,,,,,,,,
S19,6,2030-04-13T15:16:34.855Z,diagnostic_resolved,3901a649-56e6-45c2-a728-4d99cca0fd64,,,,,,,,,,88552,136051,2,,,,,,,,,,,,,,,,
S19,6,2030-04-13T15:16:42.060Z,explanation_visibility,3901a649-56e6-45c2-a728-4d99cca0fd64,,,,42813,1,,,,,,,,,,,,,,,,,,,,,,,
S19,6,2030-04-13T15:24:00.000Z,file_cleared,,,,,,,,,,,,,,hw6.py,116614,6,2,0,,,,,,,,,,,
S19,6,2030-04-13T15:28:20.259Z,diagnostic_resolved,00cada59-4bfe-42c7-adbb-b0501f0c1b11,,,,,,,,,,43303,59509,5,,,,,,,,,,,,,,,,
S19,6,2030-04-13T15:31:42.224Z,explanation_visibility,00cada59-4bfe-42c7-adbb-b0501f0c1b11,,,,176243,1,,,,,,,,,,,,,,,,,,,,,,,
S19,6,2030-04-13T15:37:13.956Z,diagnostic_resolved,d0066f84-eaf2-4492-a72d-e5d604c0aa8a,,,,,,,,,,41002,56479,5,,,,,,,,,,,,,,,,
S19,6,2030-04-13T15:37:36.956Z,feedback_abandoned,00cada59-4bfe-42c7-adbb-b0501f0c1b11,1,,,,,,timeout,,,,,,,,,,,,,,,,,,,,,
S19,6,2030-04-13T15:42:00.000Z,feedback_abandoned,d0066f84-eaf2-4492-a72d-e5d604c0aa8a,1,,,,,,session_end,,,,,,,,,,,,,,,,,,,,,
S19,6,2030-04-13T15:42:13.132Z,explanation_visibility,d0066f84-eaf2-4492-a72d-e5d604c0aa8a,,,,178214,1,,,,,,,,,,,,,,,,,,,,,,,
S09,6,2030-04-13T17:26:10.158Z,returned_to_code,08f35691-99e8-43f5-87af-326989d50ec8,1,,,,,4776,,,,,,,,,,,,,,,,,,,,,,
S09,6,2030-04-13T17:29:12.816Z,diagnostic_resolved,08f35691-99e8-43f5-87af-326989d50ec8,,,,,,,,,,187434,213355,5,,,,,,,,,,,,,,,,
S22,6,2030-04-13T18:12:24.211Z,diagnostic_resolved,cbf48ce8-0eba-4f72-9595-9a03265256d4,,,,,,,,,,14400,23216,4,,,,,,,,,,,,,,,,
S22,6,2030-04-13T18:13:26.791Z,explanation_visibility,cbf48ce8-0eba-4f72-9595-9a03265256d4,,,,60577,1,,,,,,,,,,,,,,,,,,,,,,,
S22,6,2030-04-13T18:14:46.863Z,level_reached,cbf48ce8-0eba-4f72-9595-9a03265256d4,2,1,157052,,,,,,,,,,,,,,,,,,,,,,,,,
S22,6,2030-04-13T18:15:19.752Z,level_reached,cbf48ce8-0eba-4f72-9595-9a03265256d4,3,1,189941,,,,,,,,,,,,,,,,,,,,,,,,,
S22,6,2030-04-13T18:15:35.807Z,post_feedback_edit,cbf48ce8-0eba-4f72-9595-9a03265256d4,,,,,,,,0.612,12,,,,,,,,,,,,,,,,,,,
S22,6,2030-04-13T18:15:40.963Z,returned_to_code,cbf48ce8-0eba-4f72-9595-9a03265256d4,3,,,,,21211,,,,,,,,,,,,,,,,,,,,,,
S12,6,2030-04-13T19:29:59.040Z,returned_to_code,0e54d3a4-acae-4b26-a85f-643f39e5935c,1,,,,,83597,,,,,,,,,,,,,,,,,,,,,,
S12,6,2030-04-13T19:30:21.843Z,explanation_visibility,0e54d3a4-acae-4b26-a85f-643f39e5935c,,,,10863,0,,,,,,,,,,,,,,,,,,,,,,,
S12,6,2030-04-13T19:34:00.000Z,file_cleared,,,,,,,,,,,,,,hw6.py,291649,13,3,0,,,,,,,,,,,
S12,6,2030-04-13T19:34:59.798Z,returned_to_code,5ce3850a-5a6a-4737-bb77-d29924f44364,1,,,,,2895,,,,,,,,,,,,,,,,,,,,,,
S12,6,2030-04-13T19:36:05.188Z,explanation_visibility,5ce3850a-5a6a-4737-bb77-d29924f44364,,,,15947,0,,,,,,,,,,,,,,,,,,,,,,,
S12,6,2030-04-13T19:36:59.419Z,returned_to_code,af824d83-4253-46bb-ba85-152cbaabb9ef,1,,,,,55144,,,,,,,,,,,,,,,,,,,,,,
S12,6,2030-04-13T19:37:00.522Z,explanation_visibility,af824d83-4253-46bb-ba85-152cbaabb9ef,,,,13239,1,,,,,,,,,,,,,,,,,,,,,,,
S12,6,2030-04-13T19:39:15.833Z,explanation_copied,af824d83-4253-46bb-ba85-152cbaabb9ef,L0,,,,,,,,,,,,,,,,,,,,,,,,,,,
S05,6,2030-04-13T19:48:00.000Z,file_cleared,,,,,,,,,,,,,,hw6.py,318222,15,2,0,,,,,,,,,,,
S19,6,2030-04-14T14:50:00.000Z,file_cleared,,,,,,,,,,,,,,hw6.py,117219,7,3,0,,,,,,,,,,,
S19,6,2030-04-14T14:58:00.000Z,file_cleared,,,,,,,,,,,,,,hw6.py,603148,13,2,0,,,,,,,,,,,
S23,6,2030-04-14T16:30:17.448Z,returned_to_code,30b68668-d280-4a7b-8fec-21d46c6c224f,1,,,,,21793,,,,,,,,,,,,,,,,,,,,,,
S23,6,2030-04-14T16:31:17.666Z,explanation_visibility,30b68668-d280-4a7b-8fec-21d46c6c224f,,,,36570,1,,,,,,,,,,,,,,,,,,,,,,,
S23,6,2030-04-14T16:33:19.663Z,diagnostic_resolved,da35525f-f809-4602-ad6c-0fe878281879,,,,,,,,,,28712,107584,5,,,,,,,,,,,,,,,,
S23,6,2030-04-14T16:33:48.590Z,diagnostic_resolved,30b68668-d280-4a7b-8fec-21d46c6c224f,,,,,,,,,,232935,241546,6,,,,,,,,,,,,,,,,
S23,6,2030-04-14T16:33:59.481Z,level_reached,da35525f-f809-4602-ad6c-0fe878281879,2,1,68530,,,,,,,,,,,,,,,,,,,,,,,,,
S23,6,2030-04-14T16:34:06.215Z,returned_to_code,da35525f-f809-4602-ad6c-0fe878281879,2,,,,,6734,,,,,,,,,,,,,,,,,,,,,,
S23,6,2030-04-14T16:34:28.157Z,explanation_visibility,da35525f-f809-4602-ad6c-0fe878281879,,,,81999,1,,,,,,,,,,,,,,,,,,,,,,,
S23,6,2030-04-14T16:35:32.192Z,level_reached,17e2acc0-eff4-4061-95de-64138f28cdbb,2,1,31357,,,,,,,,,,,,,,,,,,,,,,,,,
S23,6,2030-04-14T16:35:54.758Z,explanation_visibility,17e2acc0-eff4-4061-95de-64138f28cdbb,,,,28436,1,,,,,,,,,,,,,,,,,,,,,,,
S23,6,2030-04-14T16:36:18.529Z,level_reached,17e2acc0-eff4-4061-95de-64138f28cdbb,3,1,77694,,,,,,,,,,,,,,,,,,,,,,,,,
S23,6,2030-04-14T16:36:22.596Z,returned_to_code,17e2acc0-eff4-4061-95de-64138f28cdbb,3,,,,,4067,,,,,,,,,,,,,,,,,,,,,,
S23,6,2030-04-14T16:36:46.890Z,post_feedback_edit,17e2acc0-eff4-4061-95de-64138f28cdbb,,,,,,,,0.152,0,,,,,,,,,,,,,,,,,,,
S05,6,2030-04-14T19:09:18.083Z,returned_to_code,848ec5a5-cda5-4fa9-8bfa-a9a97dc51518,1,,,,,21726,,,,,,,,,,,,,,,,,,,,,,
S05,6,2030-04-14T19:09:56.241Z,diagnostic_resolved,848ec5a5-cda5-4fa9-8bfa-a9a97dc51518,,,,,,,,,,59884,82797,9,,,,,,,,,,,,,,,,
S05,6,2030-04-14T19:10:00.000Z,explanation_reopened,88fcdedd-bd58-40e8-92e5-7ffdb377efd3,,,,,,,,,,,,,,,,,,,,,,,,,,,,
S05,6,2030-04-14T19:11:18.776Z,explanation_visibility,848ec5a5-cda5-4fa9-8bfa-a9a97dc51518,,,,77384,1,,,,,,,,,,,,,,,,,,,,,,,
S05,6,2030-04-14T19:31:48.517Z,request_failed,,,,,,,,,,,,,,,,,,,,,,,,,backend,rate_limited,2732,,
S05,6,2030-04-14T19:34:00.000Z,file_cleared,,,,,,,,,,,,,,hw6.py,788229,26,5,2,,,,,,,,,,,
S05,6,2030-04-14T19:37:09.503Z,returned_to_code,9d050748-94ba-4e4d-8fda-38570bde3d72,1,,,,,23058,,,,,,,,,,,,,,,,,,,,,,
S05,6,2030-04-14T19:38:15.626Z,explanation_visibility,9d050748-94ba-4e4d-8fda-38570bde3d72,,,,38641,1,,,,,,,,,,,,,,,,,,,,,,,
S05,6,2030-04-14T19:40:16.445Z,level_reached,a3b9f07e-73fe-4cda-9fa8-d065fb30504e,2,1,16138,,,,,,,,,,,,,,,,,,,,,,,,,
S05,6,2030-04-14T19:40:51.282Z,level_reached,a3b9f07e-73fe-4cda-9fa8-d065fb30504e,3,1,50975,,,,,,,,,,,,,,,,,,,,,,,,,
S05,6,2030-04-14T19:41:07.037Z,post_feedback_edit,a3b9f07e-73fe-4cda-9fa8-d065fb30504e,,,,,,,,0.353,0,,,,,,,,,,,,,,,,,,,
S05,6,2030-04-14T19:41:10.328Z,returned_to_code,a3b9f07e-73fe-4cda-9fa8-d065fb30504e,3,,,,,19046,,,,,,,,,,,,,,,,,,,,,,
S05,6,2030-04-14T19:41:21.497Z,diagnostic_resolved,a3b9f07e-73fe-4cda-9fa8-d065fb30504e,,,,,,,,,,81190,107844,4,,,,,,,,,,,,,,,,
S05,6,2030-04-14T19:49:00.502Z,explanation_visibility,a3b9f07e-73fe-4cda-9fa8-d065fb30504e,,,,496779,1,,,,,,,,,,,,,,,,,,,,,,,
S05,6,2030-04-14T19:58:35.745Z,explanation_visibility,48acb247-2d89-41b3-9231-65f1b6835819,,,,110782,1,,,,,,,,,,,,,,,,,,,,,,,
S05,6,2030-04-14T20:04:00.000Z,file_cleared,,,,,,,,,,,,,,hw6.py,145385,20,3,1,,,,,,,,,,,
S05,6,2030-04-14T20:05:37.204Z,feedback_abandoned,48acb247-2d89-41b3-9231-65f1b6835819,1,,,,,,timeout,,,,,,,,,,,,,,,,,,,,,
S22,7,2030-04-16T07:08:31.009Z,level_reached,3599ff01-e940-4835-adb4-a79acb2743c8,2,1,16647,,,,,,,,,,,,,,,,,,,,,,,,,
S22,7,2030-04-16T07:08:45.140Z,diagnostic_resolved,3599ff01-e940-4835-adb4-a79acb2743c8,,,,,,,,,,30778,65927,3,,,,,,,,,,,,,,,,
S22,7,2030-04-16T07:09:19.855Z,level_reached,3599ff01-e940-4835-adb4-a79acb2743c8,3,1,65493,,,,,,,,,,,,,,,,,,,,,,,,,
S22,7,2030-04-16T07:09:31.674Z,post_feedback_edit,3599ff01-e940-4835-adb4-a79acb2743c8,,,,,,,,0.637,0,,,,,,,,,,,,,,,,,,,
S22,7,2030-04-16T07:09:38.152Z,explanation_visibility,3599ff01-e940-4835-adb4-a79acb2743c8,,,,57573,1,,,,,,,,,,,,,,,,,,,,,,,
S22,7,2030-04-16T07:09:58.745Z,returned_to_code,3599ff01-e940-4835-adb4-a79acb2743c8,3,,,,,38890,,,,,,,,,,,,,,,,,,,,,,
S22,7,2030-04-16T07:10:28.063Z,level_reached,20d598a0-02a3-47d0-a08b-e22d310604f6,2,1,60338,,,,,,,,,,,,,,,,,,,,,,,,,
S20,7,2030-04-16T07:10:52.571Z,returned_to_code,174b183c-a634-4d20-b880-147f7cbf2605,1,,,,,2554,,,,,,,,,,,,,,,,,,,,,,
S20,7,2030-04-16T07:10:59.329Z,diagnostic_resolved,174b183c-a634-4d20-b880-147f7cbf2605,,,,,,,,,,9312,20071,11,,,,,,,,,,,,,,,,
S22,7,2030-04-16T07:11:15.979Z,level_reached,20d598a0-02a3-47d0-a08b-e22d310604f6,3,1,108254,,,,,,,,,,,,,,,,,,,,,,,,,
S16,7,2030-04-16T07:12:00.000Z,file_cleared,,,,,,,,,,,,,,lab7_dicts.py,393748,22,4,0,,,,,,,,,,,
S20,7,2030-04-16T07:12:52.157Z,explanation_visibility,174b183c-a634-4d20-b880-147f7cbf2605,,,,65652,1,,,,,,,,,,,,,,,,,,,,,,,
S05,7,2030-04-16T07:13:00.000Z,file_cleared,,,,,,,,,,,,,,lab7_dicts.py,444419,13,2,2,,,,,,,,,,,
S09,7,2030-04-16T07:14:00.000Z,file_cleared,,,,,,,,,,,,,,lab7_dicts.py,159657,8,2,0,,,,,,,,,,,
S22,7,2030-04-16T07:14:04.405Z,explanation_visibility,20d598a0-02a3-47d0-a08b-e22d310604f6,,,,86639,1,,,,,,,,,,,,,,,,,,,,,,,
S05,7,2030-04-16T07:15:00.000Z,run_finished,,,,,,,,,,,,,,,,,,,0,1,,,,,,,,,
S02,7,2030-04-16T07:16:00.000Z,run_finished,,,,,,,,,,,,,,,,,,,0,1,,,,,,,,,
S21,7,2030-04-16T07:16:48.780Z,level_reached,c5005071-d863-4486-b7c4-8a7bacbd86e5,2,1,40613,,,,,,,,,,,,,,,,,,,,,,,,,
S21,7,2030-04-16T07:16:50.148Z,diagnostic_resolved,c5005071-d863-4486-b7c4-8a7bacbd86e5,,,,,,,,,,41981,60879,2,,,,,,,,,,,,,,,,
S21,7,2030-04-16T07:17:31.014Z,explanation_visibility,c5005071-d863-4486-b7c4-8a7bacbd86e5,,,,17234,1,,,,,,,,,,,,,,,,,,,,,,,
S21,7,2030-04-16T07:17:31.151Z,returned_to_code,c5005071-d863-4486-b7c4-8a7bacbd86e5,2,,,,,42371,,,,,,,,,,,,,,,,,,,,,,
S01,7,2030-04-16T07:18:00.000Z,file_cleared,,,,,,,,,,,,,,lab7_dicts.py,801586,20,4,0,,,,,,,,,,,
S02,7,2030-04-16T07:18:11.196Z,returned_to_code,a2f4e525-0c72-47f0-8b04-d31910da2aaf,1,,,,,31798,,,,,,,,,,,,,,,,,,,,,,
S14,7,2030-04-16T07:18:14.239Z,level_reached,915f6b14-46dd-49b6-a6d4-b8e37572b9db,2,1,30091,,,,,,,,,,,,,,,,,,,,,,,,,
S14,7,2030-04-16T07:18:17.191Z,returned_to_code,915f6b14-46dd-49b6-a6d4-b8e37572b9db,2,,,,,2952,,,,,,,,,,,,,,,,,,,,,,
S14,7,2030-04-16T07:18:41.868Z,diagnostic_resolved,915f6b14-46dd-49b6-a6d4-b8e37572b9db,,,,,,,,,,57720,110509,6,,,,,,,,,,,,,,,,
S02,7,2030-04-16T07:18:59.556Z,explanation_visibility,a2f4e525-0c72-47f0-8b04-d31910da2aaf,,,,30139,1,,,,,,,,,,,,,,,,,,,,,,,
S23,7,2030-04-16T07:19:00.000Z,run_finished,,,,,,,,,,,,,,,,,,,0,1,,,,,,,,,
S23,7,2030-04-16T07:19:31.986Z,level_reached,85bb45ce-311a-42d5-ab2e-e69c68d912b6,2,1,14185,,,,,,,,,,,,,,,,,,,,,,,,,
S02,7,2030-04-16T07:19:46.821Z,level_reached,9fc50491-466b-4dad-9bf8-c7b67b6f4977,2,1,12521,,,,,,,,,,,,,,,,,,,,,,,,,
S02,7,2030-04-16T07:19:51.489Z,returned_to_code,9fc50491-466b-4dad-9bf8-c7b67b6f4977,2,,,,,4668,,,,,,,,,,,,,,,,,,,,,,
S05,7,2030-04-16T07:19:56.524Z,level_reached,f773193d-957b-4b3a-86be-e6044b3dc47e,2,1,5341,,,,,,,,,,,,,,,,,,,,,,,,,
S23,7,2030-04-16T07:19:59.121Z,level_reached,85bb45ce-311a-42d5-ab2e-e69c68d912b6,3,1,41320,,,,,,,,,,,,,,,,,,,,,,,,,
S21,7,2030-04-16T07:20:00.000Z,file_cleared,,,,,,,,,,,,,,lab7_dicts.py,434064,13,4,1,,,,,,,,,,,
S23,7,2030-04-16T07:20:01.165Z,diagnostic_resolved,85bb45ce-311a-42d5-ab2e-e69c68d912b6,,,,,,,,,,43364,,,,,,,,,,,,,,,,,,
S14,7,2030-04-16T07:20:13.680Z,explanation_visibility,915f6b14-46dd-49b6-a6d4-b8e37572b9db,,,,46282,1,,,,,,,,,,,,,,,,,,,,,,,
S05,7,2030-04-16T07:20:22.272Z,level_reached,f773193d-957b-4b3a-86be-e6044b3dc47e,3,1,31089,,,,,,,,,,,,,,,,,,,,,,,,,
S02,7,2030-04-16T07:20:47.088Z,diagnostic_resolved,a2f4e525-0c72-47f0-8b04-d31910da2aaf,,,,,,,,,,187690,212658,8,,,,,,,,,,,,,,,,
S05,7,2030-04-16T07:20:52.164Z,post_feedback_edit,f773193d-957b-4b3a-86be-e6044b3dc47e,,,,,,,,0.345,1,,,,,,,,,,,,,,,,,,,
S18,7,2030-04-16T07:21:00.000Z,file_cleared,,,,,,,,,,,,,,lab7_dicts.py,614712,14,3,0,,,,,,,,,,,
S23,7,2030-04-16T07:21:05.434Z,returned_to_code,85bb45ce-311a-42d5-ab2e-e69c68d912b6,3,,,,,66313,,,,,,,,,,,,,,,,,,,,,,
S05,7,2030-04-16T07:21:06.288Z,returned_to_code,f773193d-957b-4b3a-86be-e6044b3dc47e,3,,,,,44016,,,,,,,,,,,,,,,,,,,,,,
S22,7,2030-04-16T07:21:15.979Z,feedback_abandoned,20d598a0-02a3-47d0-a08b-e22d310604f6,3,,,,,,timeout,,,,,,,,,,,,,,,,,,,,,
S14,7,2030-04-16T07:21:24.651Z,level_reached,a8d58505-97bd-44d4-8d20-eef83723f247,2,1,10370,,,,,,,,,,,,,,,,,,,,,,,,,
S14,7,2030-04-16T07:21:31.154Z,returned_to_code,a8d58505-97bd-44d4-8d20-eef83723f247,2,,,,,6503,,,,,,,,,,,,,,,,,,,,,,
S10,7,2030-04-16T07:21:34.836Z,explanation_visibility,7c121799-b796-4368-ac18-714caa46e81b,,,,7383,1,,,,,,,,,,,,,,,,,,,,,,,
S02,7,2030-04-16T07:21:51.026Z,explanation_visibility,9fc50491-466b-4dad-9bf8-c7b67b6f4977,,,,44975,1,,,,,,,,,,,,,,,,,,,,,,,
S18,7,2030-04-16T07:21:56.314Z,returned_to_code,18655407-22f1-4f51-af08-9d8947084bf3,1,,,,,5643,,,,,,,,,,,,,,,,,,,,,,
S12,7,2030-04-16T07:22:00.000Z,file_cleared,,,,,,,,,,,,,,lab7_dicts.py,325635,14,5,1,,,,,,,,,,,
S02,7,2030-04-16T07:22:00.000Z,question_picker_abandoned,,,,,,,,,,,,,,,,,,,,,preset,selection_codelens,19,361,,,,,
S10,7,2030-04-16T07:22:20.925Z,returned_to_code,7c121799-b796-4368-ac18-714caa46e81b,1,,,,,62600,,,,,,,,,,,,,,,,,,,,,,
S05,7,2030-04-16T07:22:24.833Z,diagnostic_resolved,f773193d-957b-4b3a-86be-e6044b3dc47e,,,,,,,,,,153650,191348,5,,,,,,,,,,,,,,,,
S23,7,2030-04-16T07:22:32.445Z,explanation_visibility,85bb45ce-311a-42d5-ab2e-e69c68d912b6,,,,37645,1,,,,,,,,,,,,,,,,,,,,,,,
S17,7,2030-04-16T07:23:00.000Z,file_cleared,,,,,,,,,,,,,,lab7_dicts.py,430138,12,1,0,,,,,,,,,,,
S23,7,2030-04-16T07:23:00.000Z,run_finished,,,,,,,,,,,,,,,,,,,1,0,,,,,,,,,
S05,7,2030-04-16T07:23:08.120Z,explanation_visibility,f773193d-957b-4b3a-86be-e6044b3dc47e,,,,143381,1,,,,,,,,,,,,,,,,,,,,,,,
S14,7,2030-04-16T07:23:13.319Z,explanation_visibility,a8d58505-97bd-44d4-8d20-eef83723f247,,,,53593,0,,,,,,,,,,,,,,,,,,,,,,,
S07,7,2030-04-16T07:23:40.103Z,returned_to_code,a19318e0-c354-46f2-9730-01f3eea509ca,1,,,,,19803,,,,,,,,,,,,,,,,,,,,,,
S14,7,2030-04-16T07:24:00.000Z,explanation_reopened,80d715ef-25f8-4215-b790-45bd51ab7684,,,,,,,,,,,,,,,,,,,,,,,,,,,,
S18,7,2030-04-16T07:24:04.027Z,explanation_visibility,18655407-22f1-4f51-af08-9d8947084bf3,,,,4977,0,,,,,,,,,,,,,,,,,,,,,,,
S24,7,2030-04-16T07:25:00.000Z,explanation_reopened,3427fa66-31db-43e9-8d0e-45be4fbcd2a8,,,,,,,,,,,,,,,,,,,,,,,,,,,,
S12,7,2030-04-16T07:25:40.269Z,level_reached,478ab9e7-9457-409f-bff4-e1210e18fb01,2,1,12594,,,,,,,,,,,,,,,,,,,,,,,,,
S14,7,2030-04-16T07:25:51.496Z,diagnostic_resolved,a8d58505-97bd-44d4-8d20-eef83723f247,,,,,,,,,,277215,345845,2,,,,,,,,,,,,,,,,
S12,7,2030-04-16T07:25:56.414Z,returned_to_code,478ab9e7-9457-409f-bff4-e1210e18fb01,2,,,,,16145,,,,,,,,,,,,,,,,,,,,,,
S19,7,2030-04-16T07:26:00.000Z,file_cleared,,,,,,,,,,,,,,lab7_dicts.py,139597,13,2,1,,,,,,,,,,,
S07,7,2030-04-16T07:26:00.000Z,question_picker_abandoned,,,,,,,,,,,,,,,,,,,,,preset,selection_codelens,18,396,,,,,
S12,7,2030-04-16T07:26:55.366Z,explanation_visibility,478ab9e7-9457-409f-bff4-e1210e18fb01,,,,19242,1,,,,,,,,,,,,,,,,,,,,,,,
S09,7,2030-04-16T07:27:00.000Z,file_cleared,,,,,,,,,,,,,,lab7_dicts.py,924111,19,4,0,,,,,,,,,,,
S16,7,2030-04-16T07:27:00.000Z,file_cleared,,,,,,,,,,,,,,lab7_dicts.py,510850,8,1,0,,,,,,,,,,,
S17,7,2030-04-16T07:27:00.000Z,run_finished,,,,,,,,,,,,,,,,,,,1,0,,,,,,,,,
S12,7,2030-04-16T07:27:35.637Z,diagnostic_resolved,478ab9e7-9457-409f-bff4-e1210e18fb01,,,,,,,,,,127962,147796,3,,,,,,,,,,,,,,,,
S06,7,2030-04-16T07:28:00.000Z,file_cleared,,,,,,,,,,,,,,lab7_dicts.py,907723,11,3,3,,,,,,,,,,,
S07,7,2030-04-16T07:28:15.291Z,diagnostic_resolved,a19318e0-c354-46f2-9730-01f3eea509ca,,,,,,,,,,294991,315937,6,,,,,,,,,,,,,,,,
S14,7,2030-04-16T07:28:20.205Z,level_reached,869c67f6-2282-4228-8ad9-c2303cff9547,2,1,30354,,,,,,,,,,,,,,,,,,,,,,,,,
S14,7,2030-04-16T07:28:42.232Z,level_reached,869c67f6-2282-4228-8ad9-c2303cff9547,3,1,52381,,,,,,,,,,,,,,,,,,,,,,,,,
S20,7,2030-04-16T07:29:00.000Z,file_cleared,,,,,,,,,,,,,,lab7_dicts.py,1175339,17,2,1,,,,,,,,,,,
S14,7,2030-04-16T07:29:00.000Z,file_cleared,,,,,,,,,,,,,,lab7_dicts.py,288502,17,5,2,,,,,,,,,,,
S14,7,2030-04-16T07:29:03.970Z,post_feedback_edit,869c67f6-2282-4228-8ad9-c2303cff9547,,,,,,,,0.583,0,,,,,,,,,,,,,,,,,,,
S14,7,2030-04-16T07:29:11.776Z,diagnostic_resolved,869c67f6-2282-4228-8ad9-c2303cff9547,,,,,,,,,,81925,92252,3,,,,,,,,,,,,,,,,
S14,7,2030-04-16T07:29:20.477Z,returned_to_code,869c67f6-2282-4228-8ad9-c2303cff9547,3,,,,,38245,,,,,,,,,,,,,,,,,,,,,,
S15,7,2030-04-16T07:29:26.034Z,level_reached,4c087162-e85e-4b1d-a671-67e9a4ee1e43,2,1,10748,,,,,,,,,,,,,,,,,,,,,,,,,
S14,7,2030-04-16T07:30:00.000Z,question_picker_abandoned,,,,,,,,,,,,,,,,,,,,,free_text,selection_status_bar,7,210,,,,,
S06,7,2030-04-16T07:30:39.804Z,returned_to_code,276894ba-95f1-49f2-9c36-16ec7cdf6787,1,,,,,15229,,,,,,,,,,,,,,,,,,,,,,
S07,7,2030-04-16T07:30:40.975Z,returned_to_code,c5cde69f-1170-4661-b47c-f78242e3aa26,1,,,,,24430,,,,,,,,,,,,,,,,,,,,,,
S07,7,2030-04-16T07:30:54.498Z,explanation_visibility,c5cde69f-1170-4661-b47c-f78242e3aa26,,,,25463,1,,,,,,,,,,,,,,,,,,,,,,,
S14,7,2030-04-16T07:30:56.855Z,explanation_visibility,869c67f6-2282-4228-8ad9-c2303cff9547,,,,64736,1,,,,,,,,,,,,,,,,,,,,,,,
S20,7,2030-04-16T07:31:00.000Z,question_picker_abandoned,,,,,,,,,,,,,,,,,,,,,preset,selection_codelens,20,700,,,,,
S15,7,2030-04-16T07:31:03.881Z,explanation_visibility,4c087162-e85e-4b1d-a671-67e9a4ee1e43,,,,23698,0,,,,,,,,,,,,,,,,,,,,,,,
S06,7,2030-04-16T07:31:30.528Z,diagnostic_resolved,276894ba-95f1-49f2-9c36-16ec7cdf6787,,,,,,,,,,65953,148334,5,,,,,,,,,,,,,,,,
S06,7,2030-04-16T07:32:45.972Z,explanation_visibility,276894ba-95f1-49f2-9c36-16ec7cdf6787,,,,35566,1,,,,,,,,,,,,,,,,,,,,,,,
S18,7,2030-04-16T07:33:00.000Z,file_cleared,,,,,,,,,,,,,,lab7_dicts.py,186454,21,4,0,,,,,,,,,,,
S22,7,2030-04-16T07:33:00.000Z,question_picker_abandoned,,,,,,,,,,,,,,,,,,,,,preset,selection_keybinding,2,74,,,,,
S07,7,2030-04-16T07:33:42.307Z,level_reached,dede0073-437a-4775-9bfe-211b32548a29,2,1,22387,,,,,,,,,,,,,,,,,,,,,,,,,
S05,7,2030-04-16T07:34:46.213Z,returned_to_code,05b37adc-04f4-49a3-8edf-fb1e8f4ce130,1,,,,,3998,,,,,,,,,,,,,,,,,,,,,,
S07,7,2030-04-16T07:35:21.339Z,explanation_visibility,dede0073-437a-4775-9bfe-211b32548a29,,,,55964,1,,,,,,,,,,,,,,,,,,,,,,,
S10,7,2030-04-16T07:36:00.000Z,question_picker_abandoned,,,,,,,,,,,,,,,,,,,,,preset,selection_keybinding,6,150,,,,,
S07,7,2030-04-16T07:37:30.730Z,returned_to_code,dede0073-437a-4775-9bfe-211b32548a29,2,,,,,228423,,,,,,,,,,,,,,,,,,,,,,
S25,7,2030-04-16T07:37:48.275Z,returned_to_code,4e7117a1-e76b-4cb5-97c5-b38aadc3d235,1,,,,,34791,,,,,,,,,,,,,,,,,,,,,,
S08,7,2030-04-16T07:37:54.748Z,returned_to_code,b59550f5-7b9f-4100-bf96-cd1648f5eb3e,1,,,,,5895,,,,,,,,,,,,,,,,,,,,,,
S07,7,2030-04-16T07:38:00.000Z,file_cleared,,,,,,,,,,,,,,lab7_dicts.py,543120,26,3,0,,,,,,,,,,,
S25,7,2030-04-16T07:38:06.726Z,diagnostic_resolved,4e7117a1-e76b-4cb5-97c5-b38aadc3d235,,,,,,,,,,53242,66670,8,,,,,,,,,,,,,,,,
S05,7,2030-04-16T07:38:20.454Z,explanation_visibility,05b37adc-04f4-49a3-8edf-fb1e8f4ce130,,,,23179,1,,,,,,,,,,,,,,,,,,,,,,,
S08,7,2030-04-16T07:38:37.941Z,explanation_visibility,b59550f5-7b9f-4100-bf96-cd1648f5eb3e,,,,13182,0,,,,,,,,,,,,,,,,,,,,,,,
S05,7,2030-04-16T07:39:00.143Z,diagnostic_resolved,05b37adc-04f4-49a3-8edf-fb1e8f4ce130,,,,,,,,,,257928,315808,1,,,,,,,,,,,,,,,,
S22,7,2030-04-16T07:39:20.454Z,explanation_visibility,9462e5fc-2e0b-4cb2-8997-e89aa4aea45e,,,,8599,1,,,,,,,,,,,,,,,,,,,,,,,
S15,7,2030-04-16T07:39:26.034Z,feedback_abandoned,4c087162-e85e-4b1d-a671-67e9a4ee1e43,2,,,,,,timeout,,,,,,,,,,,,,,,,,,,,,
S12,7,2030-04-16T07:39:28.932Z,level_reached,217f045f-1242-4a4f-927f-5858d034f028,2,1,12492,,,,,,,,,,,,,,,,,,,,,,,,,
S25,7,2030-04-16T07:39:29.733Z,explanation_visibility,4e7117a1-e76b-4cb5-97c5-b38aadc3d235,,,,37943,1,,,,,,,,,,,,,,,,,,,,,,,
S12,7,2030-04-16T07:39:47.909Z,level_reached,217f045f-1242-4a4f-927f-5858d034f028,3,1,31469,,,,,,,,,,,,,,,,,,,,,,,,,
S06,7,2030-04-16T07:40:00.000Z,file_cleared,,,,,,,,,,,,,,lab7_dicts.py,413003,13,3,3,,,,,,,,,,,
S12,7,2030-04-16T07:40:09.568Z,post_feedback_edit,217f045f-1242-4a4f-927f-5858d034f028,,,,,,,,0.076,5,,,,,,,,,,,,,,,,,,,
S22,7,2030-04-16T07:40:24.185Z,diagnostic_resolved,9462e5fc-2e0b-4cb2-8997-e89aa4aea45e,,,,,,,,,,160331,181376,1,,,,,,,,,,,,,,,,
S23,7,2030-04-16T07:40:55.234Z,explanation_visibility,34fee7d2-29b9-4cc0-9676-d4f65ddccf1e,,,,61254,1,,,,,,,,,,,,,,,,,,,,,,,
S09,7,2030-04-16T07:40:58.231Z,returned_to_code,cdafcf68-f38e-4010-9427-a59795b0a79c,1,,,,,4938,,,,,,,,,,,,,,,,,,,,,,
S23,7,2030-04-16T07:41:00.000Z,file_cleared,,,,,,,,,,,,,,lab7_dicts.py,325067,16,2,1,,,,,,,,,,,
S05,7,2030-04-16T07:41:16.017Z,returned_to_code,1a4c2ebe-142a-44f8-95d8-d1cd1a0a0ca8,1,,,,,31676,,,,,,,,,,,,,,,,,,,,,,
S23,7,2030-04-16T07:41:28.946Z,diagnostic_resolved,34fee7d2-29b9-4cc0-9676-d4f65ddccf1e,,,,,,,,,,116554,196529,3,,,,,,,,,,,,,,,,
S23,7,2030-04-16T07:41:32.364Z,returned_to_code,a2a49120-ea53-4c2f-8214-22616d36ce65,1,,,,,22147,,,,,,,,,,,,,,,,,,,,,,
S23,7,2030-04-16T07:41:38.166Z,diagnostic_resolved,a2a49120-ea53-4c2f-8214-22616d36ce65,,,,,,,,,,27949,62274,3,,,,,,,,,,,,,,,,
S05,7,2030-04-16T07:41:51.938Z,explanation_visibility,1a4c2ebe-142a-44f8-95d8-d1cd1a0a0ca8,,,,18051,1,,,,,,,,,,,,,,,,,,,,,,,
S09,7,2030-04-16T07:41:58.826Z,explanation_visibility,cdafcf68-f38e-4010-9427-a59795b0a79c,,,,43161,1,,,,,,,,,,,,,,,,,,,,,,,
S14,7,2030-04-16T07:42:14.386Z,level_reached,4be9f44c-9e41-4e1c-8d63-db843fe8c541,2,1,11697,,,,,,,,,,,,,,,,,,,,,,,,,
S12,7,2030-04-16T07:42:27.546Z,explanation_visibility,217f045f-1242-4a4f-927f-5858d034f028,,,,44528,0,,,,,,,,,,,,,,,,,,,,,,,
S14,7,2030-04-16T07:42:28.068Z,level_reached,4be9f44c-9e41-4e1c-8d63-db843fe8c541,3,1,25379,,,,,,,,,,,,,,,,,,,,,,,,,
S14,7,2030-04-16T07:42:28.662Z,diagnostic_resolved,4be9f44c-9e41-4e1c-8d63-db843fe8c541,,,,,,,,,,25973,78930,5,,,,,,,,,,,,,,,,
S14,7,2030-04-16T07:42:49.316Z,post_feedback_edit,4be9f44c-9e41-4e1c-8d63-db843fe8c541,,,,,,,,0.388,0,,,,,,,,,,,,,,,,,,,
S10,7,2030-04-16T07:43:00.000Z,file_cleared,,,,,,,,,,,,,,lab7_dicts.py,1147959,9,1,1,,,,,,,,,,,
S25,7,2030-04-16T07:43:00.000Z,file_cleared,,,,,,,,,,,,,,lab7_dicts.py,251482,13,2,0,,,,,,,,,,,
S14,7,2030-04-16T07:43:06.867Z,returned_to_code,4be9f44c-9e41-4e1c-8d63-db843fe8c541,3,,,,,38799,,,,,,,,,,,,,,,,,,,,,,
S14,7,2030-04-16T07:43:37.220Z,explanation_visibility,4be9f44c-9e41-4e1c-8d63-db843fe8c541,,,,25302,1,,,,,,,,,,,,,,,,,,,,,,,
S17,7,2030-04-16T07:44:00.000Z,file_cleared,,,,,,,,,,,,,,lab7_dicts.py,243869,11,1,0,,,,,,,,,,,
S07,7,2030-04-16T07:45:00.000Z,file_cleared,,,,,,,,,,,,,,lab7_dicts.py,1529047,8,1,0,,,,,,,,,,,
S07,7,2030-04-16T07:46:00.000Z,file_cleared,,,,,,,,,,,,,,lab7_dicts.py,668305,15,2,1,,,,,,,,,,,
S17,7,2030-04-16T07:46:00.000Z,question_picker_abandoned,,,,,,,,,,,,,,,,,,,,,preset,selection_codelens,5,170,,,,,
S16,7,2030-04-16T07:46:00.000Z,run_finished,,,,,,,,,,,,,,,,,,,0,1,,,,,,,,,
S23,7,2030-04-16T07:46:24.702Z,explanation_visibility,a2a49120-ea53-4c2f-8214-22616d36ce65,,,,37669,1,,,,,,,,,,,,,,,,,,,,,,,
S22,7,2030-04-16T07:47:43.854Z,feedback_abandoned,9462e5fc-2e0b-4cb2-8997-e89aa4aea45e,1,,,,,,session_end,,,,,,,,,,,,,,,,,,,,,
S17,7,2030-04-16T07:48:00.000Z,file_cleared,,,,,,,,,,,,,,lab7_dicts.py,580538,15,4,1,,,,,,,,,,,
S15,7,2030-04-16T07:48:08.740Z,returned_to_code,c8b8a8f9-e1b8-44d6-8381-806e0852a3c7,1,,,,,5323,,,,,,,,,,,,,,,,,,,,,,
S21,7,2030-04-16T07:49:05.255Z,diagnostic_resolved,eefe5b51-394e-47fe-a8cf-5f39a6c2a751,,,,,,,,,,68724,91986,3,,,,,,,,,,,,,,,,
S21,7,2030-04-16T07:49:05.872Z,level_reached,eefe5b51-394e-47fe-a8cf-5f39a6c2a751,2,1,69341,,,,,,,,,,,,,,,,,,,,,,,,,
S21,7,2030-04-16T07:49:20.467Z,level_reached,eefe5b51-394e-47fe-a8cf-5f39a6c2a751,3,1,83936,,,,,,,,,,,,,,,,,,,,,,,,,
S23,7,2030-04-16T07:49:32.392Z,feedback_abandoned,34fee7d2-29b9-4cc0-9676-d4f65ddccf1e,1,,,,,,session_end,,,,,,,,,,,,,,,,,,,,,
S21,7,2030-04-16T07:49:32.849Z,returned_to_code,eefe5b51-394e-47fe-a8cf-5f39a6c2a751,3,,,,,12382,,,,,,,,,,,,,,,,,,,,,,
S15,7,2030-04-16T07:49:39.037Z,explanation_visibility,c8b8a8f9-e1b8-44d6-8381-806e0852a3c7,,,,38417,1,,,,,,,,,,,,,,,,,,,,,,,
S17,7,2030-04-16T07:49:39.442Z,returned_to_code,4347a767-6654-4d2f-9565-be2189ac9516,1,,,,,8311,,,,,,,,,,,,,,,,,,,,,,
S12,7,2030-04-16T07:49:47.909Z,feedback_abandoned,217f045f-1242-4a4f-927f-5858d034f028,3,,,,,,timeout,,,,,,,,,,,,,,,,,,,,,
S01,7,2030-04-16T07:50:00.000Z,file_cleared,,,,,,,,,,,,,,lab7_dicts.py,1157624,8,1,1,,,,,,,,,,,
S22,7,2030-04-16T07:50:31.549Z,level_reached,be0cce3c-5314-4dfd-b2b5-6f1e929ee039,2,1,8194,,,,,,,,,,,,,,,,,,,,,,,,,
S22,7,2030-04-16T07:50:51.848Z,returned_to_code,be0cce3c-5314-4dfd-b2b5-6f1e929ee039,2,,,,,20299,,,,,,,,,,,,,,,,,,,,,,
S15,7,2030-04-16T07:50:57.815Z,diagnostic_resolved,c8b8a8f9-e1b8-44d6-8381-806e0852a3c7,,,,,,,,,,174398,199608,3,,,,,,,,,,,,,,,,
S22,7,2030-04-16T07:51:13.436Z,diagnostic_resolved,be0cce3c-5314-4dfd-b2b5-6f1e929ee039,,,,,,,,,,50081,170324,3,,,,,,,,,,,,,,,,
S24,7,2030-04-16T07:51:17.615Z,level_reached,b2f24947-15a3-492f-85ce-3af20d87f6b6,2,1,36737,,,,,,,,,,,,,,,,,,,,,,,,,
S24,7,2030-04-16T07:51:23.431Z,diagnostic_resolved,b2f24947-15a3-492f-85ce-3af20d87f6b6,,,,,,,,,,42553,107056,4,,,,,,,,,,,,,,,,
S24,7,2030-04-16T07:51:54.035Z,level_reached,b2f24947-15a3-492f-85ce-3af20d87f6b6,3,1,73157,,,,,,,,,,,,,,,,,,,,,,,,,
S15,7,2030-04-16T07:52:00.000Z,file_cleared,,,,,,,,,,,,,,lab7_dicts.py,337542,16,3,1,,,,,,,,,,,
S10,7,2030-04-16T07:52:00.000Z,question_picker_abandoned,,,,,,,,,,,,,,,,,,,,,preset,selection_status_bar,2,70,,,,,
S24,7,2030-04-16T07:52:10.502Z,post_feedback_edit,b2f24947-15a3-492f-85ce-3af20d87f6b6,,,,,,,,0.47,11,,,,,,,,,,,,,,,,,,,
S17,7,2030-04-16T07:52:44.718Z,diagnostic_resolved,4347a767-6654-4d2f-9565-be2189ac9516,,,,,,,,,,193587,211996,5,,,,,,,,,,,,,,,,
S13,7,2030-04-16T07:53:00.000Z,file_cleared,,,,,,,,,,,,,,lab7_dicts.py,592586,23,5,0,,,,,,,,,,,
S24,7,2030-04-16T07:53:04.909Z,explanation_copied,b2f24947-15a3-492f-85ce-3af20d87f6b6,L2,,,,,,,,,,,,,,,,,,,,,,,,,,,
S22,7,2030-04-16T07:53:12.094Z,explanation_visibility,be0cce3c-5314-4dfd-b2b5-6f1e929ee039,,,,20176,1,,,,,,,,,,,,,,,,,,,,,,,
S17,7,2030-04-16T07:53:31.854Z,explanation_visibility,4347a767-6654-4d2f-9565-be2189ac9516,,,,49691,1,,,,,,,,,,,,,,,,,,,,,,,
S24,7,2030-04-16T07:53:55.055Z,returned_to_code,b2f24947-15a3-492f-85ce-3af20d87f6b6,3,,,,,121020,,,,,,,,,,,,,,,,,,,,,,
S16,7,2030-04-16T07:55:00.000Z,run_finished,,,,,,,,,,,,,,,,,,,0,1,,,,,,,,,
S22,7,2030-04-16T07:55:00.313Z,explanation_visibility,5c72bd5f-c2c5-4b25-b8de-9ade89a30e79,,,,58968,1,,,,,,,,,,,,,,,,,,,,,,,
S22,7,2030-04-16T07:55:02.338Z,diagnostic_resolved,5c72bd5f-c2c5-4b25-b8de-9ade89a30e79,,,,,,,,,,153100,201667,4,,,,,,,,,,,,,,,,
S21,7,2030-04-16T07:55:06.659Z,explanation_visibility,eefe5b51-394e-47fe-a8cf-5f39a6c2a751,,,,307598,1,,,,,,,,,,,,,,,,,,,,,,,
S12,7,2030-04-16T07:55:12.711Z,returned_to_code,845c9f42-324b-49b9-a8ff-036b3ee56499,1,,,,,2058,,,,,,,,,,,,,,,,,,,,,,
S23,7,2030-04-16T07:55:45.020Z,returned_to_code,9c444740-0b50-40ac-8291-f178e8c1dda4,1,,,,,5283,,,,,,,,,,,,,,,,,,,,,,
S21,7,2030-04-16T07:56:00.000Z,file_cleared,,,,,,,,,,,,,,lab7_dicts.py,199101,12,4,2,,,,,,,,,,,
S12,7,2030-04-16T07:56:33.198Z,level_reached,cf585a8d-35f0-437f-a2b9-0919a3af9b13,2,1,46073,,,,,,,,,,,,,,,,,,,,,,,,,
S10,7,2030-04-16T07:56:52.420Z,diagnostic_resolved,d0aec01d-54ab-44e7-a3c9-a32f2194feba,,,,,,,,,,12855,73540,3,,,,,,,,,,,,,,,,
S12,7,2030-04-16T07:56:57.565Z,returned_to_code,cf585a8d-35f0-437f-a2b9-0919a3af9b13,2,,,,,24367,,,,,,,,,,,,,,,,,,,,,,
S12,7,2030-04-16T07:57:04.688Z,explanation_visibility,cf585a8d-35f0-437f-a2b9-0919a3af9b13,,,,26707,1,,,,,,,,,,,,,,,,,,,,,,,
S23,7,2030-04-16T07:57:06.695Z,explanation_visibility,9c444740-0b50-40ac-8291-f178e8c1dda4,,,,37171,0,,,,,,,,,,,,,,,,,,,,,,,
S10,7,2030-04-16T07:57:08.303Z,level_reached,d0aec01d-54ab-44e7-a3c9-a32f2194feba,2,1,28738,,,,,,,,,,,,,,,,,,,,,,,,,
S10,7,2030-04-16T07:57:16.231Z,level_reached,d0aec01d-54ab-44e7-a3c9-a32f2194feba,3,1,36666,,,,,,,,,,,,,,,,,,,,,,,,,
S10,7,2030-04-16T07:57:24.003Z,returned_to_code,d0aec01d-54ab-44e7-a3c9-a32f2194feba,3,,,,,7772,,,,,,,,,,,,,,,,,,,,,,
S07,7,2030-04-16T07:57:37.668Z,returned_to_code,46799422-6df3-42c9-b038-a63378948782,1,,,,,27571,,,,,,,,,,,,,,,,,,,,,,
S17,7,2030-04-16T07:57:39.053Z,returned_to_code,a3263ce2-db11-4694-9375-c5dbff300096,1,,,,,141610,,,,,,,,,,,,,,,,,,,,,,
S22,7,2030-04-16T07:57:40.148Z,level_reached,4d6cb341-91cd-4631-bbbd-a9c94cecbd48,2,1,66768,,,,,,,,,,,,,,,,,,,,,,,,,
S10,7,2030-04-16T07:57:46.221Z,post_feedback_edit,d0aec01d-54ab-44e7-a3c9-a32f2194feba,,,,,,,,0.388,0,,,,,,,,,,,,,,,,,,,
S22,7,2030-04-16T07:58:31.870Z,returned_to_code,4d6cb341-91cd-4631-bbbd-a9c94cecbd48,2,,,,,51722,,,,,,,,,,,,,,,,,,,,,,
S10,7,2030-04-16T07:58:56.132Z,explanation_visibility,d0aec01d-54ab-44e7-a3c9-a32f2194feba,,,,71099,1,,,,,,,,,,,,,,,,,,,,,,,
S10,7,2030-04-16T07:59:00.000Z,file_cleared,,,,,,,,,,,,,,lab7_dicts.py,733411,8,3,0,,,,,,,,,,,
S21,7,2030-04-16T07:59:00.000Z,file_cleared,,,,,,,,,,,,,,lab7_dicts.py,857019,6,1,0,,,,,,,,,,,
S17,7,2030-04-16T07:59:00.000Z,file_cleared,,,,,,,,,,,,,,lab7_dicts.py,381890,10,2,0,,,,,,,,,,,
S17,7,2030-04-16T07:59:07.160Z,explanation_visibility,a3263ce2-db11-4694-9375-c5dbff300096,,,,33703,1,,,,,,,,,,,,,,,,,,,,,,,
S12,7,2030-04-16T07:59:30.269Z,explanation_visibility,845c9f42-324b-49b9-a8ff-036b3ee56499,,,,15780,0,,,,,,,,,,,,,,,,,,,,,,,
S07,7,2030-04-16T07:59:34.657Z,explanation_visibility,46799422-6df3-42c9-b038-a63378948782,,,,97473,1,,,,,,,,,,,,,,,,,,,,,,,
S22,7,2030-04-16T07:59:43.411Z,explanation_visibility,4d6cb341-91cd-4631-bbbd-a9c94cecbd48,,,,108479,1,,,,,,,,,,,,,,,,,,,,,,,
S21,7,2030-04-16T07:59:54.932Z,returned_to_code,d66d2789-4127-47e0-ad45-f84a0de4df66,1,,,,,4454,,,,,,,,,,,,,,,,,,,,,,
S19,7,2030-04-16T08:00:00.000Z,file_cleared,,,,,,,,,,,,,,lab7_dicts.py,629626,14,1,1,,,,,,,,,,,
S14,7,2030-04-16T08:00:00.000Z,file_cleared,,,,,,,,,,,,,,lab7_dicts.py,530626,26,7,4,,,,,,,,,,,
S20,7,2030-04-16T08:00:40.229Z,level_reached,e32085df-7c1c-480a-933a-5fcf55eb66e7,2,1,54711,,,,,,,,,,,,,,,,,,,,,,,,,
S20,7,2030-04-16T08:01:00.000Z,file_cleared,,,,,,,,,,,,,,lab7_dicts.py,388363,3,1,1,,,,,,,,,,,
S20,7,2030-04-16T08:01:06.193Z,level_reached,e32085df-7c1c-480a-933a-5fcf55eb66e7,3,1,80675,,,,,,,,,,,,,,,,,,,,,,,,,
S20,7,2030-04-16T08:01:07.392Z,explanation_visibility,e32085df-7c1c-480a-933a-5fcf55eb66e7,,,,29624,1,,,,,,,,,,,,,,,,,,,,,,,
S20,7,2030-04-16T08:01:19.585Z,post_feedback_edit,e32085df-7c1c-480a-933a-5fcf55eb66e7,,,,,,,,0.456,8,,,,,,,,,,,,,,,,,,,
S20,7,2030-04-16T08:01:28.367Z,returned_to_code,e32085df-7c1c-480a-933a-5fcf55eb66e7,3,,,,,22174,,,,,,,,,,,,,,,,,,,,,,
S22,7,2030-04-16T08:01:33.292Z,diagnostic_resolved,4d6cb341-91cd-4631-bbbd-a9c94cecbd48,,,,,,,,,,299912,348150,7,,,,,,,,,,,,,,,,
S01,7,2030-04-16T08:01:37.026Z,returned_to_code,9863f874-7bce-4f37-8117-c62d33b4ec95,1,,,,,26069,,,,,,,,,,,,,,,,,,,,,,
S20,7,2030-04-16T08:01:59.926Z,diagnostic_resolved,e32085df-7c1c-480a-933a-5fcf55eb66e7,,,,,,,,,,134408,140553,5,,,,,,,,,,,,,,,,
S21,7,2030-04-16T08:02:03.169Z,explanation_visibility,d66d2789-4127-47e0-ad45-f84a0de4df66,,,,64742,1,,,,,,,,,,,,,,,,,,,,,,,
S01,7,2030-04-16T08:02:03.886Z,diagnostic_resolved,9863f874-7bce-4f37-8117-c62d33b4ec95,,,,,,,,,,52929,,,,,,,,,,,,,,,,,,
S14,7,2030-04-16T08:02:13.711Z,level_reached,9a818f7d-1419-4da7-8d8c-106a641ba564,2,1,40575,,,,,,,,,,,,,,,,,,,,,,,,,
S15,7,2030-04-16T08:02:25.606Z,returned_to_code,a82a2194-ded2-4b09-9654-112198dbeedb,1,,,,,21052,,,,,,,,,,,,,,,,,,,,,,
S22,7,2030-04-16T08:02:29.238Z,feedback_abandoned,5c72bd5f-c2c5-4b25-b8de-9ade89a30e79,1,,,,,,timeout,,,,,,,,,,,,,,,,,,,,,
S14,7,2030-04-16T08:02:36.613Z,diagnostic_resolved,9a818f7d-1419-4da7-8d8c-106a641ba564,,,,,,,,,,63477,74309,6,,,,,,,,,,,,,,,,
S14,7,2030-04-16T08:02:48.118Z,level_reached,9a818f7d-1419-4da7-8d8c-106a641ba564,3,1,74982,,,,,,,,,,,,,,,,,,,,,,,,,
S01,7,2030-04-16T08:02:51.831Z,explanation_visibility,9863f874-7bce-4f37-8117-c62d33b4ec95,,,,42551,1,,,,,,,,,,,,,,,,,,,,,,,
S14,7,2030-04-16T08:03:00.365Z,returned_to_code,9a818f7d-1419-4da7-8d8c-106a641ba564,3,,,,,12247,,,,,,,,,,,,,,,,,,,,,,
S23,7,2030-04-16T08:03:12.537Z,returned_to_code,529043ab-6a3f-4f60-bb83-3c2e022a110f,1,,,,,66226,,,,,,,,,,,,,,,,,,,,,,
S14,7,2030-04-16T08:03:26.813Z,explanation_visibility,9a818f7d-1419-4da7-8d8c-106a641ba564,,,,39860,1,,,,,,,,,,,,,,,,,,,,,,,
S17,7,2030-04-16T08:03:34.960Z,returned_to_code,0251a767-8108-4c14-91e0-59ef8d1ba837,1,,,,,14876,,,,,,,,,,,,,,,,,,,,,,
S14,7,2030-04-16T08:03:47.639Z,post_feedback_edit,9a818f7d-1419-4da7-8d8c-106a641ba564,,,,,,,,0.633,1,,,,,,,,,,,,,,,,,,,
S23,7,2030-04-16T08:03:49.003Z,explanation_visibility,529043ab-6a3f-4f60-bb83-3c2e022a110f,,,,28144,1,,,,,,,,,,,,,,,,,,,,,,,
S17,7,2030-04-16T08:04:55.909Z,explanation_visibility,0251a767-8108-4c14-91e0-59ef8d1ba837,,,,69992,1,,,,,,,,,,,,,,,,,,,,,,,
S21,7,2030-04-16T08:05:03.881Z,returned_to_code,d99c6191-fe3f-4d63-9874-c893f984e416,1,,,,,10001,,,,,,,,,,,,,,,,,,,,,,
S21,7,2030-04-16T08:05:23.109Z,explanation_visibility,d99c6191-fe3f-4d63-9874-c893f984e416,,,,17440,1,,,,,,,,,,,,,,,,,,,,,,,
S14,7,2030-04-16T08:05:27.287Z,diagnostic_resolved,99bf53c2-762d-41ff-a99d-24b89881a2ec,,,,,,,,,,6842,46561,5,,,,,,,,,,,,,,,,
S23,7,2030-04-16T08:06:00.000Z,file_cleared,,,,,,,,,,,,,,lab7_dicts.py,669860,14,2,2,,,,,,,,,,,
S04,7,2030-04-16T08:06:00.000Z,file_cleared,,,,,,,,,,,,,,lab7_dicts.py,667396,11,3,0,,,,,,,,,,,
S12,7,2030-04-16T08:06:00.000Z,file_cleared,,,,,,,,,,,,,,lab7_dicts.py,264667,17,3,0,,,,,,,,,,,
S05,7,2030-04-16T08:06:00.000Z,file_cleared,,,,,,,,,,,,,,lab7_dicts.py,247972,12,1,0,,,,,,,,,,,
S21,7,2030-04-16T08:06:00.000Z,question_picker_abandoned,,,,,,,,,,,,,,,,,,,,,preset,selection_keybinding,19,532,,,,,
S14,7,2030-04-16T08:06:01.591Z,level_reached,99bf53c2-762d-41ff-a99d-24b89881a2ec,2,1,41146,,,,,,,,,,,,,,,,,,,,,,,,,
S15,7,2030-04-16T08:06:03.771Z,explanation_visibility,a82a2194-ded2-4b09-9654-112198dbeedb,,,,218888,1,,,,,,,,,,,,,,,,,,,,,,,
S14,7,2030-04-16T08:06:23.331Z,level_reached,99bf53c2-762d-41ff-a99d-24b89881a2ec,3,1,62886,,,,,,,,,,,,,,,,,,,,,,,,,
S14,7,2030-04-16T08:06:23.461Z,explanation_copied,99bf53c2-762d-41ff-a99d-24b89881a2ec,L3,,,,,,,,,,,,,,,,,,,,,,,,,,,
S14,7,2030-04-16T08:06:34.185Z,returned_to_code,99bf53c2-762d-41ff-a99d-24b89881a2ec,3,,,,,10854,,,,,,,,,,,,,,,,,,,,,,
S14,7,2030-04-16T08:06:51.148Z,diagnostic_resolved,1999a261-bc47-40a0-ad68-07dc8bc36bcb,,,,,,,,,,38354,47473,4,,,,,,,,,,,,,,,,
S09,7,2030-04-16T08:07:00.000Z,run_finished,,,,,,,,,,,,,,,,,,,0,1,,,,,,,,,
S14,7,2030-04-16T08:07:01.331Z,level_reached,1999a261-bc47-40a0-ad68-07dc8bc36bcb,2,1,48537,,,,,,,,,,,,,,,,,,,,,,,,,
S14,7,2030-04-16T08:07:13.698Z,returned_to_code,1999a261-bc47-40a0-ad68-07dc8bc36bcb,2,,,,,12367,,,,,,,,,,,,,,,,,,,,,,
S20,7,2030-04-16T08:07:48.496Z,returned_to_code,a3fad3ff-69d1-415b-8528-93f315378aac,1,,,,,28188,,,,,,,,,,,,,,,,,,,,,,
S20,7,2030-04-16T08:08:07.862Z,explanation_visibility,a3fad3ff-69d1-415b-8528-93f315378aac,,,,5581,0,,,,,,,,,,,,,,,,,,,,,,,
S14,7,2030-04-16T08:08:09.837Z,explanation_visibility,1999a261-bc47-40a0-ad68-07dc8bc36bcb,,,,80519,1,,,,,,,,,,,,,,,,,,,,,,,
S14,7,2030-04-16T08:08:11.090Z,level_reached,b583fbef-a12e-489e-9f4a-00e25d240162,2,1,12121,,,,,,,,,,,,,,,,,,,,,,,,,
S14,7,2030-04-16T08:08:44.746Z,returned_to_code,b583fbef-a12e-489e-9f4a-00e25d240162,2,,,,,33656,,,,,,,,,,,,,,,,,,,,,,
S14,7,2030-04-16T08:08:47.562Z,explanation_visibility,b583fbef-a12e-489e-9f4a-00e25d240162,,,,29920,1,,,,,,,,,,,,,,,,,,,,,,,
S10,7,2030-04-16T08:08:57.710Z,level_reached,bdccd5ed-4eaf-44ab-8088-608da9221ef1,2,1,16966,,,,,,,,,,,,,,,,,,,,,,,,,
S10,7,2030-04-16T08:09:35.085Z,level_reached,bdccd5ed-4eaf-44ab-8088-608da9221ef1,3,1,54341,,,,,,,,,,,,,,,,,,,,,,,,,
S10,7,2030-04-16T08:09:59.279Z,explanation_visibility,bdccd5ed-4eaf-44ab-8088-608da9221ef1,,,,28287,1,,,,,,,,,,,,,,,,,,,,,,,
S14,7,2030-04-16T08:10:10.612Z,explanation_visibility,99bf53c2-762d-41ff-a99d-24b89881a2ec,,,,187977,1,,,,,,,,,,,,,,,,,,,,,,,
S10,7,2030-04-16T08:10:16.957Z,returned_to_code,bdccd5ed-4eaf-44ab-8088-608da9221ef1,3,,,,,41872,,,,,,,,,,,,,,,,,,,,,,
S23,7,2030-04-16T08:11:00.000Z,file_cleared,,,,,,,,,,,,,,lab7_dicts.py,201845,11,2,1,,,,,,,,,,,
S09,7,2030-04-16T08:12:46.987Z,returned_to_code,1b6f6ca1-56f8-4147-86e6-07054f37553e,1,,,,,42934,,,,,,,,,,,,,,,,,,,,,,
S22,7,2030-04-16T08:13:00.000Z,file_cleared,,,,,,,,,,,,,,lab7_dicts.py,483477,14,3,0,,,,,,,,,,,
S20,7,2030-04-16T08:13:52.228Z,diagnostic_resolved,a3fad3ff-69d1-415b-8528-93f315378aac,,,,,,,,,,391920,417244,5,,,,,,,,,,,,,,,,
S15,7,2030-04-16T08:13:55.760Z,level_reached,241c57fb-b5a7-45b2-afc3-543e85084d8c,2,1,39056,,,,,,,,,,,,,,,,,,,,,,,,,
S03,7,2030-04-16T08:14:22.767Z,explanation_visibility,ceabc9cf-7b7b-45c0-a243-053d98d90e54,,,,25539,1,,,,,,,,,,,,,,,,,,,,,,,
S15,7,2030-04-16T08:14:26.587Z,level_reached,241c57fb-b5a7-45b2-afc3-543e85084d8c,3,1,69883,,,,,,,,,,,,,,,,,,,,,,,,,
S15,7,2030-04-16T08:14:38.260Z,returned_to_code,241c57fb-b5a7-45b2-afc3-543e85084d8c,3,,,,,11673,,,,,,,,,,,,,,,,,,,,,,
S15,7,2030-04-16T08:14:40.901Z,post_feedback_edit,241c57fb-b5a7-45b2-afc3-543e85084d8c,,,,,,,,0.577,1,,,,,,,,,,,,,,,,,,,
S15,7,2030-04-16T08:14:41.260Z,explanation_visibility,241c57fb-b5a7-45b2-afc3-543e85084d8c,,,,31682,1,,,,,,,,,,,,,,,,,,,,,,,
S09,7,2030-04-16T08:14:50.447Z,explanation_visibility,1b6f6ca1-56f8-4147-86e6-07054f37553e,,,,133352,0,,,,,,,,,,,,,,,,,,,,,,,
S01,7,2030-04-16T08:14:57.889Z,level_reached,54c68694-5e63-4e70-8ee6-2250f0c46eb6,2,1,7946,,,,,,,,,,,,,,,,,,,,,,,,,
S01,7,2030-04-16T08:15:07.396Z,level_reached,54c68694-5e63-4e70-8ee6-2250f0c46eb6,3,1,17453,,,,,,,,,,,,,,,,,,,,,,,,,
S01,7,2030-04-16T08:15:28.472Z,post_feedback_edit,54c68694-5e63-4e70-8ee6-2250f0c46eb6,,,,,,,,0.083,0,,,,,,,,,,,,,,,,,,,
S01,7,2030-04-16T08:15:38.530Z,returned_to_code,54c68694-5e63-4e70-8ee6-2250f0c46eb6,3,,,,,31134,,,,,,,,,,,,,,,,,,,,,,
S01,7,2030-04-16T08:15:41.197Z,diagnostic_resolved,54c68694-5e63-4e70-8ee6-2250f0c46eb6,,,,,,,,,,51254,104856,6,,,,,,,,,,,,,,,,
S15,7,2030-04-16T08:15:43.137Z,diagnostic_resolved,241c57fb-b5a7-45b2-afc3-543e85084d8c,,,,,,,,,,146433,164194,4,,,,,,,,,,,,,,,,
S03,7,2030-04-16T08:15:45.974Z,returned_to_code,df4815da-b875-4c19-9c75-cdd10f67f1a3,1,,,,,9025,,,,,,,,,,,,,,,,,,,,,,
S15,7,2030-04-16T08:15:46.469Z,diagnostic_resolved,a82a2194-ded2-4b09-9654-112198dbeedb,,,,,,,,,,821915,896928,4,,,,,,,,,,,,,,,,
S09,7,2030-04-16T08:16:00.000Z,file_cleared,,,,,,,,,,,,,,lab7_dicts.py,771501,18,3,0,,,,,,,,,,,
S16,7,2030-04-16T08:16:20.693Z,explanation_visibility,8ed461ec-dc83-4b69-9b79-df8d7ed0a5e6,,,,58519,1,,,,,,,,,,,,,,,,,,,,,,,
S01,7,2030-04-16T08:16:22.381Z,explanation_visibility,54c68694-5e63-4e70-8ee6-2250f0c46eb6,,,,41396,1,,,,,,,,,,,,,,,,,,,,,,,
S03,7,2030-04-16T08:16:34.294Z,explanation_visibility,df4815da-b875-4c19-9c75-cdd10f67f1a3,,,,24220,1,,,,,,,,,,,,,,,,,,,,,,,
S24,7,2030-04-16T08:16:45.758Z,returned_to_code,cfc3a54d-2204-4770-b56b-abfcc792aaf8,1,,,,,8702,,,,,,,,,,,,,,,,,,,,,,
S07,7,2030-04-16T08:17:00.000Z,file_cleared,,,,,,,,,,,,,,lab7_dicts.py,496935,16,3,0,,,,,,,,,,,
S03,7,2030-04-16T08:17:24.767Z,returned_to_code,ceabc9cf-7b7b-45c0-a243-053d98d90e54,1,,,,,239048,,,,,,,,,,,,,,,,,,,,,,
S07,7,2030-04-16T08:17:55.082Z,returned_to_code,8366c82e-c3e5-4b49-91a4-2a651995b933,1,,,,,12443,,,,,,,,,,,,,,,,,,,,,,
S24,7,2030-04-16T08:18:39.366Z,explanation_visibility,cfc3a54d-2204-4770-b56b-abfcc792aaf8,,,,22433,1,,,,,,,,,,,,,,,,,,,,,,,
S22,7,2030-04-16T08:19:01.243Z,level_reached,674911b7-c809-4952-a40e-2f137cc310e1,2,1,70009,,,,,,,,,,,,,,,,,,,,,,,,,
S22,7,2030-04-16T08:19:25.916Z,level_reached,674911b7-c809-4952-a40e-2f137cc310e1,3,1,94682,,,,,,,,,,,,,,,,,,,,,,,,,
S22,7,2030-04-16T08:19:31.226Z,returned_to_code,674911b7-c809-4952-a40e-2f137cc310e1,3,,,,,5310,,,,,,,,,,,,,,,,,,,,,,
S15,7,2030-04-16T08:19:46.297Z,explanation_visibility,da84379d-2e52-4a01-b450-c7fca1e66898,,,,41903,0,,,,,,,,,,,,,,,,,,,,,,,
S24,7,2030-04-16T08:19:55.087Z,diagnostic_resolved,cfc3a54d-2204-4770-b56b-abfcc792aaf8,,,,,,,,,,198031,241333,3,,,,,,,,,,,,,,,,
S07,7,2030-04-16T08:20:35.167Z,explanation_visibility,8366c82e-c3e5-4b49-91a4-2a651995b933,,,,93494,1,,,,,,,,,,,,,,,,,,,,,,,
S10,7,2030-04-16T08:20:43.460Z,returned_to_code,7de28f76-6f52-44a1-8f9e-127fd0b34cc1,1,,,,,8582,,,,,,,,,,,,,,,,,,,,,,
S10,7,2030-04-16T08:21:08.817Z,diagnostic_resolved,7de28f76-6f52-44a1-8f9e-127fd0b34cc1,,,,,,,,,,33939,208898,5,,,,,,,,,,,,,,,,
S20,7,2030-04-16T08:22:00.000Z,file_cleared,,,,,,,,,,,,,,lab7_dicts.py,224561,9,4,2,,,,,,,,,,,
S06,7,2030-04-16T08:23:02.665Z,diagnostic_resolved,ad4a862f-bde4-4ca2-a06f-e1224d0d3a4a,,,,,,,,,,32507,65469,0,,,,,,,,,,,,,,,,
S10,7,2030-04-16T08:23:15.532Z,returned_to_code,00395a5f-43c2-4a6c-8aca-2d4ca420d587,1,,,,,10382,,,,,,,,,,,,,,,,,,,,,,
S06,7,2030-04-16T08:23:27.399Z,returned_to_code,3ff8947f-f2cb-442d-b0e4-53091f0f60af,1,,,,,1019,,,,,,,,,,,,,,,,,,,,,,
S22,7,2030-04-16T08:23:39.404Z,returned_to_code,e52acf8c-3cfb-4beb-a95b-6b5a8a80ef1e,1,,,,,11657,,,,,,,,,,,,,,,,,,,,,,
S06,7,2030-04-16T08:23:50.812Z,level_reached,ad4a862f-bde4-4ca2-a06f-e1224d0d3a4a,2,1,80654,,,,,,,,,,,,,,,,,,,,,,,,,
S01,7,2030-04-16T08:24:00.000Z,file_cleared,,,,,,,,,,,,,,lab7_dicts.py,80909,16,3,0,,,,,,,,,,,
S06,7,2030-04-16T08:24:47.604Z,diagnostic_resolved,3ff8947f-f2cb-442d-b0e4-53091f0f60af,,,,,,,,,,81224,149034,3,,,,,,,,,,,,,,,,
S06,7,2030-04-16T08:24:51.515Z,explanation_visibility,ad4a862f-bde4-4ca2-a06f-e1224d0d3a4a,,,,97889,1,,,,,,,,,,,,,,,,,,,,,,,
S16,7,2030-04-16T08:25:02.875Z,feedback_abandoned,8ed461ec-dc83-4b69-9b79-df8d7ed0a5e6,1,,,,,,timeout,,,,,,,,,,,,,,,,,,,,,
S19,7,2030-04-16T08:25:07.409Z,level_reached,dea5fa79-7995-4ee7-8b19-236995ea2465,2,1,35671,,,,,,,,,,,,,,,,,,,,,,,,,
S14,7,2030-04-16T08:25:07.752Z,level_reached,bca0acca-6009-4109-8bc7-4122a9dd3277,2,1,25059,,,,,,,,,,,,,,,,,,,,,,,,,
S06,7,2030-04-16T08:25:10.482Z,explanation_visibility,3ff8947f-f2cb-442d-b0e4-53091f0f60af,,,,56443,1,,,,,,,,,,,,,,,,,,,,,,,
S10,7,2030-04-16T08:25:11.946Z,explanation_visibility,7de28f76-6f52-44a1-8f9e-127fd0b34cc1,,,,244204,1,,,,,,,,,,,,,,,,,,,,,,,
S19,7,2030-04-16T08:25:12.016Z,level_reached,dea5fa79-7995-4ee7-8b19-236995ea2465,3,1,40278,,,,,,,,,,,,,,,,,,,,,,,,,
S14,7,2030-04-16T08:25:21.108Z,level_reached,bca0acca-6009-4109-8bc7-4122a9dd3277,3,1,38415,,,,,,,,,,,,,,,,,,,,,,,,,
S22,7,2030-04-16T08:25:28.270Z,explanation_visibility,e52acf8c-3cfb-4beb-a95b-6b5a8a80ef1e,,,,66431,1,,,,,,,,,,,,,,,,,,,,,,,
S19,7,2030-04-16T08:25:28.710Z,post_feedback_edit,dea5fa79-7995-4ee7-8b19-236995ea2465,,,,,,,,0.291,1,,,,,,,,,,,,,,,,,,,
S14,7,2030-04-16T08:25:48.418Z,post_feedback_edit,bca0acca-6009-4109-8bc7-4122a9dd3277,,,,,,,,0.685,0,,,,,,,,,,,,,,,,,,,
S19,7,2030-04-16T08:25:50.340Z,returned_to_code,dea5fa79-7995-4ee7-8b19-236995ea2465,3,,,,,38324,,,,,,,,,,,,,,,,,,,,,,
S19,7,2030-04-16T08:25:54.597Z,explanation_visibility,dea5fa79-7995-4ee7-8b19-236995ea2465,,,,28707,1,,,,,,,,,,,,,,,,,,,,,,,
S19,7,2030-04-16T08:26:05.585Z,explanation_copied,dea5fa79-7995-4ee7-8b19-236995ea2465,L1,,,,,,,,,,,,,,,,,,,,,,,,,,,
S22,7,2030-04-16T08:26:08.827Z,level_reached,af8c7a80-946a-4950-95ee-0f325d3fbc32,2,1,128746,,,,,,,,,,,,,,,,,,,,,,,,,
S22,7,2030-04-16T08:26:25.991Z,level_reached,af8c7a80-946a-4950-95ee-0f325d3fbc32,3,1,145910,,,,,,,,,,,,,,,,,,,,,,,,,
S22,7,2030-04-16T08:26:40.485Z,explanation_visibility,af8c7a80-946a-4950-95ee-0f325d3fbc32,,,,55748,1,,,,,,,,,,,,,,,,,,,,,,,
S14,7,2030-04-16T08:26:53.534Z,returned_to_code,bca0acca-6009-4109-8bc7-4122a9dd3277,3,,,,,92426,,,,,,,,,,,,,,,,,,,,,,
S14,7,2030-04-16T08:27:05.861Z,fix_undone,bca0acca-6009-4109-8bc7-4122a9dd3277,,,,,,,,,,,,,,,,,,,,,,,,,,,,
S22,7,2030-04-16T08:27:51.077Z,returned_to_code,af8c7a80-946a-4950-95ee-0f325d3fbc32,3,,,,,85086,,,,,,,,,,,,,,,,,,,,,,
S19,7,2030-04-16T08:28:00.000Z,file_cleared,,,,,,,,,,,,,,lab7_dicts.py,78067,13,3,1,,,,,,,,,,,
S22,7,2030-04-16T08:28:37.180Z,returned_to_code,70236da8-70a7-4468-bfe2-0b20699cb5a0,1,,,,,21360,,,,,,,,,,,,,,,,,,,,,,
S15,7,2030-04-16T08:28:49.057Z,feedback_abandoned,da84379d-2e52-4a01-b450-c7fca1e66898,1,,,,,,timeout,,,,,,,,,,,,,,,,,,,,,
S06,7,2030-04-16T08:29:33.259Z,returned_to_code,6d9f87e5-72cc-46f7-9cb9-e377c56680fc,1,,,,,16939,,,,,,,,,,,,,,,,,,,,,,
S19,7,2030-04-16T08:29:37.354Z,diagnostic_resolved,dea5fa79-7995-4ee7-8b19-236995ea2465,,,,,,,,,,305616,314028,4,,,,,,,,,,,,,,,,
S22,7,2030-04-16T08:30:02.373Z,level_reached,3241a09c-53c1-4e60-94ad-6fbb27b851b7,2,1,18945,,,,,,,,,,,,,,,,,,,,,,,,,
S22,7,2030-04-16T08:30:11.722Z,returned_to_code,3241a09c-53c1-4e60-94ad-6fbb27b851b7,2,,,,,9349,,,,,,,,,,,,,,,,,,,,,,
S22,7,2030-04-16T08:30:52.404Z,explanation_visibility,70236da8-70a7-4468-bfe2-0b20699cb5a0,,,,97081,1,,,,,,,,,,,,,,,,,,,,,,,
S09,7,2030-04-16T08:31:00.000Z,file_cleared,,,,,,,,,,,,,,lab7_dicts.py,1535829,11,1,0,,,,,,,,,,,
S06,7,2030-04-16T08:31:36.449Z,explanation_visibility,6d9f87e5-72cc-46f7-9cb9-e377c56680fc,,,,79755,1,,,,,,,,,,,,,,,,,,,,,,,
S22,7,2030-04-16T08:31:46.270Z,explanation_visibility,3241a09c-53c1-4e60-94ad-6fbb27b851b7,,,,30816,1,,,,,,,,,,,,,,,,,,,,,,,
S20,7,2030-04-16T08:31:59.908Z,returned_to_code,57aa8cf0-3e15-4101-9aeb-c9e6f56fbc95,1,,,,,18959,,,,,,,,,,,,,,,,,,,,,,
S20,7,2030-04-16T08:32:00.000Z,file_cleared,,,,,,,,,,,,,,lab7_dicts.py,1106577,7,1,1,,,,,,,,,,,
S12,7,2030-04-16T08:32:00.000Z,file_cleared,,,,,,,,,,,,,,lab7_dicts.py,361554,6,1,1,,,,,,,,,,,
S20,7,2030-04-16T08:33:38.810Z,explanation_visibility,57aa8cf0-3e15-4101-9aeb-c9e6f56fbc95,,,,56393,1,,,,,,,,,,,,,,,,,,,,,,,
S06,7,2030-04-16T08:33:50.812Z,feedback_abandoned,ad4a862f-bde4-4ca2-a06f-e1224d0d3a4a,2,,,,,,timeout,,,,,,,,,,,,,,,,,,,,,
S24,7,2030-04-16T08:33:55.410Z,level_reached,c014e83e-928d-4833-953f-fa5bb6d52144,2,1,38784,,,,,,,,,,,,,,,,,,,,,,,,,
S24,7,2030-04-16T08:34:59.559Z,level_reached,c014e83e-928d-4833-953f-fa5bb6d52144,3,1,102933,,,,,,,,,,,,,,,,,,,,,,,,,
S21,7,2030-04-16T08:35:00.000Z,file_cleared,,,,,,,,,,,,,,lab7_dicts.py,254083,25,5,0,,,,,,,,,,,
S24,7,2030-04-16T08:35:00.850Z,returned_to_code,c014e83e-928d-4833-953f-fa5bb6d52144,3,,,,,1291,,,,,,,,,,,,,,,,,,,,,,
S24,7,2030-04-16T08:35:18.531Z,post_feedback_edit,c014e83e-928d-4833-953f-fa5bb6d52144,,,,,,,,0.512,1,,,,,,,,,,,,,,,,,,,
S24,7,2030-04-16T08:35:25.704Z,explanation_visibility,be636a34-eb2f-4aa6-b340-ddaeb1c09de4,,,,3591,0,,,,,,,,,,,,,,,,,,,,,,,
S24,7,2030-04-16T08:35:27.633Z,explanation_visibility,c014e83e-928d-4833-953f-fa5bb6d52144,,,,24812,0,,,,,,,,,,,,,,,,,,,,,,,
S08,7,2030-04-16T08:37:00.000Z,file_cleared,,,,,,,,,,,,,,lab7_dicts.py,198121,12,1,0,,,,,,,,,,,
S02,7,2030-04-16T08:38:00.000Z,question_picker_abandoned,,,,,,,,,,,,,,,,,,,,,preset,selection_keybinding,18,702,,,,,
S10,7,2030-04-16T08:39:31.403Z,returned_to_code,f44b4a9f-d138-4b36-aa9b-bbe86059bfba,1,,,,,16745,,,,,,,,,,,,,,,,,,,,,,
S19,7,2030-04-16T08:39:48.847Z,returned_to_code,502ff1c3-f40a-4682-9153-da572443cb79,1,,,,,9340,,,,,,,,,,,,,,,,,,,,,,
S10,7,2030-04-16T08:40:00.000Z,question_picker_abandoned,,,,,,,,,,,,,,,,,,,,,preset,selection_codelens,9,333,,,,,
S04,7,2030-04-16T08:40:18.905Z,feedback_abandoned,b0225b55-b307-4aad-af31-32fca549406c,1,,,,,,timeout,,,,,,,,,,,,,,,,,,,,,
S19,7,2030-04-16T08:40:53.482Z,returned_to_code,3e39ca43-0498-4fd3-b937-d0c695cdf91c,1,,,,,63205,,,,,,,,,,,,,,,,,,,,,,
S04,7,2030-04-16T08:41:00.000Z,file_cleared,,,,,,,,,,,,,,lab7_dicts.py,1893529,15,4,0,,,,,,,,,,,
S23,7,2030-04-16T08:41:00.000Z,file_cleared,,,,,,,,,,,,,,lab7_dicts.py,198822,15,5,1,,,,,,,,,,,
S10,7,2030-04-16T08:41:20.126Z,explanation_visibility,f44b4a9f-d138-4b36-aa9b-bbe86059bfba,,,,71914,1,,,,,,,,,,,,,,,,,,,,,,,
S12,7,2030-04-16T08:42:00.000Z,run_finished,,,,,,,,,,,,,,,,,,,0,1,,,,,,,,,
S15,7,2030-04-16T08:42:08.683Z,returned_to_code,63730aeb-8abc-4142-9d87-4c8634c0ef90,1,,,,,4615,,,,,,,,,,,,,,,,,,,,,,
S19,7,2030-04-16T08:42:30.819Z,explanation_visibility,3e39ca43-0498-4fd3-b937-d0c695cdf91c,,,,110214,1,,,,,,,,,,,,,,,,,,,,,,,
S24,7,2030-04-16T08:44:37.835Z,feedback_abandoned,be636a34-eb2f-4aa6-b340-ddaeb1c09de4,1,,,,,,timeout,,,,,,,,,,,,,,,,,,,,,
S02,7,2030-04-16T08:47:00.000Z,file_cleared,,,,,,,,,,,,,,lab7_dicts.py,541752,13,2,0,,,,,,,,,,,
S14,7,2030-04-16T08:47:00.849Z,returned_to_code,27ca51c2-b433-496d-b462-3527b4c28572,1,,,,,6381,,,,,,,,,,,,,,,,,,,,,,
S14,7,2030-04-16T08:47:58.236Z,explanation_visibility,27ca51c2-b433-496d-b462-3527b4c28572,,,,12101,1,,,,,,,,,,,,,,,,,,,,,,,
S19,7,2030-04-16T08:49:39.484Z,explanation_visibility,502ff1c3-f40a-4682-9153-da572443cb79,,,,40454,1,,,,,,,,,,,,,,,,,,,,,,,
S12,7,2030-04-17T17:22:50.522Z,returned_to_code,be9dc791-750d-4865-b6de-aadd9629df62,1,,,,,20946,,,,,,,,,,,,,,,,,,,,,,
S12,7,2030-04-17T17:23:35.443Z,explanation_visibility,be9dc791-750d-4865-b6de-aadd9629df62,,,,39519,1,,,,,,,,,,,,,,,,,,,,,,,
S12,7,2030-04-17T18:01:00.000Z,file_cleared,,,,,,,,,,,,,,hw7.py,1235063,14,3,0,,,,,,,,,,,
S12,7,2030-04-17T18:01:00.000Z,file_cleared,,,,,,,,,,,,,,hw7.py,250572,16,3,0,,,,,,,,,,,
S12,7,2030-04-17T18:03:00.000Z,file_cleared,,,,,,,,,,,,,,hw7.py,576530,20,4,0,,,,,,,,,,,
S12,7,2030-04-17T19:33:00.000Z,file_cleared,,,,,,,,,,,,,,hw7.py,1063802,8,1,0,,,,,,,,,,,
S13,7,2030-04-18T16:25:40.033Z,returned_to_code,bf4d3ce5-149c-40e9-a2c4-e8a4f29ab6a1,1,,,,,4667,,,,,,,,,,,,,,,,,,,,,,
S13,7,2030-04-18T16:26:37.149Z,explanation_visibility,bf4d3ce5-149c-40e9-a2c4-e8a4f29ab6a1,,,,14839,1,,,,,,,,,,,,,,,,,,,,,,,
S13,7,2030-04-18T16:26:49.383Z,diagnostic_resolved,bf4d3ce5-149c-40e9-a2c4-e8a4f29ab6a1,,,,,,,,,,74017,115682,7,,,,,,,,,,,,,,,,
S13,7,2030-04-18T16:31:00.000Z,file_cleared,,,,,,,,,,,,,,hw7.py,640336,7,1,1,,,,,,,,,,,
S13,7,2030-04-18T16:56:23.870Z,explanation_visibility,5914794c-2090-4f13-8b62-1451351c8e37,,,,51754,1,,,,,,,,,,,,,,,,,,,,,,,
S17,7,2030-04-18T17:00:00.000Z,file_cleared,,,,,,,,,,,,,,hw7.py,202283,18,2,2,,,,,,,,,,,
S13,7,2030-04-18T17:05:07.782Z,feedback_abandoned,5914794c-2090-4f13-8b62-1451351c8e37,1,,,,,,timeout,,,,,,,,,,,,,,,,,,,,,
S17,7,2030-04-18T17:17:59.937Z,returned_to_code,51d9e3b3-7fc6-464a-baab-4fb3dd2a92c2,1,,,,,2452,,,,,,,,,,,,,,,,,,,,,,
S17,7,2030-04-18T17:20:48.849Z,returned_to_code,6ca97e2c-0f96-42a2-bc81-af211f4ab4b0,1,,,,,6216,,,,,,,,,,,,,,,,,,,,,,
S17,7,2030-04-18T17:21:56.304Z,explanation_visibility,51d9e3b3-7fc6-464a-baab-4fb3dd2a92c2,,,,181146,1,,,,,,,,,,,,,,,,,,,,,,,
S17,7,2030-04-18T17:24:00.981Z,explanation_visibility,6ca97e2c-0f96-42a2-bc81-af211f4ab4b0,,,,46790,1,,,,,,,,,,,,,,,,,,,,,,,
S12,7,2030-04-19T15:36:00.000Z,file_cleared,,,,,,,,,,,,,,hw7.py,564506,13,3,0,,,,,,,,,,,
S12,7,2030-04-19T15:37:00.000Z,file_cleared,,,,,,,,,,,,,,hw7.py,440816,17,3,0,,,,,,,,,,,
S01,7,2030-04-19T17:19:00.000Z,file_cleared,,,,,,,,,,,,,,hw7.py,376147,13,2,0,,,,,,,,,,,
S01,7,2030-04-19T17:33:00.000Z,file_cleared,,,,,,,,,,,,,,hw7.py,148802,11,2,0,,,,,,,,,,,
S01,7,2030-04-19T17:41:00.000Z,file_cleared,,,,,,,,,,,,,,hw7.py,370641,11,3,0,,,,,,,,,,,
S17,7,2030-04-20T18:13:00.000Z,file_cleared,,,,,,,,,,,,,,hw7.py,345206,14,2,0,,,,,,,,,,,
S19,7,2030-04-20T18:27:00.000Z,question_picker_abandoned,,,,,,,,,,,,,,,,,,,,,preset,selection_keybinding,6,144,,,,,
S17,7,2030-04-20T18:32:00.000Z,file_cleared,,,,,,,,,,,,,,hw7.py,471461,6,1,0,,,,,,,,,,,
S19,7,2030-04-20T18:54:20.734Z,returned_to_code,aae656bc-d103-4afa-952b-5730a923d8a4,1,,,,,40804,,,,,,,,,,,,,,,,,,,,,,
S19,7,2030-04-20T18:54:38.688Z,explanation_visibility,aae656bc-d103-4afa-952b-5730a923d8a4,,,,14368,0,,,,,,,,,,,,,,,,,,,,,,,
S13,7,2030-04-20T19:00:00.000Z,file_cleared,,,,,,,,,,,,,,hw7.py,90514,15,5,0,,,,,,,,,,,
S13,7,2030-04-20T19:02:00.000Z,file_cleared,,,,,,,,,,,,,,hw7.py,850340,16,3,0,,,,,,,,,,,
S13,7,2030-04-20T19:10:00.000Z,file_cleared,,,,,,,,,,,,,,hw7.py,2081599,18,2,0,,,,,,,,,,,
S21,7,2030-04-21T15:17:00.000Z,file_cleared,,,,,,,,,,,,,,hw7.py,646999,7,1,0,,,,,,,,,,,
S21,7,2030-04-21T15:19:00.000Z,file_cleared,,,,,,,,,,,,,,hw7.py,1125240,10,1,0,,,,,,,,,,,
S21,7,2030-04-21T15:21:00.000Z,file_cleared,,,,,,,,,,,,,,hw7.py,332257,22,4,0,,,,,,,,,,,
S21,7,2030-04-21T15:23:00.000Z,file_cleared,,,,,,,,,,,,,,hw7.py,801191,26,7,0,,,,,,,,,,,
S17,7,2030-04-21T16:14:00.000Z,explanation_reopened,51d9e3b3-7fc6-464a-baab-4fb3dd2a92c2,,,,,,,,,,,,,,,,,,,,,,,,,,,,
S19,7,2030-04-21T16:22:00.000Z,explanation_reopened,aae656bc-d103-4afa-952b-5730a923d8a4,,,,,,,,,,,,,,,,,,,,,,,,,,,,
S19,7,2030-04-21T16:31:31.256Z,level_reached,b87fc16c-35d4-4c21-b216-808a4e3170dd,2,1,21580,,,,,,,,,,,,,,,,,,,,,,,,,
S19,7,2030-04-21T16:32:00.170Z,explanation_visibility,662daea0-24e4-4f0f-b44c-90bedfc9a83c,,,,7986,0,,,,,,,,,,,,,,,,,,,,,,,
S19,7,2030-04-21T16:33:25.406Z,explanation_visibility,b87fc16c-35d4-4c21-b216-808a4e3170dd,,,,53840,1,,,,,,,,,,,,,,,,,,,,,,,
S19,7,2030-04-21T16:34:36.602Z,feedback_abandoned,662daea0-24e4-4f0f-b44c-90bedfc9a83c,1,,,,,,timeout,,,,,,,,,,,,,,,,,,,,,
S19,7,2030-04-21T16:41:31.256Z,feedback_abandoned,b87fc16c-35d4-4c21-b216-808a4e3170dd,2,,,,,,timeout,,,,,,,,,,,,,,,,,,,,,
S19,7,2030-04-21T16:50:46.019Z,level_reached,72987130-1c1f-4ed7-8973-43a706c2863b,2,1,37086,,,,,,,,,,,,,,,,,,,,,,,,,
S19,7,2030-04-21T16:51:36.358Z,level_reached,72987130-1c1f-4ed7-8973-43a706c2863b,3,1,87425,,,,,,,,,,,,,,,,,,,,,,,,,
S19,7,2030-04-21T16:52:10.145Z,explanation_visibility,72987130-1c1f-4ed7-8973-43a706c2863b,,,,38532,1,,,,,,,,,,,,,,,,,,,,,,,
S19,7,2030-04-21T16:52:21.679Z,post_feedback_edit,72987130-1c1f-4ed7-8973-43a706c2863b,,,,,,,,0.609,0,,,,,,,,,,,,,,,,,,,
S19,7,2030-04-21T16:52:27.735Z,fix_undone,72987130-1c1f-4ed7-8973-43a706c2863b,,,,,,,,,,,,,,,,,,,,,,,,,,,,
S19,7,2030-04-21T16:59:00.000Z,feedback_abandoned,72987130-1c1f-4ed7-8973-43a706c2863b,3,,,,,,session_end,,,,,,,,,,,,,,,,,,,,,
S16,7,2030-04-21T18:33:00.000Z,file_cleared,,,,,,,,,,,,,,hw7.py,460336,9,1,0,,,,,,,,,,,
S14,8,2030-04-23T07:05:14.563Z,level_reached,b4a1ff35-7f7c-4c78-99db-d58dd95545a2,2,1,31027,,,,,,,,,,,,,,,,,,,,,,,,,
S14,8,2030-04-23T07:05:19.252Z,level_reached,b4a1ff35-7f7c-4c78-99db-d58dd95545a2,3,1,35716,,,,,,,,,,,,,,,,,,,,,,,,,
S14,8,2030-04-23T07:05:31.603Z,post_feedback_edit,b4a1ff35-7f7c-4c78-99db-d58dd95545a2,,,,,,,,0.626,0,,,,,,,,,,,,,,,,,,,
S14,8,2030-04-23T07:05:55.167Z,explanation_copied,b4a1ff35-7f7c-4c78-99db-d58dd95545a2,L3,,,,,,,,,,,,,,,,,,,,,,,,,,,
S14,8,2030-04-23T07:05:57.636Z,explanation_visibility,b4a1ff35-7f7c-4c78-99db-d58dd95545a2,,,,33774,0,,,,,,,,,,,,,,,,,,,,,,,
S14,8,2030-04-23T07:07:31.694Z,returned_to_code,b4a1ff35-7f7c-4c78-99db-d58dd95545a2,3,,,,,132442,,,,,,,,,,,,,,,,,,,,,,
S24,8,2030-04-23T07:09:21.617Z,explanation_visibility,5297f8b9-8c85-4b86-81ed-fc5220714e31,,,,30475,1,,,,,,,,,,,,,,,,,,,,,,,
S19,8,2030-04-23T07:10:00.000Z,explanation_reopened,662daea0-24e4-4f0f-b44c-90bedfc9a83c,,,,,,,,,,,,,,,,,,,,,,,,,,,,
S22,8,2030-04-23T07:10:35.885Z,level_reached,b3a4ed50-534d-4193-912e-121cf92be920,2,1,34283,,,,,,,,,,,,,,,,,,,,,,,,,
S22,8,2030-04-23T07:10:52.095Z,level_reached,b3a4ed50-534d-4193-912e-121cf92be920,3,1,50493,,,,,,,,,,,,,,,,,,,,,,,,,
S22,8,2030-04-23T07:10:57.343Z,post_feedback_edit,b3a4ed50-534d-4193-912e-121cf92be920,,,,,,,,0.854,0,,,,,,,,,,,,,,,,,,,
S08,8,2030-04-23T07:12:00.000Z,explanation_reopened,b59550f5-7b9f-4100-bf96-cd1648f5eb3e,,,,,,,,,,,,,,,,,,,,,,,,,,,,
S22,8,2030-04-23T07:12:39.072Z,returned_to_code,b3a4ed50-534d-4193-912e-121cf92be920,3,,,,,106977,,,,,,,,,,,,,,,,,,,,,,
S23,8,2030-04-23T07:13:14.868Z,returned_to_code,a03a8975-b886-4260-8876-da7ef4215405,1,,,,,37585,,,,,,,,,,,,,,,,,,,,,,
S22,8,2030-04-23T07:13:18.236Z,explanation_visibility,b3a4ed50-534d-4193-912e-121cf92be920,,,,121036,1,,,,,,,,,,,,,,,,,,,,,,,
S23,8,2030-04-23T07:13:29.942Z,explanation_visibility,a03a8975-b886-4260-8876-da7ef4215405,,,,22967,1,,,,,,,,,,,,,,,,,,,,,,,
S18,8,2030-04-23T07:14:00.000Z,file_cleared,,,,,,,,,,,,,,lab8_review.py,1203060,12,3,0,,,,,,,,,,,
S05,8,2030-04-23T07:14:00.000Z,run_finished,,,,,,,,,,,,,,,,,,,1,0,,,,,,,,,
S17,8,2030-04-23T07:16:00.000Z,file_cleared,,,,,,,,,,,,,,lab8_review.py,739709,14,3,3,,,,,,,,,,,
S23,8,2030-04-23T07:16:00.269Z,diagnostic_resolved,a03a8975-b886-4260-8876-da7ef4215405,,,,,,,,,,202986,218614,1,,,,,,,,,,,,,,,,
S19,8,2030-04-23T07:16:46.042Z,returned_to_code,7b206f67-2fb6-416d-a572-fd5fd3d4c4e6,1,,,,,19759,,,,,,,,,,,,,,,,,,,,,,
S03,8,2030-04-23T07:17:00.000Z,explanation_reopened,df4815da-b875-4c19-9c75-cdd10f67f1a3,,,,,,,,,,,,,,,,,,,,,,,,,,,,
S20,8,2030-04-23T07:17:00.000Z,file_cleared,,,,,,,,,,,,,,lab8_review.py,239549,21,2,1,,,,,,,,,,,
S19,8,2030-04-23T07:17:37.994Z,explanation_visibility,7b206f67-2fb6-416d-a572-fd5fd3d4c4e6,,,,12674,1,,,,,,,,,,,,,,,,,,,,,,,
S21,8,2030-04-23T07:17:43.717Z,diagnostic_resolved,1f91b966-eedf-4fac-b8a3-1e829ccec574,,,,,,,,,,54583,94198,5,,,,,,,,,,,,,,,,
S06,8,2030-04-23T07:18:00.000Z,file_cleared,,,,,,,,,,,,,,lab8_review.py,86953,8,1,0,,,,,,,,,,,
S24,8,2030-04-23T07:18:14.204Z,feedback_abandoned,5297f8b9-8c85-4b86-81ed-fc5220714e31,1,,,,,,session_end,,,,,,,,,,,,,,,,,,,,,
S14,8,2030-04-23T07:18:15.537Z,returned_to_code,2ddf868a-2d10-466d-bbe5-44fdf2edd16d,1,,,,,30085,,,,,,,,,,,,,,,,,,,,,,
S21,8,2030-04-23T07:19:03.060Z,explanation_visibility,1f91b966-eedf-4fac-b8a3-1e829ccec574,,,,42804,1,,,,,,,,,,,,,,,,,,,,,,,
S17,8,2030-04-23T07:19:34.178Z,request_failed,,,,,,,,,,,,,,,,,,,,,,,,,backend,rate_limited,781,,
S14,8,2030-04-23T07:20:02.267Z,diagnostic_resolved,2ddf868a-2d10-466d-bbe5-44fdf2edd16d,,,,,,,,,,136815,164087,5,,,,,,,,,,,,,,,,
S22,8,2030-04-23T07:21:00.000Z,explanation_reopened,af8c7a80-946a-4950-95ee-0f325d3fbc32,,,,,,,,,,,,,,,,,,,,,,,,,,,,
S08,8,2030-04-23T07:21:00.000Z,file_cleared,,,,,,,,,,,,,,lab8_review.py,951220,6,1,0,,,,,,,,,,,
S10,8,2030-04-23T07:22:00.000Z,explanation_reopened,00395a5f-43c2-4a6c-8aca-2d4ca420d587,,,,,,,,,,,,,,,,,,,,,,,,,,,,
S01,8,2030-04-23T07:22:54.689Z,explanation_visibility,893f04b0-955f-4e47-9b65-ca472b5f4261,,,,11150,0,,,,,,,,,,,,,,,,,,,,,,,
S07,8,2030-04-23T07:23:00.000Z,file_cleared,,,,,,,,,,,,,,lab8_review.py,159317,31,4,0,,,,,,,,,,,
S22,8,2030-04-23T07:24:00.000Z,explanation_reopened,674911b7-c809-4952-a40e-2f137cc310e1,,,,,,,,,,,,,,,,,,,,,,,,,,,,
S03,8,2030-04-23T07:24:12.738Z,returned_to_code,78eae989-ae50-4e42-9e10-4dbfe90c64d1,1,,,,,51761,,,,,,,,,,,,,,,,,,,,,,
S03,8,2030-04-23T07:24:14.628Z,explanation_visibility,78eae989-ae50-4e42-9e10-4dbfe90c64d1,,,,22600,1,,,,,,,,,,,,,,,,,,,,,,,
S05,8,2030-04-23T07:25:00.000Z,file_cleared,,,,,,,,,,,,,,lab8_review.py,1440823,15,2,0,,,,,,,,,,,
S21,8,2030-04-23T07:26:49.134Z,feedback_abandoned,1f91b966-eedf-4fac-b8a3-1e829ccec574,1,,,,,,timeout,,,,,,,,,,,,,,,,,,,,,
S19,8,2030-04-23T07:27:00.000Z,file_cleared,,,,,,,,,,,,,,lab8_review.py,660294,15,2,0,,,,,,,,,,,
S04,8,2030-04-23T07:27:06.351Z,returned_to_code,0353d8f3-eb03-45f4-9ff3-f1cbbaad5b9f,1,,,,,22315,,,,,,,,,,,,,,,,,,,,,,
S04,8,2030-04-23T07:27:30.993Z,explanation_visibility,0353d8f3-eb03-45f4-9ff3-f1cbbaad5b9f,,,,23274,1,,,,,,,,,,,,,,,,,,,,,,,
S21,8,2030-04-23T07:27:33.518Z,level_reached,111ed7f0-3e1d-4eac-a831-002787d1209f,2,1,14238,,,,,,,,,,,,,,,,,,,,,,,,,
S21,8,2030-04-23T07:27:35.672Z,diagnostic_resolved,111ed7f0-3e1d-4eac-a831-002787d1209f,,,,,,,,,,16392,283912,3,,,,,,,,,,,,,,,,
S07,8,2030-04-23T07:28:00.000Z,explanation_reopened,c5cde69f-1170-4661-b47c-f78242e3aa26,,,,,,,,,,,,,,,,,,,,,,,,,,,,
S20,8,2030-04-23T07:28:00.000Z,file_cleared,,,,,,,,,,,,,,lab8_review.py,545897,13,2,0,,,,,,,,,,,
S13,8,2030-04-23T07:28:00.000Z,file_cleared,,,,,,,,,,,,,,lab8_review.py,195899,16,3,0,,,,,,,,,,,
S24,8,2030-04-23T07:28:00.000Z,run_finished,,,,,,,,,,,,,,,,,,,0,1,,,,,,,,,
S21,8,2030-04-23T07:28:13.318Z,level_reached,111ed7f0-3e1d-4eac-a831-002787d1209f,3,1,54038,,,,,,,,,,,,,,,,,,,,,,,,,
S04,8,2030-04-23T07:28:29.543Z,diagnostic_resolved,0353d8f3-eb03-45f4-9ff3-f1cbbaad5b9f,,,,,,,,,,105507,139185,4,,,,,,,,,,,,,,,,
S02,8,2030-04-23T07:29:00.000Z,file_cleared,,,,,,,,,,,,,,lab8_review.py,161841,11,2,0,,,,,,,,,,,
S25,8,2030-04-23T07:29:00.000Z,file_cleared,,,,,,,,,,,,,,lab8_review.py,780233,13,3,0,,,,,,,,,,,
S22,8,2030-04-23T07:29:48.634Z,diagnostic_resolved,e3ad32fd-a80b-4ec0-85f4-119b3a6dceb8,,,,,,,,,,55445,109691,5,,,,,,,,,,,,,,,,
S14,8,2030-04-23T07:30:06.788Z,level_reached,062a45f6-7672-4096-a5c4-7cfc6e84d2bd,2,1,25794,,,,,,,,,,,,,,,,,,,,,,,,,
S10,8,2030-04-23T07:30:15.756Z,level_reached,54b40060-749c-444f-8f46-2da0efd99923,2,1,14751,,,,,,,,,,,,,,,,,,,,,,,,,
S10,8,2030-04-23T07:30:20.643Z,level_reached,54b40060-749c-444f-8f46-2da0efd99923,3,1,19638,,,,,,,,,,,,,,,,,,,,,,,,,
S10,8,2030-04-23T07:30:25.308Z,returned_to_code,54b40060-749c-444f-8f46-2da0efd99923,3,,,,,4665,,,,,,,,,,,,,,,,,,,,,,
S14,8,2030-04-23T07:30:50.032Z,level_reached,062a45f6-7672-4096-a5c4-7cfc6e84d2bd,3,1,69038,,,,,,,,,,,,,,,,,,,,,,,,,
S02,8,2030-04-23T07:31:00.000Z,file_cleared,,,,,,,,,,,,,,lab8_review.py,149136,17,3,1,,,,,,,,,,,
S14,8,2030-04-23T07:31:05.411Z,post_feedback_edit,062a45f6-7672-4096-a5c4-7cfc6e84d2bd,,,,,,,,0.792,2,,,,,,,,,,,,,,,,,,,
S14,8,2030-04-23T07:31:56.369Z,explanation_visibility,062a45f6-7672-4096-a5c4-7cfc6e84d2bd,,,,66592,1,,,,,,,,,,,,,,,,,,,,,,,
S01,8,2030-04-23T07:32:24.261Z,feedback_abandoned,893f04b0-955f-4e47-9b65-ca472b5f4261,1,,,,,,timeout,,,,,,,,,,,,,,,,,,,,,
S12,8,2030-04-23T07:32:37.144Z,returned_to_code,2542a8b7-062c-4c61-b8ad-5868677a08ae,1,,,,,11491,,,,,,,,,,,,,,,,,,,,,,
S24,8,2030-04-23T07:33:00.000Z,file_cleared,,,,,,,,,,,,,,lab8_review.py,221146,15,3,0,,,,,,,,,,,
S18,8,2030-04-23T07:33:00.000Z,file_cleared,,,,,,,,,,,,,,lab8_review.py,175830,9,1,0,,,,,,,,,,,
S12,8,2030-04-23T07:33:00.000Z,question_picker_abandoned,,,,,,,,,,,,,,,,,,,,,preset,selection_lightbulb,14,266,,,,,
S10,8,2030-04-23T07:33:26.573Z,explanation_visibility,54b40060-749c-444f-8f46-2da0efd99923,,,,56225,0,,,,,,,,,,,,,,,,,,,,,,,
S10,8,2030-04-23T07:34:09.625Z,diagnostic_resolved,54b40060-749c-444f-8f46-2da0efd99923,,,,,,,,,,248620,298184,6,,,,,,,,,,,,,,,,
S22,8,2030-04-23T07:34:11.298Z,explanation_visibility,e3ad32fd-a80b-4ec0-85f4-119b3a6dceb8,,,,39964,1,,,,,,,,,,,,,,,,,,,,,,,
S14,8,2030-04-23T07:34:16.966Z,level_reached,257fccec-c5e1-4f92-ae86-67c3755a046d,2,1,9350,,,,,,,,,,,,,,,,,,,,,,,,,
S14,8,2030-04-23T07:34:17.656Z,diagnostic_resolved,257fccec-c5e1-4f92-ae86-67c3755a046d,,,,,,,,,,10040,20584,2,,,,,,,,,,,,,,,,
S14,8,2030-04-23T07:34:28.774Z,level_reached,257fccec-c5e1-4f92-ae86-67c3755a046d,3,1,21158,,,,,,,,,,,,,,,,,,,,,,,,,
S14,8,2030-04-23T07:34:36.423Z,returned_to_code,257fccec-c5e1-4f92-ae86-67c3755a046d,3,,,,,7649,,,,,,,,,,,,,,,,,,,,,,
S14,8,2030-04-23T07:34:54.202Z,post_feedback_edit,257fccec-c5e1-4f92-ae86-67c3755a046d,,,,,,,,0.796,2,,,,,,,,,,,,,,,,,,,
S17,8,2030-04-23T07:34:55.078Z,returned_to_code,7557d785-0f8e-4b3f-8bc5-42f36d6cdab3,1,,,,,5041,,,,,,,,,,,,,,,,,,,,,,
S19,8,2030-04-23T07:35:00.000Z,file_cleared,,,,,,,,,,,,,,lab8_review.py,1084768,20,3,0,,,,,,,,,,,
S04,8,2030-04-23T07:35:02.258Z,returned_to_code,fa1eceec-64c8-4642-ad3a-c758ee0a77f8,1,,,,,58630,,,,,,,,,,,,,,,,,,,,,,
S04,8,2030-04-23T07:35:04.661Z,explanation_visibility,fa1eceec-64c8-4642-ad3a-c758ee0a77f8,,,,29755,1,,,,,,,,,,,,,,,,,,,,,,,
S21,8,2030-04-23T07:35:35.047Z,returned_to_code,c9056d1a-b432-4d04-91e3-bffbfebe9a92,1,,,,,9760,,,,,,,,,,,,,,,,,,,,,,
S12,8,2030-04-23T07:35:40.834Z,explanation_visibility,2542a8b7-062c-4c61-b8ad-5868677a08ae,,,,129232,1,,,,,,,,,,,,,,,,,,,,,,,
S14,8,2030-04-23T07:36:17.679Z,explanation_visibility,257fccec-c5e1-4f92-ae86-67c3755a046d,,,,14870,0,,,,,,,,,,,,,,,,,,,,,,,
S22,8,2030-04-23T07:36:44.825Z,returned_to_code,27c7efba-fdb9-4152-80d3-29a584a67065,1,,,,,17351,,,,,,,,,,,,,,,,,,,,,,
S17,8,2030-04-23T07:36:45.583Z,diagnostic_resolved,7557d785-0f8e-4b3f-8bc5-42f36d6cdab3,,,,,,,,,,115546,265690,0,,,,,,,,,,,,,,,,
S12,8,2030-04-23T07:36:56.613Z,diagnostic_resolved,2542a8b7-062c-4c61-b8ad-5868677a08ae,,,,,,,,,,270960,295471,2,,,,,,,,,,,,,,,,
S17,8,2030-04-23T07:37:00.000Z,file_cleared,,,,,,,,,,,,,,lab8_review.py,297481,11,2,2,,,,,,,,,,,
S21,8,2030-04-23T07:38:04.324Z,explanation_visibility,c9056d1a-b432-4d04-91e3-bffbfebe9a92,,,,96530,1,,,,,,,,,,,,,,,,,,,,,,,
S22,8,2030-04-23T07:38:07.553Z,diagnostic_resolved,27c7efba-fdb9-4152-80d3-29a584a67065,,,,,,,,,,100079,129301,2,,,,,,,,,,,,,,,,
S21,8,2030-04-23T07:38:13.318Z,feedback_abandoned,111ed7f0-3e1d-4eac-a831-002787d1209f,3,,,,,,session_end,,,,,,,,,,,,,,,,,,,,,
S22,8,2030-04-23T07:38:53.189Z,feedback_abandoned,e3ad32fd-a80b-4ec0-85f4-119b3a6dceb8,1,,,,,,session_end,,,,,,,,,,,,,,,,,,,,,
S12,8,2030-04-23T07:39:42.813Z,returned_to_code,ce452ee2-2af2-43d1-bad4-d751f90c3c0e,1,,,,,7130,,,,,,,,,,,,,,,,,,,,,,
S17,8,2030-04-23T07:40:00.000Z,file_cleared,,,,,,,,,,,,,,lab8_review.py,159497,5,3,2,,,,,,,,,,,
S14,8,2030-04-23T07:40:50.032Z,feedback_abandoned,062a45f6-7672-4096-a5c4-7cfc6e84d2bd,3,,,,,,session_end,,,,,,,,,,,,,,,,,,,,,
S20,8,2030-04-23T07:41:20.635Z,level_reached,6152cfd8-92f0-4767-8d19-bc19cb5a6589,2,1,31112,,,,,,,,,,,,,,,,,,,,,,,,,
S20,8,2030-04-23T07:41:25.534Z,level_reached,6152cfd8-92f0-4767-8d19-bc19cb5a6589,3,1,36011,,,,,,,,,,,,,,,,,,,,,,,,,
S20,8,2030-04-23T07:41:27.361Z,returned_to_code,6152cfd8-92f0-4767-8d19-bc19cb5a6589,3,,,,,1827,,,,,,,,,,,,,,,,,,,,,,
S22,8,2030-04-23T07:41:34.624Z,explanation_visibility,27c7efba-fdb9-4152-80d3-29a584a67065,,,,279005,1,,,,,,,,,,,,,,,,,,,,,,,
S12,8,2030-04-23T07:41:53.414Z,explanation_copied,ce452ee2-2af2-43d1-bad4-d751f90c3c0e,L1,,,,,,,,,,,,,,,,,,,,,,,,,,,
S05,8,2030-04-23T07:42:00.000Z,run_finished,,,,,,,,,,,,,,,,,,,0,1,,,,,,,,,
S05,8,2030-04-23T07:42:00.000Z,run_finished,,,,,,,,,,,,,,,,,,,1,0,,,,,,,,,
S20,8,2030-04-23T07:42:01.320Z,explanation_visibility,6152cfd8-92f0-4767-8d19-bc19cb5a6589,,,,44095,1,,,,,,,,,,,,,,,,,,,,,,,
S20,8,2030-04-23T07:42:31.894Z,post_feedback_edit,6152cfd8-92f0-4767-8d19-bc19cb5a6589,,,,,,,,0.377,0,,,,,,,,,,,,,,,,,,,
S05,8,2030-04-23T07:42:47.264Z,returned_to_code,9a44695f-6792-4f46-8377-70f49f2a5ee7,1,,,,,71263,,,,,,,,,,,,,,,,,,,,,,
S20,8,2030-04-23T07:42:53.157Z,diagnostic_resolved,6152cfd8-92f0-4767-8d19-bc19cb5a6589,,,,,,,,,,123634,239045,7,,,,,,,,,,,,,,,,
S15,8,2030-04-23T07:42:55.980Z,returned_to_code,46d64d0b-1a64-4ece-b0dc-24be213eaf20,1,,,,,54728,,,,,,,,,,,,,,,,,,,,,,
S17,8,2030-04-23T07:42:57.196Z,returned_to_code,7a58c43f-c77c-478b-a255-8d7200691c13,1,,,,,20442,,,,,,,,,,,,,,,,,,,,,,
S12,8,2030-04-23T07:43:00.000Z,question_picker_abandoned,,,,,,,,,,,,,,,,,,,,,preset,selection_codelens,12,456,,,,,
S05,8,2030-04-23T07:43:15.688Z,explanation_visibility,9a44695f-6792-4f46-8377-70f49f2a5ee7,,,,59435,1,,,,,,,,,,,,,,,,,,,,,,,
S17,8,2030-04-23T07:43:40.277Z,diagnostic_resolved,7a58c43f-c77c-478b-a255-8d7200691c13,,,,,,,,,,63523,140406,5,,,,,,,,,,,,,,,,
S12,8,2030-04-23T07:43:54.796Z,explanation_visibility,ce452ee2-2af2-43d1-bad4-d751f90c3c0e,,,,105300,1,,,,,,,,,,,,,,,,,,,,,,,
S12,8,2030-04-23T07:44:00.000Z,file_cleared,,,,,,,,,,,,,,lab8_review.py,317022,19,3,1,,,,,,,,,,,
S22,8,2030-04-23T07:44:50.820Z,level_reached,dcbc41de-b18a-4713-98a2-a2e2ddea77e6,2,1,87435,,,,,,,,,,,,,,,,,,,,,,,,,
S07,8,2030-04-23T07:45:00.000Z,file_cleared,,,,,,,,,,,,,,lab8_review.py,358297,16,3,0,,,,,,,,,,,
S22,8,2030-04-23T07:45:23.064Z,level_reached,dcbc41de-b18a-4713-98a2-a2e2ddea77e6,3,1,119679,,,,,,,,,,,,,,,,,,,,,,,,,
S15,8,2030-04-23T07:45:25.983Z,explanation_visibility,46d64d0b-1a64-4ece-b0dc-24be213eaf20,,,,157378,1,,,,,,,,,,,,,,,,,,,,,,,
S22,8,2030-04-23T07:45:27.393Z,post_feedback_edit,dcbc41de-b18a-4713-98a2-a2e2ddea77e6,,,,,,,,0.916,0,,,,,,,,,,,,,,,,,,,
S22,8,2030-04-23T07:45:37.983Z,diagnostic_resolved,dcbc41de-b18a-4713-98a2-a2e2ddea77e6,,,,,,,,,,134598,329743,6,,,,,,,,,,,,,,,,
S17,8,2030-04-23T07:45:38.099Z,explanation_visibility,7a58c43f-c77c-478b-a255-8d7200691c13,,,,73990,1,,,,,,,,,,,,,,,,,,,,,,,
S22,8,2030-04-23T07:45:42.326Z,returned_to_code,dcbc41de-b18a-4713-98a2-a2e2ddea77e6,3,,,,,19262,,,,,,,,,,,,,,,,,,,,,,
S22,8,2030-04-23T07:45:49.474Z,explanation_copied,dcbc41de-b18a-4713-98a2-a2e2ddea77e6,L3,,,,,,,,,,,,,,,,,,,,,,,,,,,
S17,8,2030-04-23T07:46:00.000Z,file_cleared,,,,,,,,,,,,,,lab8_review.py,117035,21,5,2,,,,,,,,,,,
S25,8,2030-04-23T07:46:00.000Z,file_cleared,,,,,,,,,,,,,,lab8_review.py,425252,10,3,0,,,,,,,,,,,
S03,8,2030-04-23T07:46:00.000Z,file_cleared,,,,,,,,,,,,,,lab8_review.py,188111,11,4,0,,,,,,,,,,,
S21,8,2030-04-23T07:46:00.000Z,run_finished,,,,,,,,,,,,,,,,,,,0,1,,,,,,,,,
S22,8,2030-04-23T07:46:00.223Z,explanation_visibility,dcbc41de-b18a-4713-98a2-a2e2ddea77e6,,,,80978,1,,,,,,,,,,,,,,,,,,,,,,,
S14,8,2030-04-23T07:46:58.703Z,diagnostic_resolved,098d1472-8e39-45a2-bd9a-c5f9c5350fa0,,,,,,,,,,35396,38362,5,,,,,,,,,,,,,,,,
S22,8,2030-04-23T07:47:00.000Z,file_cleared,,,,,,,,,,,,,,lab8_review.py,106784,14,2,2,,,,,,,,,,,
S12,8,2030-04-23T07:47:00.000Z,file_cleared,,,,,,,,,,,,,,lab8_review.py,168091,18,4,1,,,,,,,,,,,
S18,8,2030-04-23T07:47:00.000Z,run_finished,,,,,,,,,,,,,,,,,,,1,0,,,,,,,,,
S22,8,2030-04-23T07:47:16.767Z,returned_to_code,53731252-62a7-4a92-9d07-106125b30570,1,,,,,16003,,,,,,,,,,,,,,,,,,,,,,
S14,8,2030-04-23T07:47:31.184Z,level_reached,098d1472-8e39-45a2-bd9a-c5f9c5350fa0,2,1,67877,,,,,,,,,,,,,,,,,,,,,,,,,
S15,8,2030-04-23T07:47:40.021Z,diagnostic_resolved,46d64d0b-1a64-4ece-b0dc-24be213eaf20,,,,,,,,,,338769,350191,0,,,,,,,,,,,,,,,,
S14,8,2030-04-23T07:48:05.570Z,explanation_visibility,098d1472-8e39-45a2-bd9a-c5f9c5350fa0,,,,38988,1,,,,,,,,,,,,,,,,,,,,,,,
S14,8,2030-04-23T07:48:32.588Z,level_reached,098d1472-8e39-45a2-bd9a-c5f9c5350fa0,3,1,129281,,,,,,,,,,,,,,,,,,,,,,,,,
S14,8,2030-04-23T07:48:35.982Z,returned_to_code,098d1472-8e39-45a2-bd9a-c5f9c5350fa0,3,,,,,3394,,,,,,,,,,,,,,,,,,,,,,
S10,8,2030-04-23T07:48:52.723Z,level_reached,e3cb0610-ac11-4f71-b705-cd67d7ebd7bb,2,1,50383,,,,,,,,,,,,,,,,,,,,,,,,,
S14,8,2030-04-23T07:48:54.157Z,post_feedback_edit,098d1472-8e39-45a2-bd9a-c5f9c5350fa0,,,,,,,,0.525,13,,,,,,,,,,,,,,,,,,,
S22,8,2030-04-23T07:49:00.078Z,diagnostic_resolved,53731252-62a7-4a92-9d07-106125b30570,,,,,,,,,,119314,131097,2,,,,,,,,,,,,,,,,
S10,8,2030-04-23T07:49:20.611Z,level_reached,e3cb0610-ac11-4f71-b705-cd67d7ebd7bb,3,1,78271,,,,,,,,,,,,,,,,,,,,,,,,,
S10,8,2030-04-23T07:49:29.998Z,post_feedback_edit,e3cb0610-ac11-4f71-b705-cd67d7ebd7bb,,,,,,,,0.578,1,,,,,,,,,,,,,,,,,,,
S22,8,2030-04-23T07:49:51.026Z,explanation_visibility,53731252-62a7-4a92-9d07-106125b30570,,,,136602,1,,,,,,,,,,,,,,,,,,,,,,,
S10,8,2030-04-23T07:50:01.930Z,explanation_visibility,e3cb0610-ac11-4f71-b705-cd67d7ebd7bb,,,,85569,0,,,,,,,,,,,,,,,,,,,,,,,
S10,8,2030-04-23T07:52:02.278Z,diagnostic_resolved,e3cb0610-ac11-4f71-b705-cd67d7ebd7bb,,,,,,,,,,239938,324256,3,,,,,,,,,,,,,,,,
S20,8,2030-04-23T07:53:00.000Z,file_cleared,,,,,,,,,,,,,,lab8_review.py,142397,33,6,1,,,,,,,,,,,
S10,8,2030-04-23T07:53:00.000Z,run_finished,,,,,,,,,,,,,,,,,,,0,1,,,,,,,,,
S08,8,2030-04-23T07:54:01.067Z,explanation_visibility,1ac708f4-e86c-4e7f-8424-d91f998fb4a5,,,,8967,0,,,,,,,,,,,,,,,,,,,,,,,
S10,8,2030-04-23T07:55:14.414Z,explanation_visibility,7c3eab21-754a-43ed-83e3-e48610948bd6,,,,11579,0,,,,,,,,,,,,,,,,,,,,,,,
S05,8,2030-04-23T07:55:22.844Z,returned_to_code,37657c4b-3de4-4ff9-854d-1c5c12b0c352,1,,,,,36373,,,,,,,,,,,,,,,,,,,,,,
S14,8,2030-04-23T07:56:10.194Z,level_reached,0515ddc1-2896-4acb-9109-e4e07d8fb103,2,1,15503,,,,,,,,,,,,,,,,,,,,,,,,,
S20,8,2030-04-23T07:56:15.975Z,feedback_abandoned,4918cd7c-56e8-403e-838b-694fed244968,1,,,,,,timeout,,,,,,,,,,,,,,,,,,,,,
S14,8,2030-04-23T07:56:19.561Z,level_reached,0515ddc1-2896-4acb-9109-e4e07d8fb103,3,1,24870,,,,,,,,,,,,,,,,,,,,,,,,,
S14,8,2030-04-23T07:56:30.905Z,returned_to_code,0515ddc1-2896-4acb-9109-e4e07d8fb103,3,,,,,11344,,,,,,,,,,,,,,,,,,,,,,
S05,8,2030-04-23T07:56:47.365Z,explanation_visibility,37657c4b-3de4-4ff9-854d-1c5c12b0c352,,,,40728,1,,,,,,,,,,,,,,,,,,,,,,,
S14,8,2030-04-23T07:56:49.091Z,post_feedback_edit,0515ddc1-2896-4acb-9109-e4e07d8fb103,,,,,,,,0.592,0,,,,,,,,,,,,,,,,,,,
S21,8,2030-04-23T07:57:13.923Z,level_reached,cc860f82-6e4f-4af2-9e6e-4b8015870fad,2,1,81263,,,,,,,,,,,,,,,,,,,,,,,,,
S21,8,2030-04-23T07:57:50.318Z,returned_to_code,cc860f82-6e4f-4af2-9e6e-4b8015870fad,2,,,,,36395,,,,,,,,,,,,,,,,,,,,,,
S23,8,2030-04-23T07:58:00.000Z,file_cleared,,,,,,,,,,,,,,lab8_review.py,386396,8,1,0,,,,,,,,,,,
S15,8,2030-04-23T07:58:00.000Z,file_cleared,,,,,,,,,,,,,,lab8_review.py,543978,19,2,1,,,,,,,,,,,
S14,8,2030-04-23T07:58:03.292Z,diagnostic_resolved,0515ddc1-2896-4acb-9109-e4e07d8fb103,,,,,,,,,,128601,199863,7,,,,,,,,,,,,,,,,
S08,8,2030-04-23T07:58:12.853Z,diagnostic_resolved,1ac708f4-e86c-4e7f-8424-d91f998fb4a5,,,,,,,,,,421381,444973,9,,,,,,,,,,,,,,,,
S21,8,2030-04-23T07:58:15.898Z,explanation_visibility,cc860f82-6e4f-4af2-9e6e-4b8015870fad,,,,92294,1,,,,,,,,,,,,,,,,,,,,,,,
S14,8,2030-04-23T07:58:20.666Z,explanation_visibility,0515ddc1-2896-4acb-9109-e4e07d8fb103,,,,92724,1,,,,,,,,,,,,,,,,,,,,,,,
S10,8,2030-04-23T07:59:20.611Z,feedback_abandoned,e3cb0610-ac11-4f71-b705-cd67d7ebd7bb,3,,,,,,timeout,,,,,,,,,,,,,,,,,,,,,
S09,8,2030-04-23T08:00:00.000Z,file_cleared,,,,,,,,,,,,,,lab8_review.py,955678,9,2,0,,,,,,,,,,,
S04,8,2030-04-23T08:00:00.000Z,question_picker_abandoned,,,,,,,,,,,,,,,,,,,,,preset,selection_codelens,16,624,,,,,
S08,8,2030-04-23T08:01:11.472Z,feedback_abandoned,1ac708f4-e86c-4e7f-8424-d91f998fb4a5,1,,,,,,timeout,,,,,,,,,,,,,,,,,,,,,
S22,8,2030-04-23T08:02:00.000Z,file_cleared,,,,,,,,,,,,,,lab8_review.py,129934,17,6,5,,,,,,,,,,,
S04,8,2030-04-23T08:03:00.000Z,file_cleared,,,,,,,,,,,,,,lab8_review.py,500872,15,5,1,,,,,,,,,,,
S10,8,2030-04-23T08:03:40.260Z,feedback_abandoned,7c3eab21-754a-43ed-83e3-e48610948bd6,1,,,,,,timeout,,,,,,,,,,,,,,,,,,,,,
S12,8,2030-04-23T08:04:00.000Z,file_cleared,,,,,,,,,,,,,,lab8_review.py,506011,32,6,1,,,,,,,,,,,
S05,8,2030-04-23T08:04:41.431Z,returned_to_code,35f4f176-a210-4ec1-a9d7-5f83e023f328,1,,,,,60137,,,,,,,,,,,,,,,,,,,,,,
S08,8,2030-04-23T08:04:57.393Z,returned_to_code,dbd2baa7-6cff-47f8-be0d-f2a033894bb7,1,,,,,24696,,,,,,,,,,,,,,,,,,,,,,
S10,8,2030-04-23T08:05:00.000Z,file_cleared,,,,,,,,,,,,,,lab8_review.py,709684,15,2,2,,,,,,,,,,,
S08,8,2030-04-23T08:05:24.242Z,explanation_copied,dbd2baa7-6cff-47f8-be0d-f2a033894bb7,L2,,,,,,,,,,,,,,,,,,,,,,,,,,,
S08,8,2030-04-23T08:05:50.263Z,diagnostic_resolved,dbd2baa7-6cff-47f8-be0d-f2a033894bb7,,,,,,,,,,77566,108071,9,,,,,,,,,,,,,,,,
S18,8,2030-04-23T08:06:00.000Z,file_cleared,,,,,,,,,,,,,,lab8_review.py,176816,8,2,0,,,,,,,,,,,
S19,8,2030-04-23T08:06:00.000Z,run_finished,,,,,,,,,,,,,,,,,,,0,1,,,,,,,,,
S24,8,2030-04-23T08:06:00.000Z,run_finished,,,,,,,,,,,,,,,,,,,0,1,,,,,,,,,
S08,8,2030-04-23T08:07:02.991Z,explanation_visibility,dbd2baa7-6cff-47f8-be0d-f2a033894bb7,,,,87903,1,,,,,,,,,,,,,,,,,,,,,,,
S03,8,2030-04-23T08:08:00.000Z,file_cleared,,,,,,,,,,,,,,lab8_review.py,945124,14,3,0,,,,,,,,,,,
S20,8,2030-04-23T08:08:00.000Z,run_finished,,,,,,,,,,,,,,,,,,,0,1,,,,,,,,,
S22,8,2030-04-23T08:08:02.080Z,level_reached,38204cca-2243-44d4-ae02-b6ca58a54d9a,2,1,31438,,,,,,,,,,,,,,,,,,,,,,,,,
S22,8,2030-04-23T08:08:13.380Z,level_reached,38204cca-2243-44d4-ae02-b6ca58a54d9a,3,1,42738,,,,,,,,,,,,,,,,,,,,,,,,,
S14,8,2030-04-23T08:08:40.529Z,level_reached,ae15c89e-7edc-4a16-a208-1530c3d2507d,2,1,28532,,,,,,,,,,,,,,,,,,,,,,,,,
S22,8,2030-04-23T08:08:40.560Z,returned_to_code,38204cca-2243-44d4-ae02-b6ca58a54d9a,3,,,,,27180,,,,,,,,,,,,,,,,,,,,,,
S14,8,2030-04-23T08:08:53.088Z,level_reached,ae15c89e-7edc-4a16-a208-1530c3d2507d,3,1,41091,,,,,,,,,,,,,,,,,,,,,,,,,
S04,8,2030-04-23T08:09:00.000Z,file_cleared,,,,,,,,,,,,,,lab8_review.py,1135061,18,2,1,,,,,,,,,,,
S14,8,2030-04-23T08:09:06.380Z,post_feedback_edit,ae15c89e-7edc-4a16-a208-1530c3d2507d,,,,,,,,0.549,0,,,,,,,,,,,,,,,,,,,
S14,8,2030-04-23T08:09:07.699Z,returned_to_code,ae15c89e-7edc-4a16-a208-1530c3d2507d,3,,,,,14611,,,,,,,,,,,,,,,,,,,,,,
S14,8,2030-04-23T08:09:12.380Z,explanation_visibility,ae15c89e-7edc-4a16-a208-1530c3d2507d,,,,33202,1,,,,,,,,,,,,,,,,,,,,,,,
S14,8,2030-04-23T08:09:14.703Z,diagnostic_resolved,ae15c89e-7edc-4a16-a208-1530c3d2507d,,,,,,,,,,62706,191386,1,,,,,,,,,,,,,,,,
S14,8,2030-04-23T08:10:04.556Z,returned_to_code,2a9af918-caa9-4590-9824-d4188392bd85,1,,,,,5977,,,,,,,,,,,,,,,,,,,,,,
S22,8,2030-04-23T08:10:29.566Z,post_feedback_edit,38204cca-2243-44d4-ae02-b6ca58a54d9a,,,,,,,,0.767,0,,,,,,,,,,,,,,,,,,,
S22,8,2030-04-23T08:10:39.179Z,diagnostic_resolved,38204cca-2243-44d4-ae02-b6ca58a54d9a,,,,,,,,,,188537,209472,3,,,,,,,,,,,,,,,,
S17,8,2030-04-23T08:11:21.169Z,explanation_visibility,1ba33ea8-04de-4400-b672-b3c80844a1a0,,,,21961,1,,,,,,,,,,,,,,,,,,,,,,,
S17,8,2030-04-23T08:11:50.549Z,returned_to_code,1ba33ea8-04de-4400-b672-b3c80844a1a0,1,,,,,134142,,,,,,,,,,,,,,,,,,,,,,
S06,8,2030-04-23T08:12:31.956Z,level_reached,41efe92f-fa92-44bc-84fd-faf33233045c,2,1,46902,,,,,,,,,,,,,,,,,,,,,,,,,
S24,8,2030-04-23T08:13:44.146Z,level_reached,38006641-bbce-436e-9c91-7965c1638024,2,1,18868,,,,,,,,,,,,,,,,,,,,,,,,,
S06,8,2030-04-23T08:13:57.558Z,diagnostic_resolved,41efe92f-fa92-44bc-84fd-faf33233045c,,,,,,,,,,132504,173214,4,,,,,,,,,,,,,,,,
S24,8,2030-04-23T08:14:01.357Z,level_reached,38006641-bbce-436e-9c91-7965c1638024,3,1,36079,,,,,,,,,,,,,,,,,,,,,,,,,
S24,8,2030-04-23T08:14:09.838Z,post_feedback_edit,38006641-bbce-436e-9c91-7965c1638024,,,,,,,,0.325,1,,,,,,,,,,,,,,,,,,,
S06,8,2030-04-23T08:14:13.728Z,level_reached,41efe92f-fa92-44bc-84fd-faf33233045c,3,1,148674,,,,,,,,,,,,,,,,,,,,,,,,,
S24,8,2030-04-23T08:14:14.370Z,explanation_visibility,38006641-bbce-436e-9c91-7965c1638024,,,,13437,1,,,,,,,,,,,,,,,,,,,,,,,
S02,8,2030-04-23T08:14:17.996Z,returned_to_code,e96fa0b1-d9fd-4f44-a2be-cd26d5783e47,1,,,,,22474,,,,,,,,,,,,,,,,,,,,,,
S24,8,2030-04-23T08:14:19.626Z,returned_to_code,38006641-bbce-436e-9c91-7965c1638024,3,,,,,18269,,,,,,,,,,,,,,,,,,,,,,
S24,8,2030-04-23T08:14:23.531Z,diagnostic_resolved,38006641-bbce-436e-9c91-7965c1638024,,,,,,,,,,58253,187837,3,,,,,,,,,,,,,,,,
S06,8,2030-04-23T08:14:24.519Z,explanation_visibility,41efe92f-fa92-44bc-84fd-faf33233045c,,,,103245,1,,,,,,,,,,,,,,,,,,,,,,,
S14,8,2030-04-23T08:14:26.897Z,explanation_visibility,2a9af918-caa9-4590-9824-d4188392bd85,,,,183080,1,,,,,,,,,,,,,,,,,,,,,,,
S06,8,2030-04-23T08:14:38.377Z,returned_to_code,41efe92f-fa92-44bc-84fd-faf33233045c,3,,,,,24649,,,,,,,,,,,,,,,,,,,,,,
S07,8,2030-04-23T08:15:00.000Z,file_cleared,,,,,,,,,,,,,,lab8_review.py,248131,12,2,0,,,,,,,,,,,
S02,8,2030-04-23T08:15:03.453Z,explanation_visibility,e96fa0b1-d9fd-4f44-a2be-cd26d5783e47,,,,27722,1,,,,,,,,,,,,,,,,,,,,,,,
S02,8,2030-04-23T08:15:43.408Z,diagnostic_resolved,e96fa0b1-d9fd-4f44-a2be-cd26d5783e47,,,,,,,,,,107886,121855,7,,,,,,,,,,,,,,,,
S04,8,2030-04-23T08:16:00.000Z,file_cleared,,,,,,,,,,,,,,lab8_review.py,196972,11,2,0,,,,,,,,,,,
S23,8,2030-04-23T08:17:42.938Z,returned_to_code,7c781369-726b-4397-9529-1387ff1e12a4,1,,,,,6499,,,,,,,,,,,,,,,,,,,,,,
S19,8,2030-04-23T08:18:00.000Z,file_cleared,,,,,,,,,,,,,,lab8_review.py,214350,16,3,0,,,,,,,,,,,
S17,8,2030-04-23T08:18:00.000Z,run_finished,,,,,,,,,,,,,,,,,,,0,1,,,,,,,,,
S09,8,2030-04-23T08:18:20.680Z,request_failed,,,,,,,,,,,,,,,,,,,,,,,,,backend,provider_error,,,
S15,8,2030-04-23T08:18:27.880Z,returned_to_code,1544c361-ec27-4b52-b64d-ded578e39933,1,,,,,20304,,,,,,,,,,,,,,,,,,,,,,
S25,8,2030-04-23T08:19:00.000Z,file_cleared,,,,,,,,,,,,,,lab8_review.py,322937,17,4,0,,,,,,,,,,,
S12,8,2030-04-23T08:19:00.000Z,file_cleared,,,,,,,,,,,,,,lab8_review.py,648237,16,4,1,,,,,,,,,,,
S06,8,2030-04-23T08:19:00.000Z,run_finished,,,,,,,,,,,,,,,,,,,1,0,,,,,,,,,
S15,8,2030-04-23T08:19:01.134Z,explanation_visibility,1544c361-ec27-4b52-b64d-ded578e39933,,,,27540,1,,,,,,,,,,,,,,,,,,,,,,,
S14,8,2030-04-23T08:20:00.000Z,file_cleared,,,,,,,,,,,,,,lab8_review.py,535761,7,2,2,,,,,,,,,,,
S23,8,2030-04-23T08:20:00.000Z,file_cleared,,,,,,,,,,,,,,lab8_review.py,168598,12,2,1,,,,,,,,,,,
S06,8,2030-04-23T08:20:08.871Z,explanation_visibility,401992c8-36dd-48b0-aa2c-7d362cd6f885,,,,2312,0,,,,,,,,,,,,,,,,,,,,,,,
S24,8,2030-04-23T08:20:27.481Z,level_reached,d96ef78d-06eb-4c03-85e4-157e9df65433,2,1,11810,,,,,,,,,,,,,,,,,,,,,,,,,
S19,8,2030-04-23T08:21:00.000Z,file_cleared,,,,,,,,,,,,,,lab8_review.py,370100,20,3,0,,,,,,,,,,,
S02,8,2030-04-23T08:21:20.329Z,explanation_copied,b95a819a-49db-4a64-a24f-c75ae6439dd4,,,,,,,,,,,,,,,,,,,,,,,,,,,,
S02,8,2030-04-23T08:21:29.220Z,diagnostic_resolved,b95a819a-49db-4a64-a24f-c75ae6439dd4,,,,,,,,,,76296,103437,4,,,,,,,,,,,,,,,,
S05,8,2030-04-23T08:22:00.000Z,file_cleared,,,,,,,,,,,,,,lab8_review.py,133788,18,4,1,,,,,,,,,,,
S12,8,2030-04-23T08:22:00.017Z,returned_to_code,741e1cd6-29c3-4f18-b284-d85f47b9a628,1,,,,,17223,,,,,,,,,,,,,,,,,,,,,,
S12,8,2030-04-23T08:22:16.897Z,explanation_visibility,741e1cd6-29c3-4f18-b284-d85f47b9a628,,,,12341,0,,,,,,,,,,,,,,,,,,,,,,,
S02,8,2030-04-23T08:22:38.042Z,explanation_visibility,b95a819a-49db-4a64-a24f-c75ae6439dd4,,,,107040,1,,,,,,,,,,,,,,,,,,,,,,,
S21,8,2030-04-23T08:22:43.694Z,level_reached,8a8b7660-8c10-4f78-b7e9-8206e379369d,2,1,49246,,,,,,,,,,,,,,,,,,,,,,,,,
S21,8,2030-04-23T08:23:01.199Z,level_reached,8a8b7660-8c10-4f78-b7e9-8206e379369d,3,1,66751,,,,,,,,,,,,,,,,,,,,,,,,,
S21,8,2030-04-23T08:23:12.315Z,post_feedback_edit,8a8b7660-8c10-4f78-b7e9-8206e379369d,,,,,,,,0.66,0,,,,,,,,,,,,,,,,,,,
S23,8,2030-04-23T08:23:30.636Z,explanation_visibility,7c781369-726b-4397-9529-1387ff1e12a4,,,,192089,1,,,,,,,,,,,,,,,,,,,,,,,
S21,8,2030-04-23T08:23:30.764Z,returned_to_code,8a8b7660-8c10-4f78-b7e9-8206e379369d,3,,,,,29565,,,,,,,,,,,,,,,,,,,,,,
S24,8,2030-04-23T08:23:44.708Z,explanation_visibility,d96ef78d-06eb-4c03-85e4-157e9df65433,,,,20781,1,,,,,,,,,,,,,,,,,,,,,,,
S09,8,2030-04-23T08:24:00.000Z,question_picker_abandoned,,,,,,,,,,,,,,,,,,,,,free_text,selection_lightbulb,16,416,,,,,
S21,8,2030-04-23T08:24:26.195Z,explanation_visibility,8a8b7660-8c10-4f78-b7e9-8206e379369d,,,,54754,1,,,,,,,,,,,,,,,,,,,,,,,
S09,8,2030-04-23T08:24:39.738Z,returned_to_code,8bda1190-2161-441a-9705-b56f9a6bf517,1,,,,,110576,,,,,,,,,,,,,,,,,,,,,,
S25,8,2030-04-23T08:24:46.384Z,returned_to_code,2501d27f-76aa-4c45-a3a7-7bad291956f8,1,,,,,34388,,,,,,,,,,,,,,,,,,,,,,
S13,8,2030-04-23T08:25:00.000Z,file_cleared,,,,,,,,,,,,,,lab8_review.py,996869,20,4,0,,,,,,,,,,,
S12,8,2030-04-23T08:25:00.000Z,question_picker_abandoned,,,,,,,,,,,,,,,,,,,,,preset,selection_codelens,7,154,,,,,
S23,8,2030-04-23T08:26:00.000Z,file_cleared,,,,,,,,,,,,,,lab8_review.py,371486,12,2,1,,,,,,,,,,,
S25,8,2030-04-23T08:26:34.523Z,explanation_visibility,2501d27f-76aa-4c45-a3a7-7bad291956f8,,,,32961,1,,,,,,,,,,,,,,,,,,,,,,,
S06,8,2030-04-23T08:26:39.182Z,feedback_abandoned,401992c8-36dd-48b0-aa2c-7d362cd6f885,1,,,,,,session_end,,,,,,,,,,,,,,,,,,,,,
S16,8,2030-04-23T08:27:00.000Z,run_finished,,,,,,,,,,,,,,,,,,,0,1,,,,,,,,,
S06,8,2030-04-23T08:29:00.000Z,file_cleared,,,,,,,,,,,,,,lab8_review.py,407121,18,3,0,,,,,,,,,,,
S05,8,2030-04-23T08:29:53.517Z,returned_to_code,5ed0ff21-c37f-476a-bf21-a5b54b571a13,1,,,,,12108,,,,,,,,,,,,,,,,,,,,,,
S02,8,2030-04-23T08:30:12.924Z,feedback_abandoned,b95a819a-49db-4a64-a24f-c75ae6439dd4,1,,,,,,timeout,,,,,,,,,,,,,,,,,,,,,
S24,8,2030-04-23T08:30:27.481Z,feedback_abandoned,d96ef78d-06eb-4c03-85e4-157e9df65433,2,,,,,,timeout,,,,,,,,,,,,,,,,,,,,,
S12,8,2030-04-23T08:31:31.456Z,returned_to_code,6d574e07-4d3e-4502-9886-11ee11db75f3,1,,,,,50344,,,,,,,,,,,,,,,,,,,,,,
S09,8,2030-04-23T08:32:08.766Z,explanation_visibility,8bda1190-2161-441a-9705-b56f9a6bf517,,,,511603,1,,,,,,,,,,,,,,,,,,,,,,,
S12,8,2030-04-23T08:32:54.596Z,explanation_visibility,6d574e07-4d3e-4502-9886-11ee11db75f3,,,,59152,1,,,,,,,,,,,,,,,,,,,,,,,
S22,8,2030-04-23T08:33:54.357Z,level_reached,016a6f5b-0005-46bd-8cb2-72240bac7ba6,2,1,13598,,,,,,,,,,,,,,,,,,,,,,,,,
S22,8,2030-04-23T08:34:06.138Z,level_reached,016a6f5b-0005-46bd-8cb2-72240bac7ba6,3,1,25379,,,,,,,,,,,,,,,,,,,,,,,,,
S22,8,2030-04-23T08:34:19.454Z,post_feedback_edit,016a6f5b-0005-46bd-8cb2-72240bac7ba6,,,,,,,,0.584,2,,,,,,,,,,,,,,,,,,,
S23,8,2030-04-23T08:34:22.458Z,returned_to_code,1cbf9226-f506-4f30-b904-0f058e6722bf,1,,,,,9800,,,,,,,,,,,,,,,,,,,,,,
S22,8,2030-04-23T08:34:33.690Z,diagnostic_resolved,016a6f5b-0005-46bd-8cb2-72240bac7ba6,,,,,,,,,,52931,111891,1,,,,,,,,,,,,,,,,
S22,8,2030-04-23T08:34:42.745Z,returned_to_code,016a6f5b-0005-46bd-8cb2-72240bac7ba6,3,,,,,36607,,,,,,,,,,,,,,,,,,,,,,
S20,8,2030-04-23T08:36:00.000Z,file_cleared,,,,,,,,,,,,,,lab8_review.py,633161,39,8,1,,,,,,,,,,,
S13,8,2030-04-23T08:36:00.000Z,file_cleared,,,,,,,,,,,,,,lab8_review.py,587591,19,3,0,,,,,,,,,,,
S23,8,2030-04-23T08:36:28.102Z,explanation_visibility,1cbf9226-f506-4f30-b904-0f058e6722bf,,,,86509,1,,,,,,,,,,,,,,,,,,,,,,,
S22,8,2030-04-23T08:36:32.569Z,explanation_visibility,016a6f5b-0005-46bd-8cb2-72240bac7ba6,,,,81270,1,,,,,,,,,,,,,,,,,,,,,,,
S22,8,2030-04-23T08:36:44.827Z,explanation_copied,016a6f5b-0005-46bd-8cb2-72240bac7ba6,L2,,,,,,,,,,,,,,,,,,,,,,,,,,,
S09,8,2030-04-23T08:37:00.000Z,file_cleared,,,,,,,,,,,,,,lab8_review.py,232398,9,2,0,,,,,,,,,,,
S07,8,2030-04-23T08:38:00.000Z,file_cleared,,,,,,,,,,,,,,lab8_review.py,442918,15,3,0,,,,,,,,,,,
S20,8,2030-04-23T08:38:00.000Z,run_finished,,,,,,,,,,,,,,,,,,,0,1,,,,,,,,,
S20,8,2030-04-23T08:38:25.525Z,level_reached,698553dd-d2fb-449b-b735-982532ac30a5,2,1,23932,,,,,,,,,,,,,,,,,,,,,,,,,
S20,8,2030-04-23T08:38:43.873Z,returned_to_code,698553dd-d2fb-449b-b735-982532ac30a5,2,,,,,18348,,,,,,,,,,,,,,,,,,,,,,
S09,8,2030-04-23T08:39:00.000Z,question_picker_abandoned,,,,,,,,,,,,,,,,,,,,,preset,selection_status_bar,1,30,,,,,
S22,8,2030-04-23T08:39:00.000Z,run_finished,,,,,,,,,,,,,,,,,,,0,1,,,,,,,,,
S20,8,2030-04-23T08:39:14.663Z,explanation_visibility,698553dd-d2fb-449b-b735-982532ac30a5,,,,35432,1,,,,,,,,,,,,,,,,,,,,,,,
S06,8,2030-04-23T08:41:39.948Z,explanation_visibility,cc32d29a-f877-4f80-bca5-1886ddfdb34f,,,,183188,1,,,,,,,,,,,,,,,,,,,,,,,
S08,8,2030-04-23T08:44:00.000Z,run_finished,,,,,,,,,,,,,,,,,,,1,0,,,,,,,,,
S03,8,2030-04-23T08:45:00.000Z,file_cleared,,,,,,,,,,,,,,lab8_review.py,273518,16,4,0,,,,,,,,,,,
S22,8,2030-04-23T08:45:42.337Z,level_reached,33b83955-1843-404f-ae87-6dab8c1823ad,2,1,53189,,,,,,,,,,,,,,,,,,,,,,,,,
S22,8,2030-04-23T08:45:50.380Z,level_reached,33b83955-1843-404f-ae87-6dab8c1823ad,3,1,61232,,,,,,,,,,,,,,,,,,,,,,,,,
S22,8,2030-04-23T08:45:57.975Z,returned_to_code,33b83955-1843-404f-ae87-6dab8c1823ad,3,,,,,7595,,,,,,,,,,,,,,,,,,,,,,
S02,8,2030-04-23T08:46:00.000Z,file_cleared,,,,,,,,,,,,,,lab8_review.py,357961,10,3,0,,,,,,,,,,,
S10,8,2030-04-23T08:46:00.000Z,run_finished,,,,,,,,,,,,,,,,,,,1,0,,,,,,,,,
S22,8,2030-04-23T08:46:34.886Z,diagnostic_resolved,33b83955-1843-404f-ae87-6dab8c1823ad,,,,,,,,,,105738,126653,1,,,,,,,,,,,,,,,,
S22,8,2030-04-23T08:47:01.164Z,post_feedback_edit,33b83955-1843-404f-ae87-6dab8c1823ad,,,,,,,,0.656,1,,,,,,,,,,,,,,,,,,,
S22,8,2030-04-23T08:47:01.615Z,explanation_visibility,33b83955-1843-404f-ae87-6dab8c1823ad,,,,61279,1,,,,,,,,,,,,,,,,,,,,,,,
S06,8,2030-04-23T08:47:41.783Z,feedback_abandoned,cc32d29a-f877-4f80-bca5-1886ddfdb34f,1,,,,,,session_end,,,,,,,,,,,,,,,,,,,,,
S22,8,2030-04-23T08:47:47.519Z,fix_undone,33b83955-1843-404f-ae87-6dab8c1823ad,,,,,,,,,,,,,,,,,,,,,,,,,,,,
S13,8,2030-04-24T14:34:00.000Z,run_finished,,,,,,,,,,,,,,,,,,,0,1,,,,,,,,,
S13,8,2030-04-24T14:45:00.000Z,file_cleared,,,,,,,,,,,,,,hw8.py,319481,8,2,0,,,,,,,,,,,
S14,8,2030-04-24T20:09:42.645Z,level_reached,21fb07c7-d9a1-4083-a04d-494169e74528,2,1,48725,,,,,,,,,,,,,,,,,,,,,,,,,
S14,8,2030-04-24T20:09:51.957Z,level_reached,21fb07c7-d9a1-4083-a04d-494169e74528,3,1,58037,,,,,,,,,,,,,,,,,,,,,,,,,
S14,8,2030-04-24T20:10:20.765Z,level_reached,c190e042-969c-40d4-a203-7c95519f22bb,2,1,5755,,,,,,,,,,,,,,,,,,,,,,,,,
S14,8,2030-04-24T20:10:25.163Z,returned_to_code,21fb07c7-d9a1-4083-a04d-494169e74528,3,,,,,33206,,,,,,,,,,,,,,,,,,,,,,
S14,8,2030-04-24T20:10:59.622Z,level_reached,c190e042-969c-40d4-a203-7c95519f22bb,3,1,44612,,,,,,,,,,,,,,,,,,,,,,,,,
S14,8,2030-04-24T20:11:05.944Z,post_feedback_edit,c190e042-969c-40d4-a203-7c95519f22bb,,,,,,,,0.672,0,,,,,,,,,,,,,,,,,,,
S14,8,2030-04-24T20:11:14.148Z,explanation_visibility,21fb07c7-d9a1-4083-a04d-494169e74528,,,,59632,0,,,,,,,,,,,,,,,,,,,,,,,
S14,8,2030-04-24T20:11:52.261Z,diagnostic_resolved,c190e042-969c-40d4-a203-7c95519f22bb,,,,,,,,,,97251,140522,3,,,,,,,,,,,,,,,,
S14,8,2030-04-24T20:12:29.205Z,explanation_visibility,c190e042-969c-40d4-a203-7c95519f22bb,,,,14679,0,,,,,,,,,,,,,,,,,,,,,,,
S14,8,2030-04-24T20:13:56.217Z,returned_to_code,7b3e048a-8455-4159-bd5d-f6eb2d0e992e,1,,,,,29858,,,,,,,,,,,,,,,,,,,,,,
S14,8,2030-04-24T20:15:25.156Z,explanation_visibility,7b3e048a-8455-4159-bd5d-f6eb2d0e992e,,,,24267,1,,,,,,,,,,,,,,,,,,,,,,,
S14,8,2030-04-24T20:20:59.622Z,feedback_abandoned,c190e042-969c-40d4-a203-7c95519f22bb,3,,,,,,timeout,,,,,,,,,,,,,,,,,,,,,
S14,8,2030-04-24T20:22:18.570Z,level_reached,c12df362-4181-4a1c-9998-fb211fa34a6b,2,1,19768,,,,,,,,,,,,,,,,,,,,,,,,,
S14,8,2030-04-24T20:22:39.396Z,level_reached,c12df362-4181-4a1c-9998-fb211fa34a6b,3,1,40594,,,,,,,,,,,,,,,,,,,,,,,,,
S14,8,2030-04-24T20:23:04.413Z,post_feedback_edit,c12df362-4181-4a1c-9998-fb211fa34a6b,,,,,,,,0.45,0,,,,,,,,,,,,,,,,,,,
S14,8,2030-04-24T20:23:04.761Z,returned_to_code,c12df362-4181-4a1c-9998-fb211fa34a6b,3,,,,,25365,,,,,,,,,,,,,,,,,,,,,,
S14,8,2030-04-24T20:23:40.865Z,explanation_visibility,c12df362-4181-4a1c-9998-fb211fa34a6b,,,,61384,1,,,,,,,,,,,,,,,,,,,,,,,
S14,8,2030-04-24T20:24:04.580Z,diagnostic_resolved,c12df362-4181-4a1c-9998-fb211fa34a6b,,,,,,,,,,125778,169217,3,,,,,,,,,,,,,,,,
S14,8,2030-04-24T20:25:00.000Z,file_cleared,,,,,,,,,,,,,,hw8.py,181167,19,4,4,,,,,,,,,,,
S02,8,2030-04-24T20:30:00.000Z,run_finished,,,,,,,,,,,,,,,,,,,1,0,,,,,,,,,
S02,8,2030-04-24T20:35:15.672Z,level_reached,52494eb4-31b7-4c9a-82e9-cff6b78b01d3,2,1,14372,,,,,,,,,,,,,,,,,,,,,,,,,
S02,8,2030-04-24T20:35:32.783Z,level_reached,52494eb4-31b7-4c9a-82e9-cff6b78b01d3,3,1,31483,,,,,,,,,,,,,,,,,,,,,,,,,
S02,8,2030-04-24T20:36:12.020Z,post_feedback_edit,52494eb4-31b7-4c9a-82e9-cff6b78b01d3,,,,,,,,0.552,1,,,,,,,,,,,,,,,,,,,
S02,8,2030-04-24T20:36:20.588Z,returned_to_code,52494eb4-31b7-4c9a-82e9-cff6b78b01d3,3,,,,,47805,,,,,,,,,,,,,,,,,,,,,,
S14,8,2030-04-24T20:39:06.808Z,level_reached,1a9f726e-41c0-4d28-9d08-32a9ad920c21,2,1,5801,,,,,,,,,,,,,,,,,,,,,,,,,
S14,8,2030-04-24T20:39:29.603Z,level_reached,1a9f726e-41c0-4d28-9d08-32a9ad920c21,3,1,28596,,,,,,,,,,,,,,,,,,,,,,,,,
S14,8,2030-04-24T20:40:08.330Z,returned_to_code,1a9f726e-41c0-4d28-9d08-32a9ad920c21,3,,,,,38727,,,,,,,,,,,,,,,,,,,,,,
S14,8,2030-04-24T20:41:40.458Z,request_failed,,,,,,,,,,,,,,,,,,,,,,,,,backend,provider_error,,,
S14,8,2030-04-24T20:42:53.267Z,explanation_visibility,1a9f726e-41c0-4d28-9d08-32a9ad920c21,,,,172310,1,,,,,,,,,,,,,,,,,,,,,,,
S02,8,2030-04-24T21:01:00.000Z,file_cleared,,,,,,,,,,,,,,hw8.py,465015,11,2,0,,,,,,,,,,,
S19,8,2030-04-25T17:29:57.731Z,level_reached,80529eef-8e6a-4e3e-8e84-e12ccd330ccb,2,1,26078,,,,,,,,,,,,,,,,,,,,,,,,,
S19,8,2030-04-25T17:30:02.849Z,level_reached,80529eef-8e6a-4e3e-8e84-e12ccd330ccb,3,1,31196,,,,,,,,,,,,,,,,,,,,,,,,,
S19,8,2030-04-25T17:30:31.451Z,diagnostic_resolved,80529eef-8e6a-4e3e-8e84-e12ccd330ccb,,,,,,,,,,59798,130108,9,,,,,,,,,,,,,,,,
S19,8,2030-04-25T17:30:54.791Z,returned_to_code,80529eef-8e6a-4e3e-8e84-e12ccd330ccb,3,,,,,51942,,,,,,,,,,,,,,,,,,,,,,
S19,8,2030-04-25T17:31:18.250Z,explanation_visibility,80529eef-8e6a-4e3e-8e84-e12ccd330ccb,,,,98224,1,,,,,,,,,,,,,,,,,,,,,,,
S19,8,2030-04-25T17:33:50.570Z,returned_to_code,821f034b-bc07-463e-9414-e8921443ed92,1,,,,,27429,,,,,,,,,,,,,,,,,,,,,,
S19,8,2030-04-25T17:34:14.967Z,explanation_visibility,821f034b-bc07-463e-9414-e8921443ed92,,,,17071,1,,,,,,,,,,,,,,,,,,,,,,,
S19,8,2030-04-25T17:35:05.421Z,diagnostic_resolved,821f034b-bc07-463e-9414-e8921443ed92,,,,,,,,,,102280,111161,7,,,,,,,,,,,,,,,,
S07,8,2030-04-25T17:47:00.000Z,file_cleared,,,,,,,,,,,,,,hw8.py,384818,8,1,0,,,,,,,,,,,
S14,8,2030-04-25T18:37:44.389Z,explanation_copied,8db43623-4618-4902-adb2-3fbbdd122096,L3,,,,,,,,,,,,,,,,,,,,,,,,,,,
S14,8,2030-04-25T18:37:55.193Z,returned_to_code,cb0a73f5-86b3-413f-9a45-b6a86d013fe3,1,,,,,8880,,,,,,,,,,,,,,,,,,,,,,
S14,8,2030-04-25T18:38:34.703Z,diagnostic_resolved,8db43623-4618-4902-adb2-3fbbdd122096,,,,,,,,,,87361,248453,4,,,,,,,,,,,,,,,,
S14,8,2030-04-25T18:39:37.369Z,explanation_visibility,8db43623-4618-4902-adb2-3fbbdd122096,,,,30706,1,,,,,,,,,,,,,,,,,,,,,,,
S14,8,2030-04-25T18:40:11.276Z,returned_to_code,83bb1e75-9ab5-4ccc-9339-618310df6ff9,1,,,,,17460,,,,,,,,,,,,,,,,,,,,,,
S14,8,2030-04-25T18:40:38.918Z,level_reached,3e33bdd6-898c-4d47-9085-f8697a145083,2,1,17224,,,,,,,,,,,,,,,,,,,,,,,,,
S14,8,2030-04-25T18:40:45.499Z,explanation_visibility,cb0a73f5-86b3-413f-9a45-b6a86d013fe3,,,,136048,1,,,,,,,,,,,,,,,,,,,,,,,
S14,8,2030-04-25T18:40:48.188Z,level_reached,3e33bdd6-898c-4d47-9085-f8697a145083,3,1,26494,,,,,,,,,,,,,,,,,,,,,,,,,
S14,8,2030-04-25T18:41:03.521Z,level_reached,8db43623-4618-4902-adb2-3fbbdd122096,2,1,236179,,,,,,,,,,,,,,,,,,,,,,,,,
S14,8,2030-04-25T18:41:17.947Z,level_reached,8db43623-4618-4902-adb2-3fbbdd122096,3,1,250605,,,,,,,,,,,,,,,,,,,,,,,,,
S14,8,2030-04-25T18:41:23.665Z,explanation_copied,3e33bdd6-898c-4d47-9085-f8697a145083,L3,,,,,,,,,,,,,,,,,,,,,,,,,,,
S14,8,2030-04-25T18:41:30.331Z,returned_to_code,8db43623-4618-4902-adb2-3fbbdd122096,3,,,,,12384,,,,,,,,,,,,,,,,,,,,,,
S14,8,2030-04-25T18:41:40.828Z,post_feedback_edit,8db43623-4618-4902-adb2-3fbbdd122096,,,,,,,,0.503,0,,,,,,,,,,,,,,,,,,,
S14,8,2030-04-25T18:42:46.665Z,explanation_visibility,3e33bdd6-898c-4d47-9085-f8697a145083,,,,72330,1,,,,,,,,,,,,,,,,,,,,,,,
S14,8,2030-04-25T18:43:31.832Z,explanation_visibility,83bb1e75-9ab5-4ccc-9339-618310df6ff9,,,,161911,1,,,,,,,,,,,,,,,,,,,,,,,
S14,8,2030-04-25T18:48:04.076Z,request_failed,,,,,,,,,,,,,,,,,,,,,,,,,backend,provider_error,,,
S14,8,2030-04-25T18:50:48.188Z,feedback_abandoned,3e33bdd6-898c-4d47-9085-f8697a145083,3,,,,,,timeout,,,,,,,,,,,,,,,,,,,,,
S14,8,2030-04-25T18:51:54.856Z,level_reached,4b82d8a7-3c94-47cf-a0e5-bea76e16b75a,2,1,10318,,,,,,,,,,,,,,,,,,,,,,,,,
S14,8,2030-04-25T18:52:13.081Z,level_reached,4b82d8a7-3c94-47cf-a0e5-bea76e16b75a,3,1,28543,,,,,,,,,,,,,,,,,,,,,,,,,
S14,8,2030-04-25T18:52:25.538Z,returned_to_code,4b82d8a7-3c94-47cf-a0e5-bea76e16b75a,3,,,,,12457,,,,,,,,,,,,,,,,,,,,,,
S14,8,2030-04-25T18:52:53.098Z,diagnostic_resolved,4b82d8a7-3c94-47cf-a0e5-bea76e16b75a,,,,,,,,,,68560,73292,3,,,,,,,,,,,,,,,,
S14,8,2030-04-25T19:00:21.555Z,level_reached,db09b3b8-9b65-45d0-a5c2-ab42a1af71e7,2,1,37987,,,,,,,,,,,,,,,,,,,,,,,,,
S14,8,2030-04-25T19:00:23.814Z,explanation_visibility,db09b3b8-9b65-45d0-a5c2-ab42a1af71e7,,,,17345,1,,,,,,,,,,,,,,,,,,,,,,,
S14,8,2030-04-25T19:00:54.226Z,level_reached,db09b3b8-9b65-45d0-a5c2-ab42a1af71e7,3,1,70658,,,,,,,,,,,,,,,,,,,,,,,,,
S14,8,2030-04-25T19:01:04.289Z,post_feedback_edit,db09b3b8-9b65-45d0-a5c2-ab42a1af71e7,,,,,,,,0.494,1,,,,,,,,,,,,,,,,,,,
S14,8,2030-04-25T19:01:04.507Z,returned_to_code,db09b3b8-9b65-45d0-a5c2-ab42a1af71e7,3,,,,,10281,,,,,,,,,,,,,,,,,,,,,,
S14,8,2030-04-25T19:01:26.446Z,explanation_visibility,fe36696e-a85a-40cf-ad74-c49d8f2081b7,,,,101933,1,,,,,,,,,,,,,,,,,,,,,,,
S14,8,2030-04-25T19:08:00.000Z,feedback_abandoned,fe36696e-a85a-40cf-ad74-c49d8f2081b7,1,,,,,,session_end,,,,,,,,,,,,,,,,,,,,,
S08,8,2030-04-26T15:29:51.398Z,diagnostic_resolved,747a3e46-0a36-4a67-8ca9-761174d33075,,,,,,,,,,39875,172581,5,,,,,,,,,,,,,,,,
S08,8,2030-04-26T15:30:01.759Z,returned_to_code,747a3e46-0a36-4a67-8ca9-761174d33075,1,,,,,50236,,,,,,,,,,,,,,,,,,,,,,
S08,8,2030-04-26T15:30:09.719Z,level_reached,dd6c655b-2fe3-45eb-afa6-c7a0f6f28d8f,2,1,26271,,,,,,,,,,,,,,,,,,,,,,,,,
S08,8,2030-04-26T15:30:18.403Z,returned_to_code,dd6c655b-2fe3-45eb-afa6-c7a0f6f28d8f,2,,,,,8684,,,,,,,,,,,,,,,,,,,,,,
S08,8,2030-04-26T15:30:45.862Z,explanation_visibility,747a3e46-0a36-4a67-8ca9-761174d33075,,,,42225,1,,,,,,,,,,,,,,,,,,,,,,,
S08,8,2030-04-26T15:32:48.296Z,diagnostic_resolved,dd6c655b-2fe3-45eb-afa6-c7a0f6f28d8f,,,,,,,,,,184848,212702,8,,,,,,,,,,,,,,,,
S08,8,2030-04-26T15:35:11.838Z,explanation_visibility,dd6c655b-2fe3-45eb-afa6-c7a0f6f28d8f,,,,99756,0,,,,,,,,,,,,,,,,,,,,,,,
S19,8,2030-04-26T16:59:11.239Z,explanation_visibility,c6bad441-8968-4f99-8596-08a4413316cd,,,,15447,0,,,,,,,,,,,,,,,,,,,,,,,
S19,8,2030-04-26T17:04:45.230Z,diagnostic_resolved,c6bad441-8968-4f99-8596-08a4413316cd,,,,,,,,,,446513,468507,2,,,,,,,,,,,,,,,,
S19,8,2030-04-26T17:07:18.717Z,feedback_abandoned,c6bad441-8968-4f99-8596-08a4413316cd,1,,,,,,session_end,,,,,,,,,,,,,,,,,,,,,
S19,8,2030-04-26T17:10:29.586Z,level_reached,e055ef77-e0c3-4d9a-8170-3af288ab0fb8,2,1,15862,,,,,,,,,,,,,,,,,,,,,,,,,
S19,8,2030-04-26T17:10:38.881Z,level_reached,e055ef77-e0c3-4d9a-8170-3af288ab0fb8,3,1,25157,,,,,,,,,,,,,,,,,,,,,,,,,
S19,8,2030-04-26T17:10:55.258Z,returned_to_code,e055ef77-e0c3-4d9a-8170-3af288ab0fb8,3,,,,,16377,,,,,,,,,,,,,,,,,,,,,,
S19,8,2030-04-26T17:11:08.428Z,diagnostic_resolved,e055ef77-e0c3-4d9a-8170-3af288ab0fb8,,,,,,,,,,54704,140523,10,,,,,,,,,,,,,,,,
S19,8,2030-04-26T17:11:28.774Z,post_feedback_edit,e055ef77-e0c3-4d9a-8170-3af288ab0fb8,,,,,,,,0.372,2,,,,,,,,,,,,,,,,,,,
S19,8,2030-04-26T17:11:35.946Z,explanation_copied,e055ef77-e0c3-4d9a-8170-3af288ab0fb8,L3,,,,,,,,,,,,,,,,,,,,,,,,,,,
S19,8,2030-04-26T17:11:46.619Z,explanation_visibility,e055ef77-e0c3-4d9a-8170-3af288ab0fb8,,,,27657,1,,,,,,,,,,,,,,,,,,,,,,,
S19,8,2030-04-26T17:30:00.000Z,file_cleared,,,,,,,,,,,,,,hw8.py,1049170,16,2,1,,,,,,,,,,,
S19,8,2030-04-26T17:33:22.761Z,returned_to_code,cb71f545-fca4-4f66-8598-9a480ab656a7,1,,,,,13979,,,,,,,,,,,,,,,,,,,,,,
S19,8,2030-04-26T17:35:17.519Z,explanation_visibility,cb71f545-fca4-4f66-8598-9a480ab656a7,,,,41339,1,,,,,,,,,,,,,,,,,,,,,,,
S19,8,2030-04-26T17:38:00.000Z,file_cleared,,,,,,,,,,,,,,hw8.py,334635,5,2,0,,,,,,,,,,,
S07,8,2030-04-27T18:12:57.748Z,returned_to_code,053b9ca2-80db-46d6-9ad9-3279910345ac,1,,,,,84898,,,,,,,,,,,,,,,,,,,,,,
S07,8,2030-04-27T18:14:09.344Z,explanation_visibility,053b9ca2-80db-46d6-9ad9-3279910345ac,,,,70022,1,,,,,,,,,,,,,,,,,,,,,,,
S07,8,2030-04-27T18:14:35.127Z,diagnostic_resolved,053b9ca2-80db-46d6-9ad9-3279910345ac,,,,,,,,,,182277,197632,6,,,,,,,,,,,,,,,,
S07,8,2030-04-27T18:56:00.000Z,file_cleared,,,,,,,,,,,,,,hw8.py,1566798,14,3,1,,,,,,,,,,,
S07,8,2030-04-27T18:59:53.671Z,returned_to_code,7184ab35-9eff-401f-a234-32bc799d360e,1,,,,,19595,,,,,,,,,,,,,,,,,,,,,,
S07,8,2030-04-27T19:01:34.823Z,explanation_copied,7184ab35-9eff-401f-a234-32bc799d360e,,,,,,,,,,,,,,,,,,,,,,,,,,,,
S07,8,2030-04-27T19:01:40.538Z,explanation_visibility,7184ab35-9eff-401f-a234-32bc799d360e,,,,71808,1,,,,,,,,,,,,,,,,,,,,,,,
S12,8,2030-04-28T18:42:00.000Z,explanation_reopened,2542a8b7-062c-4c61-b8ad-5868677a08ae,,,,,,,,,,,,,,,,,,,,,,,,,,,,
S12,8,2030-04-28T18:48:30.378Z,returned_to_code,c7961f9e-256d-41ae-bfdb-a34440abb190,1,,,,,12682,,,,,,,,,,,,,,,,,,,,,,
S12,8,2030-04-28T18:51:00.000Z,question_picker_abandoned,,,,,,,,,,,,,,,,,,,,,preset,selection_lightbulb,18,414,,,,,
S12,8,2030-04-28T18:51:40.925Z,explanation_visibility,c7961f9e-256d-41ae-bfdb-a34440abb190,,,,114583,1,,,,,,,,,,,,,,,,,,,,,,,
S12,8,2030-04-28T19:01:00.790Z,returned_to_code,d9df85a5-2814-492e-8de1-6a7743dc5006,1,,,,,35923,,,,,,,,,,,,,,,,,,,,,,
S12,8,2030-04-28T19:01:33.429Z,explanation_visibility,d9df85a5-2814-492e-8de1-6a7743dc5006,,,,47862,1,,,,,,,,,,,,,,,,,,,,,,,
S12,8,2030-04-28T19:13:00.000Z,file_cleared,,,,,,,,,,,,,,hw8.py,375768,14,2,0,,,,,,,,,,,
S12,8,2030-04-28T19:16:14.591Z,level_reached,e409c221-4dc4-4c22-8fec-9b8e35c4ddfb,2,1,20238,,,,,,,,,,,,,,,,,,,,,,,,,
S12,8,2030-04-28T19:16:20.023Z,returned_to_code,e409c221-4dc4-4c22-8fec-9b8e35c4ddfb,2,,,,,5432,,,,,,,,,,,,,,,,,,,,,,
S12,8,2030-04-28T19:18:00.000Z,run_finished,,,,,,,,,,,,,,,,,,,0,1,,,,,,,,,
S12,8,2030-04-28T19:20:08.490Z,explanation_visibility,e409c221-4dc4-4c22-8fec-9b8e35c4ddfb,,,,183467,1,,,,,,,,,,,,,,,,,,,,,,,
S12,8,2030-04-28T19:24:00.000Z,file_cleared,,,,,,,,,,,,,,hw8.py,331448,13,2,0,,,,,,,,,,,
S12,8,2030-04-28T19:30:00.000Z,file_cleared,,,,,,,,,,,,,,hw8.py,218232,15,3,0,,,,,,,,,,,
